date,VN30 TRI,VNMID TRI,VNSML TRI,VN100 TRI,VNALL TRI,VNDIAMON TRI,VNFINLEA TRI,VNFINSEL TRI
2015-07-24,657.97,689.67,659.75,604.21,607.18,1005.18,1092.3,1064.48
2015-07-27,665.66,699.51,663.83,610.89,613.63,1005.18,1092.3,1064.48
2015-07-28,659.6,693.76,661.62,605.58,608.54,1005.18,1092.3,1064.48
2015-07-29,651.21,688.01,660.09,598.45,601.85,1005.18,1092.3,1064.48
2015-07-30,651.7,690.62,661.82,599.25,602.62,1005.18,1092.3,1064.48
2015-07-31,647.36,685.96,663.47,595.37,599.17,1005.18,1092.3,1064.48
2015-08-03,636.92,676.12,657.39,586.45,590.49,1005.18,1092.3,1064.48
2015-08-04,631.27,677.77,658.66,581.86,586.25,1005.18,1092.3,1064.48
2015-08-05,641.55,687.47,671.12,590.89,595.51,1005.18,1092.3,1064.48
2015-08-06,635.73,683.53,669.08,586.27,591.15,1005.18,1092.3,1064.48
2015-08-07,640.62,685.07,668.44,590.64,595.3,1005.18,1092.3,1064.48
2015-08-10,652.25,690.77,671.86,600.63,605.11,1005.18,1092.3,1064.48
2015-08-11,651.74,689.65,669.83,600.01,604.31,1005.18,1092.3,1064.48
2015-08-12,641.08,685.4,666.16,591.65,596.24,1005.18,1092.3,1064.48
2015-08-13,630.88,677.8,658.6,583.42,588.24,1005.18,1092.3,1064.48
2015-08-14,626.94,680.0,660.65,581.0,586.14,1005.18,1092.3,1064.48
2015-08-17,615.29,674.36,653.15,572.11,577.32,1005.18,1092.3,1064.48
2015-08-18,619.71,675.85,653.17,575.48,580.43,1005.18,1092.3,1064.48
2015-08-19,617.65,674.44,650.44,573.15,578.15,1005.18,1092.3,1064.48
2015-08-20,606.81,668.76,646.03,564.4,569.67,1005.18,1092.3,1064.48
2015-08-21,596.27,660.31,638.25,555.43,560.82,1005.18,1092.3,1064.48
2015-08-24,566.94,628.14,615.28,528.7,534.26,1005.18,1092.3,1064.48
2015-08-25,569.05,628.3,610.58,530.38,535.57,1005.18,1092.3,1064.48
2015-08-26,583.31,642.92,623.69,542.86,548.17,1005.18,1092.3,1064.48
2015-08-27,590.04,648.94,632.35,548.75,554.17,1005.18,1092.3,1064.48
2015-08-28,606.58,654.49,633.09,561.91,566.44,1005.18,1092.3,1064.48
2015-08-31,594.83,652.21,628.54,553.03,557.89,1005.18,1092.3,1064.48
2015-09-01,592.17,652.51,630.48,550.87,556.01,1005.18,1092.3,1064.48
2015-09-03,584.02,645.78,631.59,543.9,549.64,1005.18,1092.3,1064.48
2015-09-04,587.27,648.25,635.3,547.17,552.89,1005.18,1092.3,1064.48
2015-09-07,582.51,643.11,633.8,542.39,548.3,1005.18,1092.3,1064.48
2015-09-08,591.91,649.08,640.67,549.77,555.58,1005.18,1092.3,1064.48
2015-09-09,596.31,653.25,643.19,553.56,559.27,1005.18,1092.3,1064.48
2015-09-10,597.17,651.68,644.39,554.22,560.07,1005.18,1092.3,1064.48
2015-09-11,591.82,650.04,643.36,549.81,555.87,1005.18,1092.3,1064.48
2015-09-14,584.75,643.3,638.35,543.54,549.71,1005.18,1092.3,1064.48
2015-09-15,581.16,641.66,636.87,540.57,546.87,1005.18,1092.3,1064.48
2015-09-16,586.5,642.8,637.62,544.75,550.77,1005.18,1092.3,1064.48
2015-09-17,586.4,644.71,637.72,545.13,551.12,1005.18,1092.3,1064.48
2015-09-18,592.55,651.63,642.52,550.2,556.17,1005.18,1092.3,1064.48
2015-09-21,600.41,657.31,647.35,556.99,562.83,1005.18,1092.3,1064.48
2015-09-22,602.77,660.35,645.55,559.45,564.97,1005.18,1092.3,1064.48
2015-09-23,601.19,662.55,647.48,558.41,564.13,1005.18,1092.3,1064.48
2015-09-24,599.35,663.25,649.68,557.1,563.07,1005.18,1092.3,1064.48
2015-09-25,598.02,668.18,651.68,557.11,563.21,1005.18,1092.3,1064.48
2015-09-28,592.23,664.15,649.12,552.72,558.93,1005.18,1092.3,1064.48
2015-09-29,588.73,660.56,646.79,549.2,555.51,1005.18,1092.3,1064.48
2015-09-30,590.09,665.01,649.6,550.98,557.37,1005.18,1092.3,1064.48
2015-10-01,592.13,666.74,646.8,552.86,558.92,1005.18,1092.3,1064.48
2015-10-02,590.51,670.42,651.03,552.16,558.56,1005.18,1092.3,1064.48
2015-10-05,598.63,677.45,656.43,559.26,565.53,1005.18,1092.3,1064.48
2015-10-06,610.01,690.38,666.09,569.2,575.47,1005.18,1092.3,1064.48
2015-10-07,608.48,686.03,661.81,567.44,573.52,1005.18,1092.3,1064.48
2015-10-08,615.08,696.71,668.84,573.85,579.98,1005.18,1092.3,1064.48
2015-10-09,615.78,693.81,668.38,573.74,579.85,1005.18,1092.3,1064.48
2015-10-12,619.8,691.57,669.55,575.98,582.02,1005.18,1092.3,1064.48
2015-10-13,617.24,694.6,673.6,574.81,581.18,1005.18,1092.3,1064.48
2015-10-14,617.79,696.9,673.72,576.13,582.36,1005.18,1092.3,1064.48
2015-10-15,618.18,701.87,676.46,577.06,583.41,1005.18,1092.3,1064.48
2015-10-16,619.99,704.86,677.27,579.15,585.41,1005.18,1092.3,1064.48
2015-10-19,621.66,708.55,678.9,581.69,587.92,1005.18,1092.3,1064.48
2015-10-20,615.75,705.05,677.69,577.05,583.53,1005.18,1092.3,1064.48
2015-10-21,614.51,703.24,680.48,575.89,582.65,1005.18,1092.3,1064.48
2015-10-22,620.19,710.22,688.5,581.33,588.26,1005.18,1092.3,1064.48
2015-10-23,626.59,712.52,688.42,586.87,593.42,1005.18,1092.3,1064.48
2015-10-26,622.66,710.64,686.09,583.55,590.17,1005.18,1092.3,1064.48
2015-10-27,622.01,711.88,689.76,583.55,590.42,1005.18,1092.3,1064.48
2015-10-28,620.09,714.6,695.96,582.74,590.07,1005.18,1092.3,1064.48
2015-10-29,628.56,722.86,702.99,591.14,598.18,1005.18,1092.3,1064.48
2015-10-30,629.78,726.14,699.82,592.24,599.05,1005.18,1092.3,1064.48
2015-11-02,623.66,715.72,688.05,585.95,592.39,1005.18,1092.3,1064.48
2015-11-03,634.76,723.66,693.41,596.07,601.95,1005.18,1092.3,1064.48
2015-11-04,632.22,721.41,689.78,594.02,599.77,1005.18,1092.3,1064.48
2015-11-05,636.66,725.42,693.33,598.35,603.81,1005.18,1092.3,1064.48
2015-11-06,633.57,720.96,690.5,595.64,601.0,1005.18,1092.3,1064.48
2015-11-09,630.28,721.56,692.45,593.14,598.88,1005.18,1092.3,1064.48
2015-11-10,625.31,720.4,691.1,589.5,595.29,1005.18,1092.3,1064.48
2015-11-11,623.43,719.52,687.54,588.28,593.79,1005.18,1092.3,1064.48
2015-11-12,625.64,728.52,689.69,591.46,596.82,1005.18,1092.3,1064.48
2015-11-13,633.74,740.16,693.77,599.9,604.76,1005.18,1092.3,1064.48
2015-11-16,630.48,743.27,691.83,598.43,603.06,1005.18,1092.3,1064.48
2015-11-17,625.64,741.61,695.48,593.92,599.4,1005.18,1092.3,1064.48
2015-11-18,623.46,741.53,697.38,592.16,597.98,1005.18,1092.3,1064.48
2015-11-19,620.2,746.3,697.63,590.36,596.42,1005.18,1092.3,1064.48
2015-11-20,622.35,751.23,703.41,592.82,599.08,1005.18,1092.3,1064.48
2015-11-23,618.04,754.6,706.25,589.69,596.55,1005.18,1092.3,1064.48
2015-11-24,611.2,750.86,705.35,583.56,590.93,1005.18,1092.3,1064.48
2015-11-25,613.71,751.25,709.74,585.62,593.05,1005.18,1092.3,1064.48
2015-11-26,609.0,748.6,704.34,581.54,588.95,1005.18,1092.3,1064.48
2015-11-27,601.41,738.46,697.92,574.53,581.85,1005.18,1092.3,1064.48
2015-11-30,592.6,730.74,689.62,567.62,574.77,1005.18,1092.3,1064.48
2015-12-01,589.67,732.62,688.42,565.75,573.04,1005.18,1092.3,1064.48
2015-12-02,594.64,738.99,695.88,570.31,577.79,1005.18,1092.3,1064.48
2015-12-03,595.95,736.24,695.86,570.88,578.32,1005.18,1092.3,1064.48
2015-12-04,593.64,735.6,694.3,569.12,576.56,1005.18,1092.3,1064.48
2015-12-07,586.04,732.0,694.2,562.97,570.93,1005.18,1092.3,1064.48
2015-12-08,595.73,740.13,698.76,571.66,579.14,1005.18,1092.3,1064.48
2015-12-09,585.23,731.48,693.24,562.57,570.31,1005.18,1092.3,1064.48
2015-12-10,583.15,723.0,687.03,559.54,567.03,1005.18,1092.3,1064.48
2015-12-11,588.76,728.95,688.99,564.27,571.62,1005.18,1092.3,1064.48
2015-12-14,590.2,730.41,689.14,565.3,572.53,1005.18,1092.3,1064.48
2015-12-15,593.11,735.05,692.94,568.44,575.63,1005.18,1092.3,1064.48
2015-12-16,594.83,744.36,695.28,571.51,578.56,1005.18,1092.3,1064.48
2015-12-17,597.38,750.8,700.27,574.2,581.44,1005.18,1092.3,1064.48
2015-12-18,589.62,746.78,699.75,568.16,575.7,1005.18,1092.3,1064.48
2015-12-21,588.48,745.54,695.11,566.74,574.23,1005.18,1092.3,1064.48
2015-12-22,587.61,741.07,695.41,565.44,573.02,1005.18,1092.3,1064.48
2015-12-23,586.24,737.32,693.84,563.95,571.56,1005.18,1092.3,1064.48
2015-12-24,587.51,739.6,695.95,565.73,573.33,1005.18,1092.3,1064.48
2015-12-25,590.17,737.84,692.75,567.98,575.28,1005.18,1092.3,1064.48
2015-12-28,595.17,738.14,686.62,573.16,579.57,1005.18,1092.3,1064.48
2015-12-29,601.57,741.34,692.3,578.38,584.88,1005.18,1092.3,1064.48
2015-12-30,607.05,747.4,695.76,583.07,589.53,1005.18,1092.3,1064.48
2015-12-31,607.84,749.61,702.27,584.11,590.89,1005.18,1092.3,1064.48
2016-01-04,602.06,745.58,700.76,579.61,586.66,1005.18,1092.3,1064.48
2016-01-05,595.64,740.68,697.97,574.25,581.49,1005.18,1092.3,1064.48
2016-01-06,602.12,745.34,701.82,579.69,586.81,1005.18,1092.3,1064.48
2016-01-07,594.29,734.29,692.7,572.74,579.77,1005.18,1092.3,1064.48
2016-01-08,587.82,728.68,680.36,566.98,573.62,1005.18,1092.3,1064.48
2016-01-11,585.53,721.51,676.2,564.1,570.68,1005.18,1092.3,1064.48
2016-01-12,594.38,733.55,684.44,572.33,578.87,1005.18,1092.3,1064.48
2016-01-13,590.54,732.62,681.24,568.99,575.62,1005.18,1092.3,1064.48
2016-01-14,580.89,724.89,674.08,561.13,567.73,1005.18,1092.3,1064.48
2016-01-15,567.2,718.71,670.05,549.94,556.96,1005.18,1092.3,1064.48
2016-01-18,552.32,702.11,656.65,536.73,543.78,1005.18,1092.3,1064.48
2016-01-19,561.62,712.38,664.79,545.16,552.16,1005.18,1092.3,1064.48
2016-01-20,555.45,707.05,662.06,539.86,547.11,1005.18,1092.3,1064.48
2016-01-21,549.62,702.22,655.49,535.16,542.29,1005.18,1092.3,1064.48
2016-01-22,550.48,707.0,657.46,536.31,543.64,1005.18,1092.3,1064.48
2016-01-25,573.77,725.37,675.21,555.87,562.76,1005.18,1092.3,1064.48
2016-01-26,565.94,717.32,668.11,548.6,555.5,1005.18,1092.3,1064.48
2016-01-27,570.49,723.67,672.98,552.91,559.78,1005.18,1092.3,1064.48
2016-01-28,568.33,720.02,669.28,550.92,557.76,1005.18,1092.3,1064.48
2016-01-29,573.18,726.17,675.19,554.97,561.76,1005.18,1092.3,1064.48
2016-02-01,569.48,720.69,671.89,551.65,558.61,1005.18,1092.3,1064.48
2016-02-02,566.53,718.64,668.67,549.27,556.22,1005.18,1092.3,1064.48
2016-02-03,568.0,719.6,670.77,550.81,557.86,1005.18,1092.3,1064.48
2016-02-04,572.79,724.68,675.47,555.17,562.18,1005.18,1092.3,1064.48
2016-02-05,575.6,730.67,682.33,558.31,565.57,1005.18,1092.3,1064.48
2016-02-15,570.72,733.29,684.03,555.43,563.06,1005.18,1092.3,1064.48
2016-02-16,573.91,742.81,690.83,559.7,567.52,1005.18,1092.3,1064.48
2016-02-17,572.66,743.08,693.6,559.21,567.38,1005.18,1092.3,1064.48
2016-02-18,578.53,747.67,698.82,563.96,572.06,1005.18,1092.3,1064.48
2016-02-19,579.2,749.8,699.55,564.44,572.43,1005.18,1092.3,1064.48
2016-02-22,586.2,758.13,704.92,571.0,578.79,1005.18,1092.3,1064.48
2016-02-23,585.6,757.62,704.55,570.63,578.48,1005.18,1092.3,1064.48
2016-02-24,590.79,758.82,706.12,574.29,581.92,1005.18,1092.3,1064.48
2016-02-25,584.82,753.81,701.73,569.07,576.8,1005.18,1092.3,1064.48
2016-02-26,590.1,756.41,707.46,573.1,580.85,1005.18,1092.3,1064.48
2016-02-29,582.9,756.1,708.12,567.58,575.7,1005.18,1092.3,1064.48
2016-03-01,585.28,755.98,712.59,569.4,577.78,1005.18,1092.3,1064.48
2016-03-02,591.59,761.21,719.26,575.24,583.76,1005.18,1092.3,1064.48
2016-03-03,591.53,756.89,719.45,574.47,583.08,1005.18,1092.3,1064.48
2016-03-04,593.4,763.47,724.94,577.26,586.12,1005.18,1092.3,1064.48
2016-03-07,595.1,760.69,723.59,577.69,586.35,1005.18,1092.3,1064.48
2016-03-08,595.04,758.82,723.06,577.55,586.34,1005.18,1092.3,1064.48
2016-03-09,593.72,759.18,723.55,576.83,585.76,1005.18,1092.3,1064.48
2016-03-10,596.29,768.92,732.03,580.33,589.51,1005.18,1092.3,1064.48
2016-03-11,596.41,768.91,733.49,580.67,589.83,1005.18,1092.3,1064.48
2016-03-14,599.68,767.84,738.37,582.54,591.82,1005.18,1092.3,1064.48
2016-03-15,595.52,761.53,733.79,578.5,587.81,1005.18,1092.3,1064.48
2016-03-16,596.31,763.12,736.51,579.29,588.64,1005.18,1092.3,1064.48
2016-03-17,599.05,768.72,739.95,582.43,591.84,1005.18,1092.3,1064.48
2016-03-18,594.43,767.15,740.83,578.7,588.38,1005.18,1092.3,1064.48
2016-03-21,592.39,760.95,737.78,576.06,585.88,1005.18,1092.3,1064.48
2016-03-22,590.37,756.22,742.44,573.64,584.02,1005.18,1092.3,1064.48
2016-03-23,593.06,765.35,747.98,577.39,587.82,1005.18,1092.3,1064.48
2016-03-24,589.7,766.89,745.71,575.62,586.04,1005.18,1092.3,1064.48
2016-03-25,590.65,764.61,744.89,575.96,586.38,1005.18,1092.3,1064.48
2016-03-28,594.87,771.27,752.56,580.53,591.26,1005.18,1092.3,1064.48
2016-03-29,587.51,764.44,751.89,574.17,585.48,1005.18,1092.3,1064.48
2016-03-30,589.5,768.13,754.41,576.55,587.91,1005.18,1092.3,1064.48
2016-03-31,583.96,758.11,748.29,570.73,582.21,1005.18,1092.3,1064.48
2016-04-01,580.47,749.23,745.6,566.69,578.39,1005.18,1092.3,1064.48
2016-04-04,577.86,746.91,742.45,564.44,576.11,1005.18,1092.3,1064.48
2016-04-05,582.68,749.04,745.4,568.48,580.04,1005.18,1092.3,1064.48
2016-04-06,588.78,756.19,747.61,574.08,585.34,1005.18,1092.3,1064.48
2016-04-07,591.72,759.52,753.73,577.08,588.54,1005.18,1092.3,1064.48
2016-04-08,591.4,765.35,759.17,578.32,590.14,1005.18,1092.3,1064.48
2016-04-11,599.38,773.86,767.95,586.44,598.58,1005.18,1092.3,1064.48
2016-04-12,600.08,775.7,768.52,587.78,600.04,1005.18,1092.3,1064.48
2016-04-13,597.18,775.25,769.71,585.6,598.12,1005.18,1092.3,1064.48
2016-04-14,599.39,774.88,776.31,587.19,600.14,1005.18,1092.3,1064.48
2016-04-15,597.61,774.6,774.25,585.92,598.76,1005.18,1092.3,1064.48
2016-04-19,587.99,762.95,762.28,575.86,588.34,1005.18,1092.3,1064.48
2016-04-20,588.61,764.71,757.36,576.38,588.57,1005.18,1092.3,1064.48
2016-04-21,596.19,766.39,763.16,582.35,594.54,1005.18,1092.3,1064.48
2016-04-22,609.1,773.25,771.24,593.67,605.7,1005.18,1092.3,1064.48
2016-04-25,607.85,776.7,774.21,592.56,604.79,1005.18,1092.3,1064.48
2016-04-26,615.12,777.99,776.99,598.33,610.38,1005.18,1092.3,1064.48
2016-04-27,611.19,777.08,777.45,594.93,607.24,1005.18,1092.3,1064.48
2016-04-28,609.35,773.78,775.02,592.66,604.93,1005.18,1092.3,1064.48
2016-04-29,615.1,779.93,781.08,598.02,610.32,1005.18,1092.3,1064.48
2016-05-04,616.45,783.48,786.05,599.5,611.98,1005.18,1092.3,1064.48
2016-05-05,618.62,786.15,784.49,601.62,613.85,1005.18,1092.3,1064.48
2016-05-06,621.55,782.44,779.0,603.3,615.03,1005.18,1092.3,1064.48
2016-05-09,618.31,782.21,771.37,601.17,612.49,1005.18,1092.3,1064.48
2016-05-10,618.64,779.0,768.54,600.62,611.77,1005.18,1092.3,1064.48
2016-05-11,626.21,786.2,774.8,608.02,619.12,1005.18,1092.3,1064.48
2016-05-12,626.29,786.93,775.08,608.07,619.17,1005.18,1092.3,1064.48
2016-05-13,624.17,786.09,770.9,606.28,617.21,1005.18,1092.3,1064.48
2016-05-16,629.49,786.62,766.98,610.78,621.14,1005.18,1092.3,1064.48
2016-05-17,637.43,791.69,772.79,616.89,627.16,1005.18,1092.3,1064.48
2016-05-18,638.44,791.68,771.24,616.9,627.0,1005.18,1092.3,1064.48
2016-05-19,635.59,792.37,775.58,615.08,625.65,1005.18,1092.3,1064.48
2016-05-20,630.75,792.66,781.19,611.29,622.5,1005.18,1092.3,1064.48
2016-05-23,629.46,795.61,781.09,611.22,622.44,1005.18,1092.3,1064.48
2016-05-24,629.63,799.87,783.85,612.09,623.44,1005.18,1092.3,1064.48
2016-05-25,627.7,800.84,785.08,610.81,622.35,1005.18,1092.3,1064.48
2016-05-26,621.98,794.26,782.09,604.9,616.64,1005.18,1092.3,1064.48
2016-05-27,627.39,797.44,785.38,609.55,621.19,1005.18,1092.3,1064.48
2016-05-30,633.27,802.83,788.58,615.08,626.59,1005.18,1092.3,1064.48
2016-05-31,634.08,809.57,789.66,616.55,627.96,1005.18,1092.3,1064.48
2016-06-01,636.36,810.72,796.31,618.47,630.28,1005.18,1092.3,1064.48
2016-06-02,638.21,815.18,809.39,620.54,633.15,1005.18,1092.3,1064.48
2016-06-03,639.02,819.99,809.4,622.19,634.69,1005.18,1092.3,1064.48
2016-06-06,636.79,820.82,804.78,620.21,632.5,1005.18,1092.3,1064.48
2016-06-07,642.07,830.95,810.87,626.2,638.49,1005.18,1092.3,1064.48
2016-06-08,648.33,835.01,816.78,631.28,643.6,1005.18,1092.3,1064.48
2016-06-09,648.92,837.8,824.97,632.17,645.02,1005.18,1092.3,1064.48
2016-06-10,647.49,841.34,828.71,631.61,644.76,1005.18,1092.3,1064.48
2016-06-13,639.75,833.9,827.43,624.47,638.02,1005.18,1092.3,1064.48
2016-06-14,643.46,839.01,833.74,628.27,642.05,1005.18,1092.3,1064.48
2016-06-15,642.26,846.83,839.25,628.96,643.09,1005.18,1092.3,1064.48
2016-06-16,640.56,849.76,843.31,628.42,642.89,1005.18,1092.3,1064.48
2016-06-17,633.57,845.17,839.75,622.54,637.15,1005.18,1092.3,1064.48
2016-06-20,642.25,860.55,847.41,631.68,646.19,1005.18,1092.3,1064.48
2016-06-21,645.11,862.48,852.1,634.39,649.06,1005.18,1092.3,1064.48
2016-06-22,642.24,867.87,857.61,632.97,648.08,1005.18,1092.3,1064.48
2016-06-23,644.63,881.81,864.41,637.56,652.83,1005.18,1092.3,1064.48
2016-06-24,630.42,876.67,851.11,626.35,641.48,1005.18,1092.3,1064.48
2016-06-27,632.2,871.47,846.55,627.15,641.98,1005.18,1092.3,1064.48
2016-06-28,632.25,873.7,850.97,627.76,642.83,1005.18,1092.3,1064.48
2016-06-29,639.54,890.4,867.8,635.72,651.41,1005.18,1092.3,1064.48
2016-06-30,639.95,891.44,869.93,637.07,652.89,1005.18,1092.3,1064.48
2016-07-01,644.63,894.68,882.61,641.79,658.26,1005.18,1092.3,1064.48
2016-07-04,652.07,903.24,893.32,648.61,665.31,1005.18,1092.3,1064.48
2016-07-05,654.85,905.22,892.97,650.68,667.19,1005.18,1092.3,1064.48
2016-07-06,654.76,912.06,901.85,651.76,668.84,1005.18,1092.3,1064.48
2016-07-07,663.34,933.87,915.52,662.39,679.66,1005.18,1092.3,1064.48
2016-07-08,662.35,933.56,915.37,661.69,679.01,1005.18,1092.3,1064.48
2016-07-11,654.59,920.93,893.04,653.81,670.08,1005.18,1092.3,1064.48
2016-07-12,660.31,923.98,897.85,658.73,675.02,1005.18,1092.3,1064.48
2016-07-13,676.07,930.72,905.49,671.64,687.61,1005.18,1092.3,1064.48
2016-07-14,670.15,923.4,887.05,665.59,680.6,1005.18,1092.3,1064.48
2016-07-15,672.71,915.81,879.9,666.39,680.87,1005.18,1092.3,1064.48
2016-07-18,682.04,927.11,886.33,674.99,689.23,1005.18,1092.3,1064.48
2016-07-19,673.68,917.46,883.15,667.14,681.68,1005.18,1092.3,1064.48
2016-07-20,664.39,905.63,877.07,658.63,673.3,1005.18,1092.3,1064.48
2016-07-21,662.34,900.21,866.67,656.35,670.46,1005.18,1092.3,1064.48
2016-07-22,653.26,894.49,856.77,648.9,662.85,1005.18,1092.3,1064.48
2016-07-25,652.1,893.13,857.23,647.85,661.88,1005.18,1092.3,1064.48
2016-07-26,653.61,895.0,856.48,649.75,663.73,1005.18,1092.3,1064.48
2016-07-27,658.71,901.35,864.33,654.78,668.94,1005.18,1092.3,1064.48
2016-07-28,663.55,900.0,866.06,658.74,672.96,1005.18,1092.3,1064.48
2016-07-29,658.24,897.88,865.13,653.91,668.18,1005.18,1092.3,1064.48
2016-08-01,654.37,887.4,855.31,649.04,663.01,1005.18,1092.3,1064.48
2016-08-02,641.75,868.66,835.52,636.38,649.93,1005.18,1092.3,1064.48
2016-08-03,638.29,862.2,831.22,632.43,645.93,1005.18,1092.3,1064.48
2016-08-04,635.83,853.69,825.48,628.72,642.02,1005.18,1092.3,1064.48
2016-08-05,633.41,847.98,819.79,625.15,638.12,1005.18,1092.3,1064.48
2016-08-08,632.99,850.13,816.93,625.31,638.08,1005.18,1092.3,1064.48
2016-08-09,639.97,857.65,826.0,632.18,645.25,1005.18,1092.3,1064.48
2016-08-10,651.74,871.37,832.98,644.56,657.56,1005.18,1092.3,1064.48
2016-08-11,664.35,881.94,838.91,655.57,668.27,1005.18,1092.3,1064.48
2016-08-12,660.61,875.48,832.39,651.76,664.32,1005.18,1092.3,1064.48
2016-08-15,665.3,882.39,835.49,656.34,668.75,1005.18,1092.3,1064.48
2016-08-16,666.1,890.14,842.69,657.71,670.31,1005.18,1092.3,1064.48
2016-08-17,670.61,897.89,846.06,662.33,674.84,1005.18,1092.3,1064.48
2016-08-18,672.72,896.33,844.88,663.7,676.14,1005.18,1092.3,1064.48
2016-08-19,676.16,891.56,842.35,665.15,677.33,1005.18,1092.3,1064.48
2016-08-22,669.96,888.27,832.31,659.68,671.4,1005.18,1092.3,1064.48
2016-08-23,673.54,891.02,833.41,663.82,675.65,1005.18,1092.3,1064.48
2016-08-24,673.57,887.43,837.54,663.38,675.62,1005.18,1092.3,1064.48
2016-08-25,673.36,888.53,841.43,663.37,675.83,1005.18,1092.3,1064.48
2016-08-26,681.3,891.6,844.31,669.14,681.3,1005.18,1092.3,1064.48
2016-08-29,680.8,884.52,829.08,668.01,679.53,1005.18,1092.3,1064.48
2016-08-30,685.96,890.92,830.22,672.81,684.06,1005.18,1092.3,1064.48
2016-08-31,690.16,897.44,832.88,677.28,688.52,1005.18,1092.3,1064.48
2016-09-01,683.77,898.95,837.71,673.03,684.84,1005.18,1092.3,1064.48
2016-09-05,679.61,894.37,839.46,669.13,681.38,1005.18,1092.3,1064.48
2016-09-06,680.59,900.19,839.26,670.45,682.37,1005.18,1092.3,1064.48
2016-09-07,679.31,904.24,838.45,669.69,681.35,1005.18,1092.3,1064.48
2016-09-08,683.94,910.46,843.59,674.2,685.9,1005.18,1092.3,1064.48
2016-09-09,684.1,911.57,847.36,674.73,686.59,1005.18,1092.3,1064.48
2016-09-12,676.8,896.8,832.43,667.42,679.0,1005.18,1092.3,1064.48
2016-09-13,676.98,894.05,832.22,667.03,678.71,1005.18,1092.3,1064.48
2016-09-14,671.92,891.5,828.1,662.56,674.18,1005.18,1092.3,1064.48
2016-09-15,670.44,894.23,824.01,663.41,674.98,1005.18,1092.3,1064.48
2016-09-16,664.57,891.26,822.25,659.7,671.55,1005.18,1092.3,1064.48
2016-09-19,674.4,896.87,825.99,666.55,677.83,1005.18,1092.3,1064.48
2016-09-20,679.42,902.26,830.61,671.06,682.31,1005.18,1092.3,1064.48
2016-09-21,683.35,901.95,835.05,674.6,686.12,1005.18,1092.3,1064.48
2016-09-22,688.41,909.84,840.04,679.63,691.07,1005.18,1092.3,1064.48
2016-09-23,690.49,908.0,844.93,681.23,693.06,1005.18,1092.3,1064.48
2016-09-26,692.35,912.47,846.58,683.62,695.47,1005.18,1092.3,1064.48
2016-09-27,697.66,919.04,850.92,689.22,701.05,1005.18,1092.3,1064.48
2016-09-28,695.54,923.47,848.21,687.68,699.23,1005.18,1092.3,1064.48
2016-09-30,694.92,922.38,844.52,686.93,698.27,1005.18,1092.3,1064.48
2016-10-03,688.66,924.97,846.59,682.24,693.87,1005.18,1092.3,1064.48
2016-10-04,688.11,915.93,837.7,680.88,692.23,1005.18,1092.3,1064.48
2016-10-05,690.25,919.07,839.36,682.77,694.03,1005.18,1092.3,1064.48
2016-10-06,689.39,921.57,845.81,682.06,693.69,1005.18,1092.3,1064.48
2016-10-07,683.59,918.98,843.7,677.75,689.62,1005.18,1092.3,1064.48
2016-10-10,672.89,910.07,837.36,668.31,680.36,1005.18,1092.3,1064.48
2016-10-11,681.8,911.24,840.28,674.45,686.18,1005.18,1092.3,1064.48
2016-10-12,680.1,915.52,841.94,674.36,686.27,1005.18,1092.3,1064.48
2016-10-13,685.35,917.51,848.22,678.83,690.93,1005.18,1092.3,1064.48
2016-10-14,684.62,917.37,853.52,678.54,691.12,1005.18,1092.3,1064.48
2016-10-17,677.2,915.84,849.31,673.14,685.82,1005.18,1092.3,1064.48
2016-10-18,680.18,913.73,850.95,674.9,687.61,1005.18,1092.3,1064.48
2016-10-19,686.5,913.75,850.77,679.95,692.49,1005.18,1092.3,1064.48
2016-10-20,684.17,907.37,853.15,676.71,689.53,1005.18,1092.3,1064.48
2016-10-21,682.11,898.89,853.43,673.39,686.43,1005.18,1092.3,1064.48
2016-10-24,674.95,888.73,848.0,666.15,679.3,1005.18,1092.3,1064.48
2016-10-25,671.43,884.83,841.85,662.9,675.87,1005.18,1092.3,1064.48
2016-10-26,668.2,886.66,839.07,661.01,673.92,1005.18,1092.3,1064.48
2016-10-27,670.67,887.83,838.47,663.29,676.09,1005.18,1092.3,1064.48
2016-10-28,675.97,892.9,841.11,667.94,680.56,1005.18,1092.3,1064.48
2016-10-31,670.71,889.88,836.02,663.47,676.03,1005.18,1092.3,1064.48
2016-11-01,669.49,889.95,836.87,662.8,675.51,1005.18,1092.3,1064.48
2016-11-02,662.71,880.28,831.02,656.05,668.84,1005.18,1092.3,1064.48
2016-11-03,659.25,874.72,826.71,652.78,665.59,1005.18,1092.3,1064.48
2016-11-04,658.97,877.25,822.92,653.01,665.53,1005.18,1092.3,1064.48
2016-11-07,666.65,883.55,829.31,659.39,671.81,1005.18,1092.3,1064.48
2016-11-08,668.84,881.8,829.33,660.56,672.89,1005.18,1092.3,1064.48
2016-11-09,661.97,875.33,819.04,654.53,666.63,1005.18,1092.3,1064.48
2016-11-10,668.72,885.77,836.73,661.35,674.14,1005.18,1092.3,1064.48
2016-11-11,668.82,883.81,836.1,661.61,674.49,1005.18,1092.3,1064.48
2016-11-14,660.62,880.25,834.25,654.54,667.61,1005.18,1092.3,1064.48
2016-11-15,664.14,877.11,833.58,656.01,668.84,1005.18,1092.3,1064.48
2016-11-16,665.4,877.37,836.56,657.14,670.15,1005.18,1092.3,1064.48
2016-11-17,662.59,877.85,833.05,655.38,668.3,1005.18,1092.3,1064.48
2016-11-18,660.85,873.12,831.49,652.96,665.88,1005.18,1092.3,1064.48
2016-11-21,665.56,870.75,832.01,655.8,668.58,1005.18,1092.3,1064.48
2016-11-22,670.65,871.84,831.32,659.73,672.23,1005.18,1092.3,1064.48
2016-11-23,674.64,873.05,830.14,662.39,674.52,1005.18,1092.3,1064.48
2016-11-24,674.51,873.16,832.12,661.85,674.01,1005.18,1092.3,1064.48
2016-11-25,670.25,869.21,830.75,657.91,670.2,1005.18,1092.3,1064.48
2016-11-28,656.96,860.36,824.84,646.54,659.15,1005.18,1092.3,1064.48
2016-11-29,652.83,851.55,823.75,642.37,655.34,1005.18,1092.3,1064.48
2016-11-30,659.2,856.27,827.82,648.36,661.37,1005.18,1092.3,1064.48
2016-12-01,658.85,856.17,830.13,647.66,660.73,1005.18,1092.3,1064.48
2016-12-02,656.86,853.26,829.51,645.74,658.92,1005.18,1092.3,1064.48
2016-12-05,652.35,845.49,830.16,641.21,654.82,1005.18,1092.3,1064.48
2016-12-06,642.9,835.94,818.59,632.79,646.27,1005.18,1092.3,1064.48
2016-12-07,641.59,839.1,816.29,632.46,645.8,1005.18,1092.3,1064.48
2016-12-08,646.23,841.49,815.9,636.43,649.53,1005.18,1092.3,1064.48
2016-12-09,646.43,845.29,807.92,637.41,649.93,1005.18,1092.3,1064.48
2016-12-12,639.33,835.66,790.91,630.49,642.38,1005.18,1092.3,1064.48
2016-12-13,632.95,828.89,784.3,624.51,636.34,1005.18,1092.3,1064.48
2016-12-14,641.87,836.39,797.49,632.08,644.2,1005.18,1092.3,1064.48
2016-12-15,639.77,831.08,797.67,628.9,641.06,1005.18,1092.3,1064.48
2016-12-16,647.9,842.44,795.72,637.13,648.66,1005.18,1092.3,1064.48
2016-12-19,650.83,845.67,799.47,639.69,651.25,1005.18,1092.3,1064.48
2016-12-20,643.41,841.53,796.0,632.81,644.37,1005.18,1092.3,1064.48
2016-12-21,645.3,843.7,799.91,634.48,646.16,1005.18,1092.3,1064.48
2016-12-22,645.86,840.08,796.31,633.97,645.41,1005.18,1092.3,1064.48
2016-12-23,648.37,838.66,793.04,635.53,646.67,1005.18,1092.3,1064.48
2016-12-26,649.71,836.26,788.77,635.64,646.39,1005.18,1092.3,1064.48
2016-12-27,651.59,837.59,786.93,637.71,648.33,1005.18,1092.3,1064.48
2016-12-28,653.02,837.57,786.78,638.43,648.91,1005.18,1092.3,1064.48
2016-12-29,655.42,840.04,791.16,641.07,651.8,1005.18,1092.3,1064.48
2016-12-30,656.74,839.22,793.44,641.35,652.07,1005.18,1092.3,1064.48
2017-01-03,662.68,844.07,793.48,646.18,656.48,1005.18,1092.3,1064.48
2017-01-04,664.38,849.52,792.73,648.64,658.78,1005.18,1092.3,1064.48
2017-01-05,666.62,846.57,796.17,649.63,659.93,1005.18,1092.3,1064.48
2017-01-06,668.21,847.49,794.89,651.17,661.35,1005.18,1092.3,1064.48
2017-01-09,670.37,847.05,795.5,652.55,662.68,1005.18,1092.3,1064.48
2017-01-10,671.38,845.98,795.08,652.85,662.88,1005.18,1092.3,1064.48
2017-01-11,675.61,849.74,794.77,656.57,666.33,1005.18,1092.3,1064.48
2017-01-12,674.41,851.97,795.68,656.23,666.08,1005.18,1092.3,1064.48
2017-01-13,672.12,851.63,797.15,654.8,664.92,1005.18,1092.3,1064.48
2017-01-16,665.14,847.73,790.11,649.15,659.18,1005.18,1092.3,1064.48
2017-01-17,670.23,845.54,787.15,651.88,661.43,1005.18,1092.3,1064.48
2017-01-18,665.56,844.03,782.25,648.2,657.65,1005.18,1092.3,1064.48
2017-01-19,663.35,843.33,780.23,646.56,656.0,1005.18,1092.3,1064.48
2017-01-20,666.8,848.25,782.59,649.97,659.32,1005.18,1092.3,1064.48
2017-01-23,668.0,846.64,781.75,650.67,659.96,1005.18,1092.3,1064.48
2017-01-24,672.1,853.76,787.77,654.56,663.84,1005.18,1092.3,1064.48
2017-01-25,677.85,862.34,796.11,660.43,669.89,1005.18,1092.3,1064.48
2017-02-02,686.46,865.38,800.91,667.79,677.22,1005.18,1092.3,1064.48
2017-02-03,684.57,862.23,799.51,665.84,675.31,1005.18,1092.3,1064.48
2017-02-06,687.57,864.19,800.26,668.35,677.68,1005.18,1092.3,1064.48
2017-02-07,690.15,866.05,803.75,670.72,680.17,1005.18,1092.3,1064.48
2017-02-08,691.72,869.78,807.23,672.46,681.99,1005.18,1092.3,1064.48
2017-02-09,692.62,874.15,814.38,673.83,683.71,1005.18,1092.3,1064.48
2017-02-10,692.57,880.11,816.67,674.71,684.64,1005.18,1092.3,1064.48
2017-02-13,696.67,890.05,823.64,679.3,689.29,1005.18,1092.3,1064.48
2017-02-14,697.46,887.02,828.32,679.23,689.48,1005.18,1092.3,1064.48
2017-02-15,703.4,890.96,836.69,684.92,695.54,1005.18,1092.3,1064.48
2017-02-16,701.97,891.08,834.26,683.59,694.03,1005.18,1092.3,1064.48
2017-02-17,702.37,898.43,836.57,684.84,695.23,1005.18,1092.3,1064.48
2017-02-20,701.8,913.85,847.58,687.66,698.73,1005.18,1092.3,1064.48
2017-02-21,705.96,918.03,856.74,691.84,703.34,1005.18,1092.3,1064.48
2017-02-22,702.9,919.5,853.81,689.65,701.03,1005.18,1092.3,1064.48
2017-02-23,703.2,921.85,854.17,690.06,701.36,1005.18,1092.3,1064.48
2017-02-24,697.29,924.86,854.85,686.68,698.39,1005.18,1092.3,1064.48
2017-02-27,702.24,925.33,857.46,690.51,702.16,1005.18,1092.3,1064.48
2017-02-28,694.35,917.79,854.88,683.23,695.16,1005.18,1092.3,1064.48
2017-03-01,692.54,917.75,851.18,681.74,693.48,1005.18,1092.3,1064.48
2017-03-02,690.19,918.68,850.28,679.85,691.54,1005.18,1092.3,1064.48
2017-03-03,693.37,919.19,847.99,682.36,693.75,1005.18,1092.3,1064.48
2017-03-06,695.31,925.39,853.66,685.05,696.68,1005.18,1092.3,1064.48
2017-03-07,696.67,932.32,858.39,687.12,698.86,1005.18,1092.3,1064.48
2017-03-08,699.39,938.32,860.32,690.0,701.6,1005.18,1092.3,1064.48
2017-03-09,701.31,935.77,859.97,690.76,702.22,1005.18,1092.3,1064.48
2017-03-10,700.45,936.91,857.03,690.28,701.56,1005.18,1092.3,1064.48
2017-03-13,699.58,935.62,859.98,689.42,700.95,1005.18,1092.3,1064.48
2017-03-14,702.53,938.71,862.76,692.1,703.61,1005.18,1092.3,1064.48
2017-03-15,700.53,941.28,864.78,691.25,703.0,1005.18,1092.3,1064.48
2017-03-16,705.28,949.67,869.55,696.4,708.15,1005.18,1092.3,1064.48
2017-03-17,705.58,948.22,872.57,696.26,708.2,1005.18,1092.3,1064.48
2017-03-20,713.68,955.94,880.02,703.03,714.82,1005.18,1092.3,1064.48
2017-03-21,717.55,959.53,879.55,705.82,717.15,1005.18,1092.3,1064.48
2017-03-22,715.72,948.43,867.04,702.84,713.68,1005.18,1092.3,1064.48
2017-03-23,727.71,950.09,868.85,712.38,722.85,1005.18,1092.3,1064.48
2017-03-24,730.29,946.02,870.41,713.61,724.14,1005.18,1092.3,1064.48
2017-03-27,732.12,952.06,868.38,715.99,726.2,1005.18,1092.3,1064.48
2017-03-28,726.65,951.09,867.38,711.68,722.08,1005.18,1092.3,1064.48
2017-03-29,728.34,957.29,867.11,714.18,724.42,1005.18,1092.3,1064.48
2017-03-30,731.07,960.68,872.34,717.0,727.46,1005.18,1092.3,1064.48
2017-03-31,731.83,960.98,872.66,717.31,727.67,1005.18,1092.3,1064.48
2017-04-03,735.54,966.03,873.82,720.79,730.95,1005.18,1092.3,1064.48
2017-04-04,738.01,965.69,873.84,722.63,732.69,1005.18,1092.3,1064.48
2017-04-05,729.56,964.76,875.2,716.31,726.9,1005.18,1092.3,1064.48
2017-04-07,736.47,964.78,875.17,721.19,731.39,1005.18,1092.3,1064.48
2017-04-10,735.71,972.17,876.37,722.11,732.43,1005.18,1092.3,1064.48
2017-04-11,736.99,975.57,877.6,723.79,734.12,1005.18,1092.3,1064.48
2017-04-12,731.15,970.26,870.83,718.64,728.87,1005.18,1092.3,1064.48
2017-04-13,726.21,972.07,869.36,715.52,725.99,1005.18,1092.3,1064.48
2017-04-14,716.42,963.48,862.64,706.72,717.28,1005.18,1092.3,1064.48
2017-04-17,706.77,949.39,853.19,697.56,708.32,1005.18,1092.3,1064.48
2017-04-18,713.53,956.33,857.7,703.82,714.4,1005.18,1092.3,1064.48
2017-04-19,717.73,971.52,862.28,709.48,719.83,1005.18,1092.3,1064.48
2017-04-20,712.04,968.69,862.12,704.55,715.06,1005.18,1092.3,1064.48
2017-04-21,710.24,974.33,860.59,704.22,714.62,1005.18,1092.3,1064.48
2017-04-24,704.41,974.35,856.51,699.79,710.2,1005.18,1092.3,1064.48
2017-04-25,705.99,977.35,858.65,701.5,711.9,1005.18,1092.3,1064.48
2017-04-26,711.22,985.61,865.77,706.66,717.16,1005.18,1092.3,1064.48
2017-04-27,719.49,992.86,873.63,714.31,724.87,1005.18,1092.3,1064.48
2017-04-28,718.57,993.01,876.06,713.9,724.72,1005.18,1092.3,1064.48
2017-05-03,723.32,997.83,880.65,717.9,728.7,1005.18,1092.3,1064.48
2017-05-04,725.99,1002.19,886.81,720.74,731.79,1005.18,1092.3,1064.48
2017-05-08,720.51,1021.61,906.4,719.87,732.11,1005.18,1092.3,1064.48
2017-05-09,727.88,1033.6,916.68,726.97,739.27,1005.18,1092.3,1064.48
2017-05-10,730.47,1033.62,917.41,728.7,740.92,1005.18,1092.3,1064.48
2017-05-11,730.99,1033.54,920.99,729.09,741.51,1005.18,1092.3,1064.48
2017-05-12,730.8,1041.31,928.04,730.32,743.11,1005.18,1092.3,1064.48
2017-05-15,735.43,1055.83,940.28,736.1,749.21,1005.18,1092.3,1064.48
2017-05-16,732.99,1049.51,933.29,733.55,746.43,1005.18,1092.3,1064.48
2017-05-17,736.65,1055.34,934.09,737.52,750.29,1005.18,1092.3,1064.48
2017-05-18,735.52,1052.94,924.86,736.17,748.43,1005.18,1092.3,1064.48
2017-05-19,743.07,1058.75,926.62,742.52,754.48,1005.18,1092.3,1064.48
2017-05-22,752.76,1057.27,923.12,749.57,760.91,1005.18,1092.3,1064.48
2017-05-23,750.39,1053.54,923.23,747.27,758.82,1005.18,1092.3,1064.48
2017-05-24,761.0,1065.11,928.35,756.51,767.67,1005.18,1092.3,1064.48
2017-05-25,760.02,1075.73,933.63,757.18,768.53,1005.18,1092.3,1064.48
2017-05-26,762.64,1079.63,937.1,760.2,771.66,1005.18,1092.3,1064.48
2017-05-29,766.24,1078.13,940.53,762.49,773.99,1005.18,1092.3,1064.48
2017-05-30,754.8,1063.81,929.03,751.55,763.03,1005.18,1092.3,1064.48
2017-05-31,756.87,1063.98,927.11,753.02,764.28,1005.18,1092.3,1064.48
2017-06-01,763.59,1069.66,931.79,759.16,770.38,1005.18,1092.3,1064.48
2017-06-02,762.07,1076.41,939.03,759.12,770.75,1005.18,1092.3,1064.48
2017-06-05,765.69,1073.05,944.39,761.5,773.41,1005.18,1092.3,1064.48
2017-06-06,777.31,1079.32,948.93,770.81,782.33,1005.18,1092.3,1064.48
2017-06-07,782.07,1084.14,954.2,775.1,786.66,1005.18,1092.3,1064.48
2017-06-08,782.43,1085.48,952.03,775.67,787.04,1005.18,1092.3,1064.48
2017-06-09,785.27,1080.97,951.26,777.06,788.31,1005.18,1092.3,1064.48
2017-06-12,781.73,1080.81,946.7,774.77,785.9,1005.18,1092.3,1064.48
2017-06-13,786.66,1082.57,948.57,778.79,789.77,1005.18,1092.3,1064.48
2017-06-14,791.05,1081.27,950.54,781.09,791.98,1005.18,1092.3,1064.48
2017-06-15,792.17,1085.32,950.87,783.0,793.83,1005.18,1092.3,1064.48
2017-06-16,795.86,1090.2,951.68,786.65,797.26,1005.18,1092.3,1064.48
2017-06-19,803.74,1102.65,956.33,794.55,804.94,1005.18,1092.3,1064.48
2017-06-20,806.04,1108.59,958.64,796.57,806.84,1005.18,1092.3,1064.48
2017-06-21,806.22,1111.36,957.81,797.53,807.74,1005.18,1092.3,1064.48
2017-06-22,804.2,1123.18,963.14,797.63,808.07,1005.18,1092.3,1064.48
2017-06-23,804.52,1133.98,968.45,799.66,810.3,1005.18,1092.3,1064.48
2017-06-26,807.24,1136.9,967.38,802.49,812.91,1005.18,1092.3,1064.48
2017-06-27,801.16,1124.13,963.03,795.98,806.61,1005.18,1092.3,1064.48
2017-06-28,803.57,1128.7,966.79,798.65,809.39,1005.18,1092.3,1064.48
2017-06-29,807.93,1134.9,972.72,802.63,813.41,1005.18,1092.3,1064.48
2017-06-30,812.39,1137.97,972.31,806.86,817.46,1005.18,1092.3,1064.48
2017-07-03,812.8,1138.97,974.47,807.03,817.7,1005.18,1092.3,1064.48
2017-07-04,810.8,1135.09,977.07,804.76,815.71,1005.18,1092.3,1064.48
2017-07-05,812.87,1140.3,984.01,807.1,818.32,1005.18,1092.3,1064.48
2017-07-06,817.87,1140.48,990.8,810.97,822.4,1005.18,1092.3,1064.48
2017-07-07,808.35,1134.97,984.42,802.68,814.15,1005.18,1092.3,1064.48
2017-07-10,796.87,1117.47,978.67,790.85,802.67,1005.18,1092.3,1064.48
2017-07-11,798.95,1124.58,983.95,794.18,806.21,1005.18,1092.3,1064.48
2017-07-12,804.07,1134.6,993.12,800.07,812.37,1005.18,1092.3,1064.48
2017-07-13,808.09,1139.31,996.73,803.81,816.11,1005.18,1092.3,1064.48
2017-07-14,806.61,1142.18,997.04,803.08,815.39,1005.18,1092.3,1064.48
2017-07-17,791.35,1132.29,989.96,790.12,802.79,1005.18,1092.3,1064.48
2017-07-18,786.82,1118.17,986.22,784.51,797.38,1005.18,1092.3,1064.48
2017-07-19,783.05,1124.96,989.46,783.0,796.21,1005.18,1092.3,1064.48
2017-07-20,781.85,1119.68,990.81,781.31,794.71,1005.18,1092.3,1064.48
2017-07-21,773.18,1108.63,987.84,773.31,787.1,1005.18,1092.3,1064.48
2017-07-24,774.32,1098.29,982.37,772.43,785.97,1005.18,1092.3,1064.48
2017-07-25,783.67,1107.76,987.63,780.76,794.07,1005.18,1092.3,1064.48
2017-07-26,792.02,1129.59,1001.75,790.71,804.24,1005.18,1092.3,1064.48
2017-07-27,789.8,1128.1,1002.33,788.79,802.48,1005.18,1092.3,1064.48
2017-07-28,796.34,1135.08,1007.03,794.8,808.38,1005.18,1092.3,1064.48
2017-07-31,803.12,1134.91,1009.1,799.85,813.22,1005.18,1092.3,1064.48
2017-08-01,805.37,1131.06,1011.53,800.63,814.02,1005.18,1092.3,1064.48
2017-08-02,803.06,1125.79,1012.49,798.26,811.91,1005.18,1092.3,1064.48
2017-08-03,805.01,1129.83,1022.62,800.58,814.72,1005.18,1092.3,1064.48
2017-08-04,808.79,1133.06,1033.11,803.88,818.41,1005.18,1092.3,1064.48
2017-08-07,810.53,1134.15,1049.74,805.28,820.66,1005.18,1092.3,1064.48
2017-08-08,805.58,1121.95,1055.36,799.46,815.48,1005.18,1092.3,1064.48
2017-08-09,787.73,1103.66,1040.54,782.98,799.11,1005.18,1092.3,1064.48
2017-08-10,789.92,1099.4,1030.95,784.02,799.6,1005.18,1092.3,1064.48
2017-08-11,791.59,1099.51,1019.26,785.29,800.12,1005.18,1092.3,1064.48
2017-08-14,799.42,1110.57,1024.45,792.84,807.49,1005.18,1092.3,1064.48
2017-08-15,793.76,1106.83,1021.19,787.81,802.55,1005.18,1092.3,1064.48
2017-08-16,797.27,1108.36,1019.33,790.5,804.93,1005.18,1092.3,1064.48
2017-08-17,791.65,1093.08,1007.45,784.04,798.24,1005.18,1092.3,1064.48
2017-08-18,792.82,1094.13,1013.07,785.13,799.59,1005.18,1092.3,1064.48
2017-08-21,792.14,1093.59,1008.55,784.53,798.76,1005.18,1092.3,1064.48
2017-08-22,786.32,1086.99,996.33,779.13,792.99,1005.18,1092.3,1064.48
2017-08-23,791.54,1089.72,990.9,783.45,796.72,1005.18,1092.3,1064.48
2017-08-24,796.46,1095.04,989.9,787.91,800.84,1005.18,1092.3,1064.48
2017-08-25,800.1,1096.77,994.57,791.02,804.02,1005.18,1092.3,1064.48
2017-08-28,807.43,1104.3,994.9,797.7,810.3,1005.18,1092.3,1064.48
2017-08-29,803.78,1105.25,987.49,795.17,807.47,1005.18,1092.3,1064.48
2017-08-30,814.75,1107.47,987.22,804.05,815.8,1005.18,1092.3,1064.48
2017-08-31,820.62,1103.08,985.74,807.64,819.11,1005.18,1092.3,1064.48
2017-09-01,824.86,1106.34,992.28,811.81,823.5,1005.18,1092.3,1064.48
2017-09-05,828.01,1103.35,988.56,813.9,825.31,1005.18,1092.3,1064.48
2017-09-06,827.96,1100.23,986.5,813.07,824.35,1005.18,1092.3,1064.48
2017-09-07,830.34,1104.38,986.04,815.24,826.3,1005.18,1092.3,1064.48
2017-09-08,836.24,1103.33,986.25,819.39,830.2,1005.18,1092.3,1064.48
2017-09-11,830.74,1092.48,978.75,813.32,824.05,1005.18,1092.3,1064.48
2017-09-12,833.89,1099.98,985.81,816.79,827.69,1005.18,1092.3,1064.48
2017-09-13,838.04,1112.49,994.06,821.71,832.77,1005.18,1092.3,1064.48
2017-09-14,841.22,1113.71,999.32,824.38,835.57,1005.18,1092.3,1064.48
2017-09-15,841.52,1115.53,1008.28,824.81,836.47,1005.18,1092.3,1064.48
2017-09-18,846.11,1120.15,1015.65,829.08,840.93,1005.18,1092.3,1064.48
2017-09-19,845.02,1120.63,1016.28,828.28,840.19,1005.18,1092.3,1064.48
2017-09-20,842.67,1123.9,1016.87,827.18,839.21,1005.18,1092.3,1064.48
2017-09-21,838.33,1128.54,1017.33,824.67,836.83,1005.18,1092.3,1064.48
2017-09-22,841.84,1129.64,1022.79,827.36,839.64,1005.18,1092.3,1064.48
2017-09-25,842.04,1127.23,1020.91,827.14,839.34,1005.18,1092.3,1064.48
2017-09-26,843.28,1130.07,1017.48,828.58,840.5,1005.18,1092.3,1064.48
2017-09-27,840.94,1123.24,1012.81,825.98,837.81,1005.18,1092.3,1064.48
2017-09-28,844.18,1114.04,1006.59,826.94,838.4,1005.18,1092.3,1064.48
2017-09-29,846.28,1117.07,1000.02,829.05,840.03,1005.18,1092.3,1064.48
2017-10-02,844.12,1108.71,989.52,825.98,836.53,1005.18,1092.3,1064.48
2017-10-03,840.19,1101.79,985.16,821.9,832.43,1005.18,1092.3,1064.48
2017-10-04,849.52,1110.39,997.26,830.32,841.03,1005.18,1092.3,1064.48
2017-10-05,851.29,1107.54,997.6,831.32,842.0,1005.18,1092.3,1064.48
2017-10-06,854.49,1108.4,1000.57,833.76,844.46,1005.18,1092.3,1064.48
2017-10-09,856.54,1112.06,1001.75,835.75,846.39,1005.18,1092.3,1064.48
2017-10-10,860.61,1120.89,1002.84,840.13,850.54,1005.18,1092.3,1064.48
2017-10-11,862.25,1119.18,1005.33,841.42,851.9,1005.18,1092.3,1064.48
2017-10-12,865.21,1119.05,1010.65,843.48,854.12,1005.18,1092.3,1064.48
2017-10-13,871.48,1121.37,1009.25,848.78,859.07,1005.18,1092.3,1064.48
2017-10-16,867.61,1119.18,1011.99,845.29,855.91,1005.18,1092.3,1064.48
2017-10-17,874.7,1119.24,1011.31,850.64,860.92,1005.18,1092.3,1064.48
2017-10-18,872.95,1109.84,1002.6,847.77,857.73,1005.18,1092.3,1064.48
2017-10-19,873.54,1108.08,1007.89,847.9,858.14,1005.18,1092.3,1064.48
2017-10-20,869.91,1095.41,1002.34,843.17,853.39,1005.18,1092.3,1064.48
2017-10-23,864.96,1074.7,990.25,836.25,846.19,1005.18,1092.3,1064.48
2017-10-24,871.24,1078.82,992.51,841.59,851.38,1005.18,1092.3,1064.48
2017-10-25,877.88,1081.88,990.89,846.97,856.4,1005.18,1092.3,1064.48
2017-10-26,879.03,1067.99,983.47,845.73,854.87,1005.18,1092.3,1064.48
2017-10-27,892.26,1069.47,986.08,856.18,864.83,1005.18,1092.3,1064.48
2017-10-30,895.05,1054.16,979.83,856.01,864.3,1005.18,1092.3,1064.48
2017-10-31,888.74,1044.79,967.84,850.05,857.99,1005.18,1092.3,1064.48
2017-11-01,892.76,1039.74,956.76,852.74,860.06,1005.18,1092.3,1064.48
2017-11-02,884.51,1019.74,943.23,844.3,851.42,1005.18,1092.3,1064.48
2017-11-03,897.74,1028.65,949.28,855.16,861.91,1005.18,1092.3,1064.48
2017-11-06,902.75,1048.2,960.17,862.46,869.48,1005.18,1092.3,1064.48
2017-11-07,904.14,1050.67,962.64,864.43,871.45,1005.18,1092.3,1064.48
2017-11-08,912.2,1055.22,965.46,872.66,879.44,1005.18,1092.3,1064.48
2017-11-09,911.64,1059.5,965.78,874.55,881.31,1005.18,1092.3,1064.48
2017-11-10,917.52,1062.08,970.01,879.84,887.0,1005.18,1092.3,1064.48
2017-11-13,927.74,1064.78,966.11,890.23,896.96,1005.18,1092.3,1064.48
2017-11-14,931.05,1070.37,964.21,892.83,899.1,1005.18,1092.3,1064.48
2017-11-15,938.0,1078.06,964.9,899.47,905.44,1005.18,1092.3,1064.48
2017-11-16,951.29,1093.85,971.58,912.08,917.71,1005.18,1092.3,1064.48
2017-11-17,948.51,1090.27,968.86,910.11,915.71,1005.18,1092.3,1064.48
2017-11-20,961.45,1094.43,969.41,922.52,927.54,1005.18,1092.3,1064.48
2017-11-21,973.46,1087.81,965.79,930.59,934.97,1005.18,1092.3,1064.48
2017-11-22,985.9,1095.13,966.19,939.63,943.29,1005.18,1092.3,1064.48
2017-11-23,986.69,1097.16,971.62,940.73,944.64,1005.18,1092.3,1064.48
2017-11-24,990.21,1117.46,984.48,945.76,950.08,1005.18,1092.3,1064.48
2017-11-27,995.22,1132.62,997.43,952.4,957.04,1005.18,1092.3,1064.48
2017-11-28,1000.39,1129.67,994.42,955.69,959.95,1005.18,1092.3,1064.48
2017-11-29,1011.95,1133.38,996.09,964.54,968.33,1005.18,1092.3,1064.48
2017-11-30,1008.21,1136.37,1001.46,961.93,966.27,1005.18,1092.3,1064.48
2017-12-01,1018.27,1145.08,1007.35,971.99,976.41,1005.18,1092.3,1064.48
2017-12-04,1033.22,1152.06,1012.47,985.44,989.6,1005.18,1092.3,1064.48
2017-12-05,1009.3,1146.67,1004.84,965.66,970.46,1005.18,1092.3,1064.48
2017-12-06,1003.94,1148.48,1000.74,961.53,966.2,1005.18,1092.3,1064.48
2017-12-07,992.91,1155.16,1006.42,953.0,958.14,1005.18,1092.3,1064.48
2017-12-08,994.52,1155.7,1006.52,954.95,960.06,1005.18,1092.3,1064.48
2017-12-11,971.04,1140.41,994.8,935.76,941.53,1005.18,1092.3,1064.48
2017-12-12,978.02,1134.43,985.84,939.98,945.12,1005.18,1092.3,1064.48
2017-12-13,976.43,1132.41,985.89,938.87,944.1,1005.18,1092.3,1064.48
2017-12-14,992.34,1148.45,1003.69,953.77,959.33,1005.18,1092.3,1064.48
2017-12-15,990.73,1154.27,1007.14,952.24,957.94,1005.18,1092.3,1064.48
2017-12-18,1016.51,1159.57,1012.19,974.23,979.16,1005.18,1092.3,1064.48
2017-12-19,1013.1,1150.33,1008.63,969.79,974.71,1005.18,1092.3,1064.48
2017-12-20,1014.34,1155.94,1008.13,971.44,976.19,1005.18,1092.3,1064.48
2017-12-21,1001.6,1154.19,1005.1,962.14,967.38,1005.18,1092.3,1064.48
2017-12-22,1011.6,1149.1,1002.64,969.33,973.94,1005.18,1092.3,1064.48
2017-12-25,1015.24,1140.28,1002.71,971.01,975.4,1005.18,1092.3,1064.48
2017-12-26,1022.14,1146.68,1005.37,977.41,981.67,1005.18,1092.3,1064.48
2017-12-27,1024.59,1143.38,1009.77,978.63,983.15,1005.18,1092.3,1064.48
2017-12-28,1035.11,1147.85,1013.02,987.21,991.44,1005.18,1092.3,1064.48
2017-12-29,1044.33,1150.52,1014.58,994.7,998.69,1005.18,1092.3,1064.48
2018-01-02,1062.74,1150.14,1023.67,1008.58,1012.34,1005.18,1092.3,1064.48
2018-01-03,1075.52,1158.55,1019.35,1020.34,1023.23,1005.18,1092.3,1064.48
2018-01-04,1085.68,1174.89,1026.85,1030.58,1033.3,1005.18,1092.3,1064.48
2018-01-05,1078.81,1171.37,1023.16,1024.52,1027.35,1005.18,1092.3,1064.48
2018-01-08,1095.69,1181.48,1030.04,1037.8,1040.05,1005.18,1092.3,1064.48
2018-01-09,1112.97,1189.44,1035.47,1051.1,1052.7,1005.18,1092.3,1064.48
2018-01-10,1113.03,1200.3,1040.48,1053.6,1055.48,1005.18,1092.3,1064.48
2018-01-11,1121.06,1203.42,1051.77,1059.77,1061.87,1005.18,1092.3,1064.48
2018-01-12,1123.91,1196.56,1053.94,1062.39,1064.45,1005.18,1092.3,1064.48
2018-01-15,1138.85,1211.9,1059.28,1076.05,1077.5,1005.18,1092.3,1064.48
2018-01-16,1137.43,1214.51,1057.43,1074.96,1076.37,1005.18,1092.3,1064.48
2018-01-17,1104.74,1187.72,1045.59,1045.39,1047.68,1005.18,1092.3,1064.48
2018-01-18,1124.65,1193.11,1045.77,1061.31,1062.79,1005.18,1092.3,1064.48
2018-01-19,1129.92,1207.1,1049.32,1067.19,1068.5,1005.18,1092.3,1064.48
2018-01-25,1175.51,1227.28,1044.97,1103.94,1102.86,1005.18,1092.3,1064.48
2018-01-26,1185.06,1229.92,1046.6,1111.97,1110.64,1005.18,1092.3,1064.48
2018-01-29,1176.86,1228.06,1037.39,1105.1,1103.51,1005.18,1092.3,1064.48
2018-01-30,1179.41,1242.88,1045.77,1109.07,1107.65,1005.18,1092.3,1064.48
2018-01-31,1175.91,1230.11,1039.22,1104.55,1103.0,1005.18,1092.3,1064.48
2018-02-01,1166.25,1213.93,1026.29,1094.94,1093.23,1005.18,1092.3,1064.48
2018-02-02,1170.01,1215.03,1022.97,1098.49,1096.5,1005.18,1092.3,1064.48
2018-02-05,1110.59,1158.46,988.98,1043.9,1043.17,1005.18,1092.3,1064.48
2018-02-06,1081.3,1107.68,954.16,1013.55,1012.52,1005.18,1092.3,1064.48
2018-02-07,1106.18,1139.44,976.13,1037.14,1035.99,1005.18,1092.3,1064.48
2018-02-08,1087.56,1130.6,971.63,1021.27,1020.74,1005.18,1092.3,1064.48
2018-02-09,1069.54,1120.4,965.85,1005.59,1005.49,1005.18,1092.3,1064.48
2018-02-12,1110.3,1146.96,985.85,1041.1,1040.01,1005.18,1092.3,1064.48
2018-02-13,1131.04,1166.24,1000.35,1060.19,1058.82,1005.18,1092.3,1064.48
2018-02-21,1153.98,1180.76,1010.55,1081.45,1079.67,1005.18,1092.3,1064.48
2018-02-22,1141.97,1168.84,1002.32,1070.64,1068.98,1005.18,1092.3,1064.48
2018-02-23,1169.52,1186.21,1005.87,1093.88,1091.05,1005.18,1092.3,1064.48
2018-02-26,1179.98,1171.82,1000.27,1099.69,1096.13,1005.18,1092.3,1064.48
2018-02-27,1186.83,1172.95,998.47,1104.4,1100.45,1005.18,1092.3,1064.48
2018-02-28,1189.76,1177.2,1000.13,1107.13,1102.99,1005.18,1092.3,1064.48
2018-03-01,1187.19,1173.63,1000.34,1104.42,1100.46,1005.18,1092.3,1064.48
2018-03-02,1188.35,1194.61,1010.38,1109.35,1105.77,1005.18,1092.3,1064.48
2018-03-05,1160.34,1196.04,1010.25,1089.64,1087.34,1005.18,1092.3,1064.48
2018-03-06,1184.47,1217.09,1014.42,1111.8,1108.38,1005.18,1092.3,1064.48
2018-03-07,1172.51,1220.14,1015.39,1104.23,1101.45,1005.18,1092.3,1064.48
2018-03-08,1186.32,1225.76,1021.27,1116.76,1113.65,1005.18,1092.3,1064.48
2018-03-09,1187.94,1222.4,1022.73,1117.32,1114.23,1005.18,1092.3,1064.48
2018-03-12,1188.4,1217.53,1021.09,1115.61,1112.46,1005.18,1092.3,1064.48
2018-03-13,1193.13,1229.9,1025.15,1122.32,1119.13,1005.18,1092.3,1064.48
2018-03-14,1197.02,1238.69,1025.01,1126.95,1123.57,1005.18,1092.3,1064.48
2018-03-15,1191.93,1239.85,1025.31,1122.31,1119.13,1005.18,1092.3,1064.48
2018-03-16,1194.8,1242.92,1029.12,1125.41,1122.39,1005.18,1092.3,1064.48
2018-03-19,1213.4,1244.01,1025.75,1140.05,1135.89,1005.18,1092.3,1064.48
2018-03-20,1217.62,1239.92,1023.0,1141.98,1137.45,1005.18,1092.3,1064.48
2018-03-21,1231.65,1249.75,1020.35,1154.82,1149.36,1005.18,1092.3,1064.48
2018-03-22,1228.77,1249.13,1015.81,1152.64,1147.06,1005.18,1092.3,1064.48
2018-03-23,1211.97,1228.19,1002.92,1137.15,1131.71,1005.18,1092.3,1064.48
2018-03-26,1231.08,1231.15,1002.24,1152.79,1146.41,1005.18,1092.3,1064.48
2018-03-27,1234.91,1228.31,1000.68,1155.4,1148.91,1005.18,1092.3,1064.48
2018-03-28,1235.76,1230.15,999.57,1156.5,1149.82,1005.18,1092.3,1064.48
2018-03-29,1228.94,1231.57,1000.34,1151.49,1145.03,1005.18,1092.3,1064.48
2018-03-30,1238.12,1245.79,1004.53,1160.65,1153.76,1005.18,1092.3,1064.48
2018-04-02,1257.59,1253.61,1007.61,1177.21,1169.38,1005.18,1092.3,1064.48
2018-04-03,1246.59,1257.92,1006.21,1169.11,1161.34,1005.18,1092.3,1064.48
2018-04-04,1251.72,1268.7,1011.64,1176.85,1168.69,1005.18,1092.3,1064.48
2018-04-05,1255.34,1281.71,1020.83,1182.33,1173.75,1005.18,1092.3,1064.48
2018-04-06,1260.98,1284.76,1028.96,1187.4,1178.89,1005.18,1092.3,1064.48
2018-04-09,1264.53,1281.98,1026.6,1190.12,1180.97,1005.18,1092.3,1064.48
2018-04-10,1254.2,1266.77,1019.06,1178.91,1170.39,1005.18,1092.3,1064.48
2018-04-11,1221.06,1239.21,1004.1,1148.86,1141.66,1005.18,1092.3,1064.48
2018-04-12,1227.82,1244.75,1007.01,1154.97,1147.51,1005.18,1092.3,1064.48
2018-04-13,1217.84,1236.08,1006.12,1146.41,1139.23,1005.18,1092.3,1064.48
2018-04-16,1211.2,1233.35,1005.75,1140.8,1133.37,1005.18,1092.3,1064.48
2018-04-17,1213.66,1245.86,1009.62,1144.41,1136.49,1005.18,1092.3,1064.48
2018-04-18,1198.01,1231.11,1007.33,1130.96,1123.82,1005.18,1092.3,1064.48
2018-04-19,1144.74,1210.29,1000.11,1086.62,1083.35,1005.18,1092.3,1064.48
2018-04-20,1169.82,1224.05,1008.38,1107.4,1102.97,1005.18,1092.3,1064.48
2018-04-23,1133.23,1179.62,992.77,1072.86,1069.74,1005.18,1092.3,1064.48
2018-04-24,1132.44,1170.13,988.02,1071.1,1067.96,1005.18,1092.3,1064.48
2018-04-26,1094.81,1139.26,964.69,1038.82,1036.56,1005.18,1092.3,1064.48
2018-04-27,1104.48,1159.59,970.87,1049.69,1047.15,1005.18,1092.3,1064.48
2018-05-02,1088.22,1139.28,963.5,1034.17,1032.17,1005.18,1092.3,1064.48
2018-05-03,1085.54,1132.86,963.02,1030.76,1028.87,1005.18,1092.3,1064.48
2018-05-04,1086.12,1140.7,965.09,1032.74,1030.88,1005.18,1092.3,1064.48
2018-05-07,1126.02,1164.47,973.94,1066.41,1063.01,1005.18,1092.3,1064.48
2018-05-08,1125.81,1158.93,968.85,1064.43,1060.68,1005.18,1092.3,1064.48
2018-05-09,1124.76,1160.8,969.62,1063.78,1060.06,1005.18,1092.3,1064.48
2018-05-10,1096.06,1140.05,962.0,1038.32,1035.56,1005.18,1092.3,1064.48
2018-05-11,1108.44,1149.16,962.87,1049.27,1045.96,1005.18,1092.3,1064.48
2018-05-14,1130.66,1157.47,966.84,1068.39,1064.46,1005.18,1092.3,1064.48
2018-05-15,1135.0,1164.37,971.56,1072.44,1068.43,1005.18,1092.3,1064.48
2018-05-16,1112.21,1163.64,967.38,1054.59,1051.18,1005.18,1092.3,1064.48
2018-05-17,1083.33,1162.65,966.06,1031.65,1029.18,1005.18,1092.3,1064.48
2018-05-18,1099.59,1159.13,966.59,1043.52,1040.5,1005.18,1092.3,1064.48
2018-05-21,1072.7,1149.0,965.05,1019.9,1017.72,1005.18,1092.3,1064.48
2018-05-22,1031.54,1113.95,946.14,981.93,980.65,1005.18,1092.3,1064.48
2018-05-23,1041.86,1120.81,946.48,990.55,988.71,1005.18,1092.3,1064.48
2018-05-24,1033.27,1111.97,943.47,983.16,981.72,1005.18,1092.3,1064.48
2018-05-25,1008.52,1092.12,936.58,962.25,961.91,1005.18,1092.3,1064.48
2018-05-28,967.25,1035.01,908.95,923.29,924.2,1005.18,1092.3,1064.48
2018-05-29,996.22,1067.05,925.96,950.01,950.15,1005.18,1092.3,1064.48
2018-05-30,989.48,1058.98,926.13,943.53,944.06,1005.18,1092.3,1064.48
2018-05-31,1020.36,1079.53,936.04,970.19,969.71,1005.18,1092.3,1064.48
2018-06-01,1043.88,1090.63,942.07,990.22,989.05,1005.18,1092.3,1064.48
2018-06-04,1073.52,1114.23,950.94,1016.8,1014.65,1005.18,1092.3,1064.48
2018-06-05,1085.93,1135.23,957.97,1030.15,1027.69,1005.18,1092.3,1064.48
2018-06-06,1102.53,1153.71,961.37,1045.68,1042.47,1005.18,1092.3,1064.48
2018-06-07,1106.87,1154.21,963.25,1049.22,1045.98,1005.18,1092.3,1064.48
2018-06-08,1105.92,1154.06,960.23,1048.48,1045.1,1005.18,1092.3,1064.48
2018-06-11,1104.82,1140.55,960.19,1045.75,1042.67,1005.18,1092.3,1064.48
2018-06-12,1087.47,1120.62,953.25,1029.93,1027.56,1005.18,1092.3,1064.48
2018-06-13,1098.07,1124.0,955.84,1038.9,1036.1,1005.18,1092.3,1064.48
2018-06-14,1083.02,1129.09,957.19,1028.46,1026.33,1005.18,1092.3,1064.48
2018-06-15,1083.81,1127.16,956.46,1028.15,1026.01,1005.18,1092.3,1064.48
2018-06-18,1046.4,1097.35,947.13,995.01,994.03,1005.18,1092.3,1064.48
2018-06-19,1019.18,1057.73,924.84,967.5,966.67,1005.18,1092.3,1064.48
2018-06-20,1042.63,1074.96,933.7,988.14,986.66,1005.18,1092.3,1064.48
2018-06-21,1030.65,1057.84,930.95,976.48,975.6,1005.18,1092.3,1064.48
2018-06-22,1049.31,1071.17,934.21,993.07,991.74,1005.18,1092.3,1064.48
2018-06-25,1059.82,1079.32,933.79,1002.4,1000.53,1005.18,1092.3,1064.48
2018-06-26,1050.98,1076.27,934.66,995.04,993.52,1005.18,1092.3,1064.48
2018-06-27,1037.37,1065.39,934.24,983.57,982.67,1005.18,1092.3,1064.48
2018-06-28,1022.4,1039.89,927.4,968.68,968.04,1005.18,1092.3,1064.48
2018-06-29,1022.96,1037.25,931.88,968.6,968.22,1005.18,1092.3,1064.48
2018-07-02,1004.14,1012.56,914.31,950.8,950.56,1005.18,1092.3,1064.48
2018-07-03,962.95,975.33,893.94,912.59,913.55,1005.18,1092.3,1064.48
2018-07-04,972.58,986.2,895.38,922.39,922.66,1005.18,1092.3,1064.48
2018-07-05,954.1,964.75,882.85,905.46,905.95,1005.18,1092.3,1064.48
2018-07-06,977.69,988.89,892.62,926.71,926.5,1005.18,1092.3,1064.48
2018-07-09,970.25,977.95,892.09,919.26,919.53,1005.18,1092.3,1064.48
2018-07-10,969.42,975.02,889.25,917.63,917.86,1005.18,1092.3,1064.48
2018-07-11,951.26,954.14,872.16,901.31,901.56,1005.18,1092.3,1064.48
2018-07-12,954.21,962.31,874.22,904.66,904.9,1005.18,1092.3,1064.48
2018-07-13,971.56,979.57,882.13,919.87,919.54,1005.18,1092.3,1064.48
2018-07-16,976.67,991.12,884.77,925.69,925.22,1005.18,1092.3,1064.48
2018-07-17,988.93,1012.05,887.38,938.56,937.45,1005.18,1092.3,1064.48
2018-07-18,1010.41,1040.73,900.72,959.45,957.86,1005.18,1092.3,1064.48
2018-07-19,1016.53,1045.0,904.43,964.79,963.16,1005.18,1092.3,1064.48
2018-07-20,1000.77,1049.47,905.92,953.78,952.87,1005.18,1092.3,1064.48
2018-07-23,1005.97,1048.42,903.72,957.54,956.28,1005.18,1092.3,1064.48
2018-07-24,997.57,1053.29,904.95,952.32,951.52,1005.18,1092.3,1064.48
2018-07-25,989.09,1056.58,910.23,946.68,946.55,1005.18,1092.3,1064.48
2018-07-26,995.19,1051.82,909.99,950.85,950.59,1005.18,1092.3,1064.48
2018-07-27,1001.52,1071.27,913.45,958.52,957.85,1005.18,1092.3,1064.48
2018-07-30,1015.01,1089.3,916.87,971.43,970.05,1005.18,1092.3,1064.48
2018-07-31,1020.17,1090.59,920.37,975.38,973.92,1005.18,1092.3,1064.48
2018-08-01,1014.69,1085.67,918.67,970.38,969.12,1005.18,1092.3,1064.48
2018-08-02,1013.12,1083.98,915.15,968.76,967.34,1005.18,1092.3,1064.48
2018-08-03,1016.64,1089.93,912.74,972.9,971.24,1005.18,1092.3,1064.48
2018-08-06,1015.26,1089.15,911.4,971.54,969.83,1005.18,1092.3,1064.48
2018-08-07,1012.11,1079.1,907.86,966.4,964.5,1005.18,1092.3,1064.48
2018-08-08,1022.01,1085.63,910.96,974.76,972.47,1005.18,1092.3,1064.48
2018-08-09,1020.24,1087.98,911.43,973.11,970.73,1005.18,1092.3,1064.48
2018-08-10,1025.01,1091.47,912.0,977.21,974.59,1005.18,1092.3,1064.48
2018-08-13,1038.06,1099.0,913.53,987.6,984.22,1005.18,1092.3,1064.48
2018-08-14,1044.09,1101.38,915.62,992.77,989.27,1005.18,1092.3,1064.48
2018-08-15,1024.86,1086.14,910.15,975.89,973.17,1005.18,1092.3,1064.48
2018-08-16,1028.33,1084.94,911.7,978.27,975.49,1005.18,1092.3,1064.48
2018-08-17,1027.3,1083.7,912.13,977.34,974.65,1005.18,1092.3,1064.48
2018-08-20,1023.43,1093.27,910.3,976.41,973.76,1005.18,1092.3,1064.48
2018-08-21,1033.84,1107.68,915.21,986.97,984.01,1005.18,1092.3,1064.48
2018-08-22,1038.56,1110.58,919.41,991.0,988.03,1005.18,1092.3,1064.48
2018-08-23,1039.98,1114.97,923.83,993.03,990.25,1005.18,1092.3,1064.48
2018-08-24,1039.42,1115.81,926.64,992.5,989.84,1005.18,1092.3,1064.48
2018-08-27,1046.41,1115.07,932.05,997.28,994.54,1005.18,1092.3,1064.48
2018-08-28,1051.24,1120.12,927.51,1001.55,998.21,1005.18,1092.3,1064.48
2018-08-29,1044.72,1122.1,925.39,996.65,993.39,1005.18,1092.3,1064.48
2018-08-30,1056.02,1130.68,928.03,1006.31,1002.52,1005.18,1092.3,1064.48
2018-08-31,1049.31,1126.01,928.51,1000.64,997.28,1005.18,1092.3,1064.48
2018-09-04,1029.73,1113.03,925.6,983.84,981.38,1005.18,1092.3,1064.48
2018-09-05,1020.92,1105.42,921.79,975.46,973.17,1005.18,1092.3,1064.48
2018-09-06,1011.29,1100.01,918.03,966.25,964.02,1005.18,1092.3,1064.48
2018-09-07,1025.9,1105.27,921.78,978.43,975.76,1005.18,1092.3,1064.48
2018-09-10,1023.43,1101.73,921.64,976.53,974.14,1005.18,1092.3,1064.48
2018-09-11,1040.35,1119.11,929.18,992.93,990.16,1005.18,1092.3,1064.48
2018-09-12,1040.09,1118.43,932.39,992.71,990.18,1005.18,1092.3,1064.48
2018-09-13,1038.46,1123.31,936.26,992.08,989.74,1005.18,1092.3,1064.48
2018-09-14,1041.89,1122.94,940.9,994.81,992.62,1005.18,1092.3,1064.48
2018-09-17,1035.24,1121.74,944.46,989.79,988.17,1005.18,1092.3,1064.48
2018-09-18,1041.71,1131.99,951.13,996.7,995.11,1005.18,1092.3,1064.48
2018-09-19,1044.91,1139.62,957.47,1000.1,998.56,1005.18,1092.3,1064.48
2018-09-20,1054.11,1153.79,960.51,1008.97,1006.9,1005.18,1092.3,1064.48
2018-09-21,1057.64,1153.87,961.18,1011.85,1009.71,1005.18,1092.3,1064.48
2018-09-24,1069.75,1155.47,966.09,1021.06,1018.61,1005.18,1092.3,1064.48
2018-09-25,1069.23,1163.49,972.06,1022.02,1019.82,1005.18,1092.3,1064.48
2018-09-26,1068.45,1170.54,982.01,1022.48,1020.77,1005.18,1092.3,1064.48
2018-09-27,1073.94,1178.7,988.86,1028.11,1026.46,1005.18,1092.3,1064.48
2018-09-28,1079.67,1178.78,987.43,1032.08,1030.0,1005.18,1092.3,1064.48
2018-10-01,1074.98,1176.1,982.95,1028.1,1026.0,1005.18,1092.3,1064.48
2018-10-02,1072.23,1170.35,981.66,1025.94,1024.17,1005.18,1092.3,1064.48
2018-10-03,1075.18,1174.59,984.86,1028.87,1027.09,1005.18,1092.3,1064.48
2018-10-04,1079.01,1184.6,988.36,1033.04,1031.07,1005.18,1092.3,1064.48
2018-10-05,1065.58,1170.69,982.28,1020.14,1018.34,1005.18,1092.3,1064.48
2018-10-08,1054.2,1166.23,979.89,1010.33,1008.57,1005.18,1092.3,1064.48
2018-10-09,1051.04,1163.11,979.86,1007.14,1005.37,1005.18,1092.3,1064.48
2018-10-10,1049.84,1156.28,977.57,1004.97,1003.14,1005.18,1092.3,1064.48
2018-10-11,999.59,1091.61,937.74,955.99,955.47,1005.18,1092.3,1064.48
2018-10-12,1025.09,1115.98,950.54,979.64,978.45,1005.18,1092.3,1064.48
2018-10-15,1008.86,1104.08,942.44,965.22,964.46,1005.18,1092.3,1064.48
2018-10-16,1020.93,1112.62,950.72,976.18,975.59,1005.18,1092.3,1064.48
2018-10-17,1027.99,1122.19,954.55,983.21,982.38,1005.18,1092.3,1064.48
2018-10-18,1018.89,1110.47,951.08,974.44,974.17,1005.18,1092.3,1064.48
2018-10-19,1012.53,1110.0,948.8,969.84,970.01,1005.18,1092.3,1064.48
2018-10-22,1002.81,1092.58,940.14,959.71,960.03,1005.18,1092.3,1064.48
2018-10-23,986.78,1069.49,927.92,943.76,944.34,1005.18,1092.3,1064.48
2018-10-24,974.28,1055.46,922.73,932.09,933.1,1005.18,1092.3,1064.48
2018-10-25,965.98,1043.97,913.18,923.2,924.02,1005.18,1092.3,1064.48
2018-10-26,957.5,1032.65,909.82,915.3,916.51,1005.18,1092.3,1064.48
2018-10-29,950.29,1025.1,905.08,908.71,910.07,1005.18,1092.3,1064.48
2018-10-30,949.89,1018.73,902.93,906.78,907.97,1005.18,1092.3,1064.48
2018-10-31,979.79,1043.0,917.23,932.63,932.89,1005.18,1092.3,1064.48
2018-11-01,964.74,1034.76,912.81,919.51,920.18,1005.18,1092.3,1064.48
2018-11-02,981.81,1049.04,922.42,935.23,935.63,1005.18,1092.3,1064.48
2018-11-05,983.33,1052.71,922.65,936.6,936.83,1005.18,1092.3,1064.48
2018-11-06,977.66,1054.56,927.6,932.88,933.65,1005.18,1092.3,1064.48
2018-11-07,977.27,1049.72,926.65,932.17,933.05,1005.18,1092.3,1064.48
2018-11-08,978.52,1058.41,929.21,934.57,935.46,1005.18,1092.3,1064.48
2018-11-09,962.49,1046.95,926.64,920.37,921.89,1005.18,1092.3,1064.48
2018-11-12,965.26,1046.12,927.05,922.27,923.7,1005.18,1092.3,1064.48
2018-11-13,949.69,1039.75,928.61,909.0,911.14,1005.18,1092.3,1064.48
2018-11-14,947.17,1040.41,924.55,907.84,910.0,1005.18,1092.3,1064.48
2018-11-15,940.03,1036.04,923.07,901.08,903.38,1005.18,1092.3,1064.48
2018-11-16,944.66,1041.31,924.54,904.62,906.62,1005.18,1092.3,1064.48
2018-11-19,965.87,1050.02,930.44,923.19,924.42,1005.18,1092.3,1064.48
2018-11-20,970.58,1051.09,932.32,927.21,928.37,1005.18,1092.3,1064.48
2018-11-21,974.94,1052.7,934.32,931.18,932.4,1005.18,1092.3,1064.48
2018-11-22,976.9,1052.96,935.55,932.99,934.23,1005.18,1092.3,1064.48
2018-11-23,967.9,1045.2,933.29,924.97,926.43,1005.18,1092.3,1064.48
2018-11-26,973.05,1040.57,931.33,929.25,930.73,1005.18,1092.3,1064.48
2018-11-27,973.32,1037.28,927.61,929.74,931.25,1005.18,1092.3,1064.48
2018-11-28,979.95,1041.94,926.5,935.76,936.95,1005.18,1092.3,1064.48
2018-11-29,975.8,1039.13,921.92,931.95,933.0,1005.18,1092.3,1064.48
2018-11-30,972.77,1041.72,923.74,930.37,931.73,1005.18,1092.3,1064.48
2018-12-03,1002.05,1063.31,930.87,956.43,956.98,1005.18,1092.3,1064.48
2018-12-04,1008.29,1067.98,933.96,962.31,962.87,1005.18,1092.3,1064.48
2018-12-05,1006.35,1064.96,934.56,959.81,960.29,1005.18,1092.3,1064.48
2018-12-06,1003.28,1069.87,932.4,958.12,958.5,1005.18,1092.3,1064.48
2018-12-07,1010.69,1075.78,936.72,964.95,965.29,1005.18,1092.3,1064.48
2018-12-10,1003.33,1068.07,936.56,958.46,959.26,1005.18,1092.3,1064.48
2018-12-11,1002.81,1067.32,934.03,957.94,958.63,1005.18,1092.3,1064.48
2018-12-12,1008.64,1077.98,936.64,963.8,964.21,1005.18,1092.3,1064.48
2018-12-13,1009.94,1078.5,937.4,965.16,965.6,1005.18,1092.3,1064.48
2018-12-14,998.95,1076.65,935.51,956.74,957.6,1005.18,1092.3,1064.48
2018-12-17,980.05,1055.1,924.13,939.11,940.37,1005.18,1092.3,1064.48
2018-12-18,968.38,1043.12,916.89,928.09,929.48,1005.18,1092.3,1064.48
2018-12-19,959.8,1038.6,912.71,920.6,922.03,1005.18,1092.3,1064.48
2018-12-20,953.54,1048.29,912.23,917.02,918.43,1005.18,1092.3,1064.48
2018-12-21,949.26,1047.53,913.3,913.12,914.55,1005.18,1092.3,1064.48
2018-12-24,950.06,1037.39,905.38,912.62,913.89,1005.18,1092.3,1064.48
2018-12-25,941.41,1018.14,893.6,902.96,904.13,1005.18,1092.3,1064.48
2018-12-26,936.33,1014.9,892.56,898.59,899.93,1005.18,1092.3,1064.48
2018-12-27,941.94,1030.69,897.15,905.42,906.59,1005.18,1092.3,1064.48
2018-12-28,930.75,1027.71,892.16,894.48,895.78,1005.18,1092.3,1064.48
2019-01-02,931.48,1008.37,885.82,893.79,895.13,1005.18,1092.3,1064.48
2019-01-03,913.12,994.98,871.67,877.89,879.37,1005.18,1092.3,1064.48
2019-01-04,914.62,998.46,870.51,880.0,881.44,1005.18,1092.3,1064.48
2019-01-07,926.86,1002.66,877.45,890.83,892.42,1005.18,1092.3,1064.48
2019-01-08,920.35,1000.62,877.31,885.53,887.36,1005.18,1092.3,1064.48
2019-01-09,931.32,1010.11,881.28,895.6,897.16,1005.18,1092.3,1064.48
2019-01-10,933.98,1009.55,881.13,897.41,898.83,1005.18,1092.3,1064.48
2019-01-11,936.54,1015.61,883.58,900.67,902.19,1005.18,1092.3,1064.48
2019-01-14,935.58,1010.68,882.68,899.34,900.97,1005.18,1092.3,1064.48
2019-01-15,941.76,1018.98,889.96,905.24,906.88,1005.18,1092.3,1064.48
2019-01-16,940.88,1019.06,889.06,904.39,905.9,1005.18,1092.3,1064.48
2019-01-17,928.96,1015.78,887.86,894.93,896.91,1005.18,1092.3,1064.48
2019-01-18,930.54,1014.13,888.24,896.2,898.23,1005.18,1092.3,1064.48
2019-01-21,940.68,1020.04,889.39,904.63,906.2,1005.18,1092.3,1064.48
2019-01-22,935.31,1028.72,887.99,902.1,903.77,1005.18,1092.3,1064.48
2019-01-23,938.1,1033.07,892.31,904.99,906.74,1005.18,1092.3,1064.48
2019-01-24,942.23,1032.79,892.91,908.21,909.86,1005.18,1092.3,1064.48
2019-01-25,944.6,1030.39,894.39,909.68,911.35,1005.18,1092.3,1064.48
2019-01-28,945.75,1030.27,888.49,910.79,912.14,1005.18,1092.3,1064.48
2019-01-29,949.31,1035.56,888.3,914.31,915.44,1005.18,1092.3,1064.48
2019-01-30,946.19,1034.8,891.13,911.7,913.08,1005.18,1092.3,1064.48
2019-01-31,942.82,1037.1,892.15,909.5,911.02,1005.18,1092.3,1064.48
2019-02-01,936.02,1049.58,901.24,905.29,907.52,1005.18,1092.3,1064.48
2019-02-11,956.55,1064.1,908.36,924.07,925.94,1005.18,1092.3,1064.48
2019-02-12,967.07,1079.2,913.42,935.86,937.62,1005.18,1092.3,1064.48
2019-02-13,976.97,1088.98,920.94,944.39,946.03,1005.18,1092.3,1064.48
2019-02-14,979.91,1090.29,922.55,949.91,951.56,1005.18,1092.3,1064.48
2019-02-15,977.32,1092.81,921.66,947.63,949.35,1005.18,1092.3,1064.48
2019-02-18,985.15,1105.82,924.08,956.6,958.09,1005.18,1092.3,1064.48
2019-02-19,988.3,1094.49,916.34,960.53,961.59,1005.18,1092.3,1064.48
2019-02-20,992.63,1094.69,915.82,965.64,966.43,1005.18,1092.3,1064.48
2019-02-21,1008.19,1094.24,914.38,982.06,982.19,1005.18,1092.3,1064.48
2019-02-22,1011.9,1097.37,912.85,983.47,983.39,1005.18,1092.3,1064.48
2019-02-25,1022.75,1107.82,917.51,991.44,991.22,1005.18,1092.3,1064.48
2019-02-26,1012.37,1115.85,919.55,984.36,984.36,1005.18,1092.3,1064.48
2019-02-27,1013.61,1127.04,921.92,988.16,988.22,1005.18,1092.3,1064.48
2019-02-28,985.77,1112.51,917.11,961.18,962.08,1005.18,1092.3,1064.48
2019-03-01,997.03,1126.53,930.95,973.49,974.42,1005.18,1092.3,1064.48
2019-03-04,1011.3,1138.61,941.85,987.36,988.2,1005.18,1092.3,1064.48
2019-03-05,1006.12,1137.38,945.42,982.34,983.58,1005.18,1092.3,1064.48
2019-03-06,1006.03,1143.6,957.45,983.65,985.37,1005.18,1092.3,1064.48
2019-03-07,1004.62,1137.2,957.25,982.55,984.34,1005.18,1092.3,1064.48
2019-03-08,996.4,1122.25,952.98,973.48,975.41,1005.18,1092.3,1064.48
2019-03-11,998.03,1124.96,958.84,974.94,977.1,1005.18,1092.3,1064.48
2019-03-12,1012.87,1134.41,964.31,988.53,990.26,1005.18,1092.3,1064.48
2019-03-13,1019.01,1134.12,968.44,993.5,995.08,1005.18,1092.3,1064.48
2019-03-14,1017.93,1137.9,973.92,993.72,995.55,1005.18,1092.3,1064.48
2019-03-15,1010.2,1133.57,972.02,987.15,989.25,1005.18,1092.3,1064.48
2019-03-18,1016.4,1137.27,979.95,993.92,996.18,1005.18,1092.3,1064.48
2019-03-19,1010.74,1128.14,980.03,988.13,990.67,1005.18,1092.3,1064.48
2019-03-20,1006.99,1125.8,983.6,983.52,986.51,1005.18,1092.3,1064.48
2019-03-21,989.28,1106.51,972.66,964.17,967.45,1005.18,1092.3,1064.48
2019-03-22,994.07,1105.97,969.04,969.75,972.66,1005.18,1092.3,1064.48
2019-03-25,973.51,1081.64,955.52,949.03,952.28,1005.18,1092.3,1064.48
2019-03-26,974.8,1088.41,955.5,950.37,953.48,1005.18,1092.3,1064.48
2019-03-27,982.62,1095.46,963.95,957.47,960.59,1005.18,1092.3,1064.48
2019-03-28,982.5,1101.3,966.01,960.04,963.17,1005.18,1092.3,1064.48
2019-03-29,980.84,1099.9,969.36,958.37,961.72,1005.18,1092.3,1064.48
2019-04-01,987.09,1106.55,968.87,965.83,968.92,1005.18,1092.3,1064.48
2019-04-02,984.61,1107.48,968.66,964.11,967.29,1005.18,1092.3,1064.48
2019-04-03,982.33,1112.27,970.04,962.16,965.42,1005.18,1092.3,1064.48
2019-04-04,985.41,1116.82,979.38,964.89,968.42,1005.18,1092.3,1064.48
2019-04-05,986.87,1123.33,981.78,966.89,970.35,1005.18,1092.3,1064.48
2019-04-08,988.9,1127.09,980.95,970.06,973.36,1005.18,1092.3,1064.48
2019-04-09,981.83,1115.85,974.27,961.23,964.57,1005.18,1092.3,1064.48
2019-04-10,974.33,1105.42,972.39,953.78,957.42,1005.18,1092.3,1064.48
2019-04-11,977.44,1107.81,977.2,957.96,961.62,1005.18,1092.3,1064.48
2019-04-12,974.23,1109.36,980.58,955.25,959.22,1005.18,1092.3,1064.48
2019-04-16,968.4,1103.08,976.72,948.83,952.98,1005.18,1092.3,1064.48
2019-04-17,966.11,1091.66,967.43,943.44,947.3,1005.18,1092.3,1064.48
2019-04-18,956.69,1077.41,960.95,934.46,938.54,1005.18,1092.3,1064.48
2019-04-19,960.51,1083.91,964.7,937.99,941.88,1005.18,1092.3,1064.48
2019-04-22,958.01,1074.22,954.67,935.44,938.79,1005.18,1092.3,1064.48
2019-04-23,958.48,1076.05,956.28,935.99,939.19,1005.18,1092.3,1064.48
2019-04-24,969.79,1083.18,962.74,946.24,949.37,1005.18,1092.3,1064.48
2019-04-25,966.52,1079.65,960.85,943.52,946.72,1005.18,1092.3,1064.48
2019-04-26,971.87,1085.0,961.29,949.32,952.23,1005.18,1092.3,1064.48
2019-05-02,975.49,1080.49,958.88,951.16,953.86,1005.18,1092.3,1064.48
2019-05-03,977.18,1077.2,954.33,950.94,953.51,1005.18,1092.3,1064.48
2019-05-06,959.04,1058.39,946.61,934.34,937.39,1005.18,1092.3,1064.48
2019-05-07,957.1,1060.75,948.6,933.01,936.27,1005.18,1092.3,1064.48
2019-05-08,952.47,1055.25,948.6,927.64,931.12,1005.18,1092.3,1064.48
2019-05-10,956.47,1063.45,947.21,931.34,934.67,1005.18,1092.3,1064.48
2019-05-13,959.95,1072.05,949.12,936.73,940.09,1005.18,1092.3,1064.48
2019-05-14,963.26,1075.03,949.64,939.98,943.3,1005.18,1092.3,1064.48
2019-05-15,974.77,1087.69,955.76,951.14,954.19,1005.18,1092.3,1064.48
2019-05-16,973.36,1089.23,953.63,951.77,954.83,1005.18,1092.3,1064.48
2019-05-17,973.32,1087.77,956.0,951.5,954.62,1005.18,1092.3,1064.48
2019-05-20,984.83,1094.68,958.81,961.0,963.85,1005.18,1092.3,1064.48
2019-05-21,985.2,1093.69,961.98,960.06,962.86,1005.18,1092.3,1064.48
2019-05-22,981.16,1091.85,961.87,956.55,959.46,1005.18,1092.3,1064.48
2019-05-23,979.0,1096.67,963.92,955.22,958.28,1005.18,1092.3,1064.48
2019-05-24,967.42,1090.16,961.33,944.16,947.54,1005.18,1092.3,1064.48
2019-05-27,972.58,1090.76,960.71,948.6,951.91,1005.18,1092.3,1064.48
2019-05-28,968.28,1094.9,962.26,944.55,948.0,1005.18,1092.3,1064.48
2019-05-29,966.37,1093.34,964.94,943.95,947.68,1005.18,1092.3,1064.48
2019-05-30,966.21,1090.61,964.91,942.67,946.37,1005.18,1092.3,1064.48
2019-05-31,958.47,1076.71,956.55,934.48,938.12,1005.18,1092.3,1064.48
2019-06-03,945.11,1060.26,942.2,921.51,925.15,1005.18,1092.3,1064.48
2019-06-04,945.41,1059.91,945.71,922.15,925.96,1005.18,1092.3,1064.48
2019-06-05,945.76,1063.73,951.84,923.62,927.72,1005.18,1092.3,1064.48
2019-06-06,943.15,1062.9,950.2,921.46,925.53,1005.18,1092.3,1064.48
2019-06-07,952.18,1074.51,958.27,930.78,934.74,1005.18,1092.3,1064.48
2019-06-10,955.39,1079.88,962.4,934.09,938.12,1005.18,1092.3,1064.48
2019-06-11,953.66,1087.24,961.05,933.43,937.31,1005.18,1092.3,1064.48
2019-06-12,947.65,1081.95,958.67,927.04,931.11,1005.18,1092.3,1064.48
2019-06-13,941.49,1080.85,959.81,921.94,926.2,1005.18,1092.3,1064.48
2019-06-14,943.65,1080.89,960.48,923.58,927.8,1005.18,1092.3,1064.48
2019-06-17,934.17,1073.9,958.86,914.29,918.92,1005.18,1092.3,1064.48
2019-06-18,928.89,1067.65,957.95,909.19,914.0,1005.18,1092.3,1064.48
2019-06-19,935.65,1073.9,959.92,915.88,920.53,1005.18,1092.3,1064.48
2019-06-20,946.88,1081.24,963.18,925.15,929.41,1005.18,1092.3,1064.48
2019-06-21,949.0,1079.11,962.28,925.77,930.01,1005.18,1092.3,1064.48
2019-06-24,951.64,1077.99,962.2,928.33,932.36,1005.18,1092.3,1064.48
2019-06-25,951.16,1079.6,959.16,928.18,932.1,1005.18,1092.3,1064.48
2019-06-26,949.31,1076.22,962.18,926.49,930.68,1005.18,1092.3,1064.48
2019-06-27,935.73,1069.02,957.05,914.29,918.82,1005.18,1092.3,1064.48
2019-06-28,946.5,1077.3,959.51,923.91,928.04,1005.18,1092.3,1064.48
2019-07-01,959.66,1082.34,967.51,935.68,939.7,1005.18,1092.3,1064.48
2019-07-02,956.03,1079.02,966.01,932.47,936.54,1005.18,1092.3,1064.48
2019-07-03,952.37,1078.53,968.66,930.24,934.6,1005.18,1092.3,1064.48
2019-07-04,963.48,1086.0,970.47,941.05,944.93,1005.18,1092.3,1064.48
2019-07-05,964.04,1088.16,972.75,942.96,946.85,1005.18,1092.3,1064.48
2019-07-08,953.84,1087.28,970.48,933.76,937.92,1005.18,1092.3,1064.48
2019-07-09,955.42,1089.02,974.73,935.67,939.95,1005.18,1092.3,1064.48
2019-07-10,959.7,1089.12,976.39,938.9,943.12,1005.18,1092.3,1064.48
2019-07-11,962.96,1091.18,978.07,941.32,945.47,1005.18,1092.3,1064.48
2019-07-12,958.46,1090.48,977.01,937.37,941.59,1005.18,1092.3,1064.48
2019-07-15,957.06,1089.78,978.94,935.02,939.31,1005.18,1092.3,1064.48
2019-07-16,964.95,1085.8,975.96,942.11,946.0,1005.18,1092.3,1064.48
2019-07-17,963.68,1092.06,975.58,942.32,946.25,1005.18,1092.3,1064.48
2019-07-18,953.89,1090.6,973.77,934.84,939.03,1005.18,1092.3,1064.48
2019-07-19,964.82,1091.28,974.14,944.05,947.93,1005.18,1092.3,1064.48
2019-07-22,963.54,1085.53,966.66,941.91,945.51,1005.18,1092.3,1064.48
2019-07-23,973.23,1085.87,965.32,950.86,954.06,1005.18,1092.3,1064.48
2019-07-24,972.28,1084.3,963.05,951.06,954.28,1005.18,1092.3,1064.48
2019-07-25,975.59,1085.85,967.05,954.86,958.08,1005.18,1092.3,1064.48
2019-07-26,972.77,1081.79,967.25,951.73,955.03,1005.18,1092.3,1064.48
2019-07-29,973.54,1078.27,963.96,952.29,955.47,1005.18,1092.3,1064.48
2019-07-30,961.9,1070.94,957.14,940.14,943.62,1005.18,1092.3,1064.48
2019-07-31,967.67,1072.63,956.21,946.78,949.78,1005.18,1092.3,1064.48
2019-08-01,972.27,1078.52,959.17,953.17,956.13,1005.18,1092.3,1064.48
2019-08-02,969.97,1075.91,966.88,949.75,953.14,1005.18,1092.3,1064.48
2019-08-05,955.84,1073.51,967.86,934.46,938.4,1005.18,1092.3,1064.48
2019-08-06,948.98,1064.78,965.16,927.9,932.06,1005.18,1092.3,1064.48
2019-08-07,951.32,1064.5,966.3,929.11,933.22,1005.18,1092.3,1064.48
2019-08-08,960.12,1073.94,973.74,939.11,943.19,1005.18,1092.3,1064.48
2019-08-09,963.2,1081.26,972.58,941.33,945.17,1005.18,1092.3,1064.48
2019-08-12,967.16,1079.75,970.74,943.67,947.29,1005.18,1092.3,1064.48
2019-08-13,962.49,1074.34,966.31,937.44,940.99,1005.18,1092.3,1064.48
2019-08-14,965.27,1074.36,967.46,939.6,943.14,1005.18,1092.3,1064.48
2019-08-15,977.36,1073.26,968.83,950.19,953.49,1005.18,1092.3,1064.48
2019-08-16,979.18,1081.26,969.73,953.02,956.34,1005.18,1092.3,1064.48
2019-08-19,978.46,1082.09,973.52,953.24,956.75,1005.18,1092.3,1064.48
2019-08-20,981.39,1087.8,981.37,957.02,960.61,1005.18,1092.3,1064.48
2019-08-21,988.07,1087.82,981.7,962.42,965.79,1005.18,1092.3,1064.48
2019-08-22,988.89,1088.21,984.33,964.64,968.18,1005.18,1092.3,1064.48
2019-08-23,988.06,1085.08,984.18,962.1,965.67,1005.18,1092.3,1064.48
2019-08-26,979.23,1079.85,984.93,954.09,958.0,1005.18,1092.3,1064.48
2019-08-27,973.12,1081.96,982.0,949.17,953.05,1005.18,1092.3,1064.48
2019-08-28,972.21,1081.94,978.01,948.68,952.41,1005.18,1092.3,1064.48
2019-08-29,975.89,1087.81,976.28,952.82,956.44,1005.18,1092.3,1064.48
2019-08-30,979.6,1092.96,974.94,956.99,960.38,1005.18,1092.3,1064.48
2019-09-03,975.71,1077.07,963.82,951.91,955.1,1005.18,1092.3,1064.48
2019-09-04,973.68,1076.41,962.02,950.72,953.85,1005.18,1092.3,1064.48
2019-09-05,972.72,1075.37,960.57,949.41,952.46,1005.18,1092.3,1064.48
2019-09-06,972.56,1075.89,959.01,949.13,952.12,1005.18,1092.3,1064.48
2019-09-09,972.19,1073.31,952.32,949.21,952.03,1005.18,1092.3,1064.48
2019-09-10,969.37,1069.72,942.94,945.99,948.52,1005.18,1092.3,1064.48
2019-09-11,972.09,1075.23,948.51,947.37,949.97,1005.18,1092.3,1064.48
2019-09-12,981.75,1082.88,954.9,955.25,957.7,1005.18,1092.3,1064.48
2019-09-13,993.53,1089.41,957.14,965.02,967.12,1005.18,1092.3,1064.48
2019-09-16,998.98,1095.28,959.05,970.29,972.27,1005.18,1092.3,1064.48
2019-09-17,1003.14,1101.24,959.7,975.21,977.0,1005.18,1092.3,1064.48
2019-09-18,1004.35,1100.58,958.09,975.87,977.59,1005.18,1092.3,1064.48
2019-09-19,1010.29,1101.61,960.5,979.78,981.37,1005.18,1092.3,1064.48
2019-09-20,1006.2,1095.52,959.79,974.57,976.24,1005.18,1092.3,1064.48
2019-09-23,1000.5,1089.96,950.45,970.15,971.72,1005.18,1092.3,1064.48
2019-09-24,1001.36,1094.28,950.57,972.39,973.99,1005.18,1092.3,1064.48
2019-09-25,1003.19,1095.85,954.58,973.38,975.07,1005.18,1092.3,1064.48
2019-09-26,1009.63,1101.67,953.88,978.28,979.8,1005.18,1092.3,1064.48
2019-09-27,1017.03,1103.38,949.92,984.44,985.51,1005.18,1092.3,1064.48
2019-09-30,1014.9,1104.38,949.55,982.96,984.07,1005.18,1092.3,1064.48
2019-10-01,1018.66,1108.66,954.22,985.45,986.56,1005.18,1092.3,1064.48
2019-10-02,1011.42,1105.11,948.0,978.57,979.66,1005.18,1092.3,1064.48
2019-10-03,1013.59,1106.68,954.69,980.88,982.22,1005.18,1092.3,1064.48
2019-10-04,1006.87,1103.33,957.49,975.68,977.39,1005.18,1092.3,1064.48
2019-10-07,998.44,1096.34,953.41,968.38,970.28,1005.18,1092.3,1064.48
2019-10-08,1006.99,1098.14,954.26,974.05,975.69,1005.18,1092.3,1064.48
2019-10-09,1006.19,1098.23,952.69,973.43,974.95,1005.18,1092.3,1064.48
2019-10-10,1004.55,1098.47,949.47,972.57,973.99,1005.18,1092.3,1064.48
2019-10-11,1008.54,1099.44,951.94,975.97,977.4,1005.18,1092.3,1064.48
2019-10-14,1014.29,1100.6,952.01,979.49,980.77,1005.18,1092.3,1064.48
2019-10-15,1015.79,1101.71,952.14,980.08,981.34,1005.18,1092.3,1064.48
2019-10-16,1017.3,1099.4,951.59,981.11,982.36,1005.18,1092.3,1064.48
2019-10-17,1011.2,1101.96,949.21,977.19,978.52,1005.18,1092.3,1064.48
2019-10-18,1011.23,1100.32,949.5,977.61,979.0,1005.18,1092.3,1064.48
2019-10-21,1005.59,1096.18,948.47,973.19,974.82,1005.18,1092.3,1064.48
2019-10-22,1008.68,1093.6,950.16,974.35,975.93,1005.18,1092.3,1064.48
2019-10-23,1011.76,1090.54,948.48,976.22,977.63,1005.18,1092.3,1064.48
2019-10-24,1017.97,1099.22,947.36,982.13,983.19,1005.18,1092.3,1064.48
2019-10-25,1019.95,1096.21,947.37,983.33,984.42,1005.18,1092.3,1064.48
2019-10-28,1018.76,1098.39,949.45,982.81,984.01,1005.18,1092.3,1064.48
2019-10-29,1016.56,1094.18,945.42,981.72,982.82,1005.18,1092.3,1064.48
2019-10-30,1017.77,1099.99,944.5,984.56,985.48,1005.18,1092.3,1064.48
2019-10-31,1015.14,1089.52,938.85,980.65,981.41,1005.18,1092.3,1064.48
2019-11-01,1027.1,1091.09,936.03,995.06,995.24,1005.18,1092.3,1064.48
2019-11-04,1034.47,1092.38,934.77,1000.0,999.79,1005.18,1092.3,1064.48
2019-11-05,1037.34,1096.05,938.09,1003.26,1002.93,1005.18,1092.3,1064.48
2019-11-06,1037.38,1098.32,939.94,1004.42,1004.16,1005.18,1092.3,1064.48
2019-11-07,1039.8,1096.95,940.78,1005.3,1004.95,1005.18,1092.3,1064.48
2019-11-08,1040.3,1096.04,941.21,1004.61,1004.31,1005.18,1092.3,1064.48
2019-11-11,1034.82,1093.08,940.22,1000.01,999.84,1005.18,1092.3,1064.48
2019-11-12,1034.93,1094.37,944.0,999.63,999.6,1005.18,1092.3,1064.48
2019-11-13,1026.98,1091.97,942.43,992.98,993.13,1005.18,1092.3,1064.48
2019-11-14,1022.4,1091.05,939.45,989.77,990.0,1005.18,1092.3,1064.48
2019-11-15,1021.32,1087.9,937.06,988.14,988.24,1005.18,1092.3,1064.48
2019-11-18,1014.26,1084.0,936.49,981.73,981.99,1005.18,1092.3,1064.48
2019-11-19,1019.9,1088.57,937.09,986.79,986.91,1005.18,1092.3,1064.48
2019-11-20,1009.91,1091.95,937.97,979.77,980.23,1005.18,1092.3,1064.48
2019-11-21,989.24,1088.68,940.12,964.08,965.32,1005.18,1092.3,1064.48
2019-11-22,982.72,1075.7,928.61,957.03,958.15,1005.18,1092.3,1064.48
2019-11-25,985.46,1068.76,927.52,957.38,958.48,960.2,954.74,954.68
2019-11-26,988.43,1070.11,932.55,959.54,960.72,968.38,959.21,958.68
2019-11-27,985.74,1072.61,935.03,957.79,959.15,965.53,956.69,955.51
2019-11-28,975.43,1067.27,933.29,949.14,950.87,946.37,941.79,942.51
2019-11-29,977.38,1071.56,937.21,951.65,953.4,948.89,943.96,944.83
2019-12-02,963.76,1062.01,929.4,939.81,941.67,932.3,921.44,923.73
2019-12-03,956.69,1059.04,928.31,934.11,936.14,928.6,911.01,914.26
2019-12-04,973.08,1066.27,933.71,947.05,948.77,953.2,945.54,944.93
2019-12-05,968.41,1064.48,934.77,943.85,945.75,944.46,941.09,940.21
2019-12-06,969.63,1066.26,937.01,944.7,946.61,944.52,940.16,938.79
2019-12-09,969.09,1066.83,941.43,945.17,947.32,939.89,934.35,932.92
2019-12-10,961.62,1060.78,938.74,938.85,941.2,934.88,926.13,924.17
2019-12-11,967.25,1059.89,942.91,942.49,944.86,948.08,935.1,932.18
2019-12-12,974.44,1067.55,945.61,948.53,950.74,956.2,946.22,942.63
2019-12-13,969.76,1064.01,946.45,942.87,945.35,955.49,949.01,944.38
2019-12-16,965.46,1065.38,952.08,939.01,941.95,952.56,940.39,938.68
2019-12-17,955.32,1059.29,952.04,930.0,933.35,939.63,929.33,928.4
2019-12-18,950.61,1051.56,948.56,924.7,928.23,932.39,927.57,925.63
2019-12-19,949.59,1046.69,947.47,923.81,927.38,930.21,923.02,920.09
2019-12-20,956.35,1045.0,954.45,928.7,932.33,939.98,933.92,931.11
2019-12-23,956.16,1046.39,953.32,928.07,931.61,942.01,943.92,939.17
2019-12-24,956.16,1046.39,953.32,928.07,931.61,942.01,943.92,939.17
2019-12-25,961.64,1052.32,955.91,932.45,935.87,952.09,943.48,938.69
2019-12-26,961.18,1052.58,950.07,932.68,935.83,951.84,941.07,936.52
2019-12-27,965.93,1054.47,946.44,936.57,939.41,955.03,947.99,942.26
2019-12-30,970.6,1054.7,940.61,940.46,942.77,961.29,955.07,949.98
2019-12-31,969.24,1053.95,939.01,938.8,941.12,959.35,956.05,951.17
2020-01-02,977.86,1056.57,939.86,945.6,947.66,972.12,970.12,963.53
2020-01-03,973.89,1055.65,936.36,943.26,945.32,962.95,964.09,957.53
2020-01-06,961.83,1053.93,922.88,932.89,934.82,950.79,947.43,942.02
2020-01-07,966.64,1053.79,920.15,936.83,938.49,958.63,953.65,947.49
2020-01-08,953.94,1037.07,904.6,924.36,925.98,938.78,943.08,936.43
2020-01-09,967.81,1045.45,908.12,936.25,937.42,953.75,964.42,955.2
2020-01-10,976.37,1047.31,903.6,942.97,943.63,962.28,983.07,972.8
2020-01-13,972.26,1044.68,897.62,940.24,940.72,957.19,974.2,965.39
2020-01-14,975.55,1054.53,895.89,944.01,944.24,959.97,979.41,970.25
2020-01-15,976.2,1059.37,895.35,944.81,944.99,963.48,982.18,973.0
2020-01-16,983.48,1061.25,895.43,949.78,949.72,975.64,1001.14,987.89
2020-01-17,986.66,1058.63,892.34,951.44,951.18,976.97,1012.1,996.65
2020-01-20,989.48,1054.8,891.09,952.54,952.18,984.72,1015.12,999.36
2020-01-21,999.54,1061.98,895.11,961.91,961.33,993.33,1035.23,1017.77
2020-01-22,1002.37,1070.23,905.88,966.0,965.67,996.45,1037.18,1019.78
2020-01-30,965.69,1047.66,896.16,934.87,935.53,957.47,992.4,979.77
2020-01-31,935.71,1017.79,878.82,907.93,908.89,925.01,971.34,957.55
2020-02-03,929.14,995.22,854.79,899.06,899.43,913.78,970.87,954.21
2020-02-04,932.28,990.11,847.75,899.36,899.27,925.36,993.18,971.99
2020-02-05,932.05,993.62,852.14,899.99,900.12,928.78,997.41,976.35
2020-02-06,951.4,1012.99,866.99,917.53,917.44,955.51,1033.69,1009.9
2020-02-07,952.09,1015.42,868.89,919.65,919.63,949.46,1027.13,1003.45
2020-02-10,940.38,1011.47,863.73,909.79,909.97,935.27,1008.35,986.32
2020-02-11,944.26,1016.84,870.79,912.83,913.08,948.41,1024.51,1000.66
2020-02-12,951.8,1028.74,882.76,919.27,919.65,962.94,1035.29,1012.02
2020-02-13,953.2,1029.86,890.57,920.33,921.0,964.06,1037.22,1014.11
2020-02-14,955.08,1031.13,892.59,921.74,922.3,973.14,1044.98,1024.35
2020-02-17,955.53,1027.33,894.0,920.37,921.01,976.0,1050.61,1029.84
2020-02-18,950.5,1028.77,897.5,914.7,915.54,983.26,1050.28,1029.75
2020-02-19,952.85,1028.93,906.04,916.51,917.69,986.32,1050.21,1028.28
2020-02-20,961.19,1034.94,911.66,925.64,926.81,990.05,1053.1,1031.43
2020-02-21,958.42,1031.09,905.17,923.19,924.29,981.37,1043.75,1024.64
2020-02-24,923.69,994.2,873.4,891.1,892.27,933.33,991.3,974.19
2020-02-25,937.13,998.67,875.17,900.63,901.44,960.48,1022.44,1002.62
2020-02-26,928.42,987.48,867.75,890.83,891.65,958.99,1015.79,996.33
2020-02-27,935.77,991.47,877.86,896.81,897.85,973.57,1027.15,1008.46
2020-02-28,917.71,975.9,864.64,881.08,882.22,952.62,1004.61,986.93
2020-03-02,921.93,979.43,867.05,884.51,885.59,955.72,1011.48,994.43
2020-03-03,924.77,990.59,877.73,888.31,889.68,962.72,1018.58,999.59
2020-03-04,924.77,996.38,882.77,889.04,890.57,963.36,1020.76,1002.75
2020-03-05,926.02,996.47,883.97,890.14,891.66,961.46,1022.14,1004.61
2020-03-06,922.54,996.03,887.03,887.35,889.1,953.87,1019.4,1001.92
2020-03-09,863.92,938.18,841.71,831.1,833.15,888.88,951.82,938.17
2020-03-10,871.27,938.23,842.78,837.81,839.75,893.31,956.08,941.87
2020-03-11,836.67,914.26,824.73,810.54,813.05,849.6,903.21,893.92
2020-03-12,793.69,868.56,792.63,769.77,772.72,795.35,844.87,839.32
2020-03-13,790.86,851.46,782.16,765.07,767.77,790.06,848.61,839.49
2020-03-16,770.48,844.74,783.8,749.48,752.95,760.16,805.8,802.56
2020-03-17,772.19,858.7,792.25,749.28,752.89,777.78,819.41,816.54
2020-03-18,773.21,863.19,804.91,750.36,754.44,779.87,820.3,817.78
2020-03-19,749.92,847.18,787.86,730.02,734.14,758.68,793.17,792.68
2020-03-20,743.46,839.47,779.09,719.6,723.65,759.55,787.63,790.15
2020-03-23,698.39,795.44,736.75,676.18,680.12,709.35,736.42,742.76
2020-03-24,690.19,791.79,735.46,666.3,670.55,706.05,731.39,739.26
2020-03-25,719.85,812.0,748.72,695.06,698.88,735.6,765.28,768.34
2020-03-26,713.66,796.35,736.84,692.53,696.3,709.48,745.98,747.22
2020-03-27,708.73,787.96,725.34,689.63,693.27,693.24,734.39,735.45
2020-03-30,676.82,760.44,697.57,658.66,662.34,651.13,690.1,692.98
2020-03-31,674.32,748.1,689.99,655.54,659.13,638.94,678.04,676.82
2020-04-01,694.5,760.86,706.14,672.75,676.41,656.33,709.17,702.48
2020-04-03,716.99,775.34,724.19,693.6,697.22,680.13,729.63,722.4
2020-04-06,753.99,807.79,745.96,728.46,731.58,721.95,773.09,763.64
2020-04-07,766.1,816.46,747.38,741.18,743.82,733.87,782.65,773.63
2020-04-08,763.4,822.37,752.34,741.07,743.81,728.11,774.78,764.87
2020-04-09,770.78,832.9,762.73,748.8,751.73,732.47,782.36,772.37
2020-04-10,768.45,830.38,764.92,745.54,748.65,725.53,772.23,763.64
2020-04-13,780.19,835.87,772.05,755.39,758.33,741.28,787.43,778.66
2020-04-14,788.41,836.95,775.75,761.57,764.34,754.69,794.6,786.33
2020-04-15,798.34,855.78,789.54,771.11,774.02,773.65,815.35,807.2
2020-04-16,802.5,864.33,794.01,775.25,778.13,774.7,817.95,809.58
2020-04-17,811.79,882.94,808.94,784.79,787.83,791.57,824.78,816.87
2020-04-20,813.26,891.49,812.92,787.15,790.27,791.83,816.57,808.39
2020-04-21,780.5,856.93,789.6,756.77,760.16,751.46,776.92,769.15
2020-04-22,789.08,867.88,802.84,762.57,766.24,768.23,789.91,783.09
2020-04-23,792.47,871.75,806.19,766.16,769.76,769.37,787.11,780.52
2020-04-24,800.82,874.81,811.77,772.96,776.79,773.87,790.4,783.72
2020-04-27,794.87,881.09,821.16,769.01,773.4,771.47,783.67,777.74
2020-04-28,790.54,884.21,823.48,765.7,770.23,771.52,785.59,779.02
2020-04-29,790.09,890.11,825.47,765.63,770.16,773.5,789.78,780.52
2020-05-04,783.49,875.99,810.32,759.41,763.56,764.57,787.99,777.7
2020-05-05,785.32,883.32,814.2,762.19,766.52,766.31,787.34,778.51
2020-05-06,801.81,894.79,826.22,778.38,782.55,780.53,797.4,788.32
2020-05-07,817.32,903.08,832.81,791.2,795.14,792.04,811.71,802.18
2020-05-08,839.6,905.36,834.89,809.41,812.69,809.74,845.44,833.75
2020-05-11,858.35,920.59,843.82,826.53,829.48,831.26,870.45,859.97
2020-05-12,864.23,942.63,853.91,834.74,837.75,846.25,880.65,871.19
2020-05-13,866.39,953.96,865.44,835.88,839.23,863.08,887.31,879.34
2020-05-14,863.12,957.67,869.44,833.79,837.43,855.88,881.73,876.87
2020-05-15,855.62,947.21,861.0,827.39,831.01,843.04,872.67,869.91
2020-05-18,870.35,951.46,865.63,838.39,841.69,857.43,891.86,887.56
2020-05-19,883.66,961.73,867.43,850.12,852.97,873.56,908.44,902.62
2020-05-20,888.09,962.46,872.9,856.1,858.93,867.23,908.37,902.27
2020-05-21,901.61,961.84,873.47,866.29,868.77,877.56,932.18,924.71
2020-05-22,887.89,956.52,871.85,854.5,857.35,857.52,911.78,903.08
2020-05-25,892.43,973.8,882.36,861.44,864.46,861.87,914.53,905.45
2020-05-26,901.01,991.93,891.41,869.88,872.9,871.12,925.76,917.2
2020-05-27,885.92,975.2,886.08,855.26,858.68,852.94,905.61,899.28
2020-05-28,888.9,976.24,888.42,858.25,861.64,854.04,911.34,903.32
2020-05-29,891.3,982.68,896.1,861.86,865.4,853.81,913.24,905.95
2020-06-01,908.15,998.58,914.29,877.32,880.92,873.3,944.65,934.8
2020-06-02,905.09,989.99,903.1,873.12,876.42,865.93,943.66,932.96
2020-06-03,911.27,1002.03,910.11,879.57,882.89,875.76,959.89,948.42
2020-06-04,910.7,1009.4,921.6,880.23,883.95,877.45,961.32,949.39
2020-06-05,913.68,1027.25,937.35,884.8,888.92,884.8,963.06,952.19
2020-06-08,927.0,1047.58,955.84,898.37,902.71,900.38,972.05,960.08
2020-06-09,925.34,1046.79,959.69,897.26,901.84,890.32,967.31,957.61
2020-06-10,927.65,1057.57,974.89,899.75,904.78,896.86,982.04,970.93
2020-06-11,892.01,1013.22,945.83,866.4,871.61,848.9,938.85,930.15
2020-06-12,892.99,1015.24,940.4,865.23,870.19,859.54,946.02,936.53
2020-06-15,860.87,984.74,922.93,833.78,839.25,827.6,913.62,906.29
2020-06-16,883.1,1005.04,939.15,857.63,862.93,847.39,932.14,923.41
2020-06-17,880.46,1000.91,937.14,855.21,860.47,841.59,925.76,917.33
2020-06-18,881.18,1002.42,939.55,855.77,861.05,841.98,923.24,915.16
2020-06-19,893.56,1024.79,956.95,869.75,876.08,856.4,939.06,931.16
2020-06-22,895.43,1033.8,957.76,872.99,879.09,859.98,938.3,929.89
2020-06-23,892.82,1036.54,960.12,870.37,876.22,862.03,936.8,930.75
2020-06-24,886.2,1021.04,947.0,862.94,868.76,855.69,924.36,919.18
2020-06-25,880.55,1019.6,947.88,857.99,863.89,845.95,916.47,911.12
2020-06-26,879.47,1015.65,935.71,855.81,861.03,846.53,913.27,908.38
2020-06-29,857.79,987.79,907.76,834.34,839.22,822.62,885.98,883.11
2020-06-30,853.05,980.95,895.46,830.63,835.21,814.27,874.13,871.9
2020-07-01,871.08,997.72,916.76,848.01,852.82,831.71,897.47,893.41
2020-07-02,869.72,999.09,915.95,846.4,851.08,831.55,894.75,890.83
2020-07-03,874.46,1003.31,920.8,851.17,855.82,833.23,898.56,894.32
2020-07-06,889.51,1009.96,925.72,865.03,869.31,847.32,916.51,910.31
2020-07-07,891.97,1006.99,925.88,866.21,870.36,848.78,918.27,910.77
2020-07-08,891.28,1012.34,927.49,866.15,870.36,850.29,919.74,912.44
2020-07-09,904.59,1030.16,941.43,878.29,882.42,866.46,943.55,935.57
2020-07-10,895.67,1031.9,939.38,871.55,876.03,857.45,930.58,924.0
2020-07-13,892.51,1032.78,936.13,868.96,873.44,857.87,927.4,920.01
2020-07-14,892.11,1037.93,938.03,870.08,874.57,855.89,926.59,918.38
2020-07-15,897.42,1037.15,943.92,873.94,878.31,866.09,934.88,926.85
2020-07-16,908.13,1038.7,943.82,883.19,887.48,871.54,941.66,934.99
2020-07-17,901.85,1038.99,949.45,877.59,882.15,867.83,939.58,932.65
2020-07-20,890.41,1027.89,943.61,866.53,871.25,856.19,928.99,922.71
2020-07-21,891.9,1028.27,945.71,867.56,872.29,857.57,930.29,922.65
2020-07-22,884.31,1022.48,940.34,860.66,865.5,850.3,919.73,913.57
2020-07-23,887.01,1017.13,933.76,863.05,867.54,851.97,919.75,912.89
2020-07-24,855.98,980.01,897.47,833.51,837.86,816.88,884.05,877.9
2020-07-27,809.03,929.03,853.15,788.24,792.86,766.78,826.98,823.3
2020-07-28,838.11,963.45,883.25,817.13,821.34,798.13,859.4,854.84
2020-07-29,816.03,939.92,859.65,795.46,799.66,772.77,836.16,836.03
2020-07-30,828.08,947.36,865.54,807.4,811.43,785.07,846.34,843.53
2020-07-31,822.21,938.32,859.17,802.47,806.97,776.86,836.53,833.01
2020-08-03,841.22,961.61,882.53,819.97,824.68,797.73,859.51,853.98
2020-08-04,852.72,978.74,895.37,831.42,836.2,810.35,873.75,868.09
2020-08-05,866.58,993.45,907.87,843.12,847.76,827.28,890.51,883.75
2020-08-06,867.57,992.01,911.27,844.38,849.3,824.36,884.19,878.85
2020-08-07,868.18,996.18,918.52,845.55,850.8,823.73,884.42,877.85
2020-08-10,870.57,1004.77,928.87,848.55,854.14,827.65,889.0,882.01
2020-08-11,870.87,1006.88,928.28,848.52,854.04,830.41,894.84,887.64
2020-08-12,875.14,1008.1,924.3,851.9,857.07,834.92,903.11,894.26
2020-08-13,882.54,1015.97,937.72,858.74,864.25,846.18,910.55,900.82
2020-08-14,879.09,1008.76,933.93,855.33,860.84,845.9,905.93,896.79
2020-08-17,879.5,1013.84,936.77,856.31,861.94,845.02,907.15,898.01
2020-08-18,874.4,1018.95,941.3,852.44,858.43,842.32,904.15,895.22
2020-08-19,877.36,1027.96,949.26,855.95,862.12,847.27,908.19,899.16
2020-08-20,873.69,1026.9,949.22,853.04,859.36,846.91,904.21,895.89
2020-08-21,882.01,1041.99,961.42,860.85,867.35,859.22,922.88,912.29
2020-08-24,899.89,1053.13,973.09,876.56,882.87,880.91,946.5,935.57
2020-08-25,905.99,1056.88,976.71,882.13,888.41,896.03,950.9,938.85
2020-08-26,902.86,1062.6,982.41,880.76,887.41,891.33,946.73,935.37
2020-08-27,905.29,1071.51,992.46,883.25,890.27,898.72,949.21,938.1
2020-08-28,913.49,1068.24,995.2,888.57,895.46,911.68,959.39,948.48
2020-08-31,915.71,1059.34,984.2,889.17,895.55,907.74,957.67,944.91
2020-09-01,924.71,1075.8,992.17,899.41,905.79,916.73,966.23,953.83
2020-09-03,937.77,1085.16,994.75,911.61,917.52,926.48,979.63,968.5
2020-09-04,934.32,1085.01,990.17,909.42,915.22,919.37,972.85,961.66
2020-09-07,916.33,1079.81,984.47,894.63,901.0,892.34,948.48,938.97
2020-09-08,919.9,1088.34,991.13,897.51,903.93,905.39,957.08,947.53
2020-09-09,916.4,1095.69,998.97,896.06,902.96,903.57,951.72,942.47
2020-09-10,917.99,1102.01,1003.88,897.99,905.07,910.11,952.79,944.18
2020-09-11,917.67,1106.45,1013.62,898.24,905.79,909.35,956.14,946.63
2020-09-14,925.1,1116.64,1020.66,905.68,913.24,914.45,964.97,955.32
2020-09-15,926.31,1118.5,1022.19,907.5,915.14,914.11,962.43,952.28
2020-09-16,927.61,1123.37,1023.91,909.31,916.92,918.73,961.58,952.37
2020-09-17,924.65,1123.23,1024.52,906.19,913.98,915.58,958.61,949.37
2020-09-18,935.12,1134.1,1028.36,915.53,923.04,931.75,976.16,965.85
2020-09-21,946.55,1135.56,1026.24,925.58,932.63,941.72,985.64,975.15
2020-09-22,947.86,1137.78,1022.31,925.87,932.62,945.49,996.99,984.69
2020-09-23,954.06,1143.25,1026.22,931.29,937.89,952.96,1006.0,992.06
2020-09-24,948.4,1143.3,1024.7,925.94,932.63,949.63,1005.7,991.93
2020-09-25,950.07,1135.8,1023.38,926.01,932.63,946.49,1012.8,995.94
2020-09-28,959.63,1145.03,1030.24,933.53,940.07,959.34,1033.88,1013.71
2020-09-29,953.27,1132.25,1023.86,927.16,933.93,949.43,1017.41,999.18
2020-09-30,955.88,1142.1,1031.94,930.37,937.36,952.51,1022.3,1003.44
2020-10-01,965.94,1159.91,1043.78,941.03,948.04,964.66,1031.07,1016.48
2020-10-02,959.18,1159.26,1038.49,935.79,942.83,956.73,1024.04,1009.5
2020-10-05,966.07,1178.39,1056.28,942.81,950.27,969.61,1037.42,1022.28
2020-10-06,970.16,1183.38,1066.15,945.73,953.46,970.75,1040.68,1025.26
2020-10-07,969.58,1178.41,1067.96,945.64,953.57,965.46,1027.54,1013.28
2020-10-08,968.43,1172.16,1064.28,943.48,951.27,967.69,1021.3,1006.07
2020-10-09,973.67,1175.69,1063.81,948.25,955.76,968.24,1023.27,1008.43
2020-10-12,974.08,1166.44,1051.14,947.44,954.36,965.72,1030.11,1011.48
2020-10-13,977.92,1166.37,1048.94,950.52,957.15,966.9,1040.96,1017.63
2020-10-14,993.28,1167.75,1046.94,962.09,967.95,981.07,1058.42,1037.97
2020-10-15,1001.13,1165.78,1035.89,968.0,973.03,984.14,1063.33,1043.36
2020-10-16,1003.79,1165.26,1030.86,969.53,974.21,997.37,1072.72,1049.29
2020-10-19,1006.56,1169.6,1036.08,971.7,976.53,1005.2,1085.46,1057.39
2020-10-20,1013.22,1176.12,1039.88,976.97,981.59,1013.22,1100.82,1073.36
