,date,VN30 TRI,VNMID TRI,VNSML TRI,VN100 TRI,VNALL TRI,VNDIAMON TRI,VNFINLEA TRI,VNFINSEL TRI
0,24.07.2015,657.97,689.67,659.75,604.21,607.18,1005.18,1092.3,1064.48
1,27.07.2015,665.66,699.51,663.83,610.89,613.63,1005.18,1092.3,1064.48
2,28.07.2015,659.6,693.76,661.62,605.58,608.54,1005.18,1092.3,1064.48
3,29.07.2015,651.21,688.01,660.09,598.45,601.85,1005.18,1092.3,1064.48
4,30.07.2015,651.7,690.62,661.82,599.25,602.62,1005.18,1092.3,1064.48
5,31.07.2015,647.36,685.96,663.47,595.37,599.17,1005.18,1092.3,1064.48
6,03.08.2015,636.92,676.12,657.39,586.45,590.49,1005.18,1092.3,1064.48
7,04.08.2015,631.27,677.77,658.66,581.86,586.25,1005.18,1092.3,1064.48
8,05.08.2015,641.55,687.47,671.12,590.89,595.51,1005.18,1092.3,1064.48
9,06.08.2015,635.73,683.53,669.08,586.27,591.15,1005.18,1092.3,1064.48
10,07.08.2015,640.62,685.07,668.44,590.64,595.3,1005.18,1092.3,1064.48
11,10.08.2015,652.25,690.77,671.86,600.63,605.11,1005.18,1092.3,1064.48
12,11.08.2015,651.74,689.65,669.83,600.01,604.31,1005.18,1092.3,1064.48
13,12.08.2015,641.08,685.4,666.16,591.65,596.24,1005.18,1092.3,1064.48
14,13.08.2015,630.88,677.8,658.6,583.42,588.24,1005.18,1092.3,1064.48
15,14.08.2015,626.94,680,660.65,581,586.14,1005.18,1092.3,1064.48
16,17.08.2015,615.29,674.36,653.15,572.11,577.32,1005.18,1092.3,1064.48
17,18.08.2015,619.71,675.85,653.17,575.48,580.43,1005.18,1092.3,1064.48
18,19.08.2015,617.65,674.44,650.44,573.15,578.15,1005.18,1092.3,1064.48
19,20.08.2015,606.81,668.76,646.03,564.4,569.67,1005.18,1092.3,1064.48
20,21.08.2015,596.27,660.31,638.25,555.43,560.82,1005.18,1092.3,1064.48
21,24.08.2015,566.94,628.14,615.28,528.7,534.26,1005.18,1092.3,1064.48
22,25.08.2015,569.05,628.3,610.58,530.38,535.57,1005.18,1092.3,1064.48
23,26.08.2015,583.31,642.92,623.69,542.86,548.17,1005.18,1092.3,1064.48
24,27.08.2015,590.04,648.94,632.35,548.75,554.17,1005.18,1092.3,1064.48
25,28.08.2015,606.58,654.49,633.09,561.91,566.44,1005.18,1092.3,1064.48
26,31.08.2015,594.83,652.21,628.54,553.03,557.89,1005.18,1092.3,1064.48
27,01.09.2015,592.17,652.51,630.48,550.87,556.01,1005.18,1092.3,1064.48
28,03.09.2015,584.02,645.78,631.59,543.9,549.64,1005.18,1092.3,1064.48
29,04.09.2015,587.27,648.25,635.3,547.17,552.89,1005.18,1092.3,1064.48
30,07.09.2015,582.51,643.11,633.8,542.39,548.3,1005.18,1092.3,1064.48
31,08.09.2015,591.91,649.08,640.67,549.77,555.58,1005.18,1092.3,1064.48
32,09.09.2015,596.31,653.25,643.19,553.56,559.27,1005.18,1092.3,1064.48
33,10.09.2015,597.17,651.68,644.39,554.22,560.07,1005.18,1092.3,1064.48
34,11.09.2015,591.82,650.04,643.36,549.81,555.87,1005.18,1092.3,1064.48
35,14.09.2015,584.75,643.3,638.35,543.54,549.71,1005.18,1092.3,1064.48
36,15.09.2015,581.16,641.66,636.87,540.57,546.87,1005.18,1092.3,1064.48
37,16.09.2015,586.5,642.8,637.62,544.75,550.77,1005.18,1092.3,1064.48
38,17.09.2015,586.4,644.71,637.72,545.13,551.12,1005.18,1092.3,1064.48
39,18.09.2015,592.55,651.63,642.52,550.2,556.17,1005.18,1092.3,1064.48
40,21.09.2015,600.41,657.31,647.35,556.99,562.83,1005.18,1092.3,1064.48
41,22.09.2015,602.77,660.35,645.55,559.45,564.97,1005.18,1092.3,1064.48
42,23.09.2015,601.19,662.55,647.48,558.41,564.13,1005.18,1092.3,1064.48
43,24.09.2015,599.35,663.25,649.68,557.1,563.07,1005.18,1092.3,1064.48
44,25.09.2015,598.02,668.18,651.68,557.11,563.21,1005.18,1092.3,1064.48
45,28.09.2015,592.23,664.15,649.12,552.72,558.93,1005.18,1092.3,1064.48
46,29.09.2015,588.73,660.56,646.79,549.2,555.51,1005.18,1092.3,1064.48
47,30.09.2015,590.09,665.01,649.6,550.98,557.37,1005.18,1092.3,1064.48
48,01.10.2015,592.13,666.74,646.8,552.86,558.92,1005.18,1092.3,1064.48
49,02.10.2015,590.51,670.42,651.03,552.16,558.56,1005.18,1092.3,1064.48
50,05.10.2015,598.63,677.45,656.43,559.26,565.53,1005.18,1092.3,1064.48
51,06.10.2015,610.01,690.38,666.09,569.2,575.47,1005.18,1092.3,1064.48
52,07.10.2015,608.48,686.03,661.81,567.44,573.52,1005.18,1092.3,1064.48
53,08.10.2015,615.08,696.71,668.84,573.85,579.98,1005.18,1092.3,1064.48
54,09.10.2015,615.78,693.81,668.38,573.74,579.85,1005.18,1092.3,1064.48
55,12.10.2015,619.8,691.57,669.55,575.98,582.02,1005.18,1092.3,1064.48
56,13.10.2015,617.24,694.6,673.6,574.81,581.18,1005.18,1092.3,1064.48
57,14.10.2015,617.79,696.9,673.72,576.13,582.36,1005.18,1092.3,1064.48
58,15.10.2015,618.18,701.87,676.46,577.06,583.41,1005.18,1092.3,1064.48
59,16.10.2015,619.99,704.86,677.27,579.15,585.41,1005.18,1092.3,1064.48
60,19.10.2015,621.66,708.55,678.9,581.69,587.92,1005.18,1092.3,1064.48
61,20.10.2015,615.75,705.05,677.69,577.05,583.53,1005.18,1092.3,1064.48
62,21.10.2015,614.51,703.24,680.48,575.89,582.65,1005.18,1092.3,1064.48
63,22.10.2015,620.19,710.22,688.5,581.33,588.26,1005.18,1092.3,1064.48
64,23.10.2015,626.59,712.52,688.42,586.87,593.42,1005.18,1092.3,1064.48
65,26.10.2015,622.66,710.64,686.09,583.55,590.17,1005.18,1092.3,1064.48
66,27.10.2015,622.01,711.88,689.76,583.55,590.42,1005.18,1092.3,1064.48
67,28.10.2015,620.09,714.6,695.96,582.74,590.07,1005.18,1092.3,1064.48
68,29.10.2015,628.56,722.86,702.99,591.14,598.18,1005.18,1092.3,1064.48
69,30.10.2015,629.78,726.14,699.82,592.24,599.05,1005.18,1092.3,1064.48
70,02.11.2015,623.66,715.72,688.05,585.95,592.39,1005.18,1092.3,1064.48
71,03.11.2015,634.76,723.66,693.41,596.07,601.95,1005.18,1092.3,1064.48
72,04.11.2015,632.22,721.41,689.78,594.02,599.77,1005.18,1092.3,1064.48
73,05.11.2015,636.66,725.42,693.33,598.35,603.81,1005.18,1092.3,1064.48
74,06.11.2015,633.57,720.96,690.5,595.64,601,1005.18,1092.3,1064.48
75,09.11.2015,630.28,721.56,692.45,593.14,598.88,1005.18,1092.3,1064.48
76,10.11.2015,625.31,720.4,691.1,589.5,595.29,1005.18,1092.3,1064.48
77,11.11.2015,623.43,719.52,687.54,588.28,593.79,1005.18,1092.3,1064.48
78,12.11.2015,625.64,728.52,689.69,591.46,596.82,1005.18,1092.3,1064.48
79,13.11.2015,633.74,740.16,693.77,599.9,604.76,1005.18,1092.3,1064.48
80,16.11.2015,630.48,743.27,691.83,598.43,603.06,1005.18,1092.3,1064.48
81,17.11.2015,625.64,741.61,695.48,593.92,599.4,1005.18,1092.3,1064.48
82,18.11.2015,623.46,741.53,697.38,592.16,597.98,1005.18,1092.3,1064.48
83,19.11.2015,620.2,746.3,697.63,590.36,596.42,1005.18,1092.3,1064.48
84,20.11.2015,622.35,751.23,703.41,592.82,599.08,1005.18,1092.3,1064.48
85,23.11.2015,618.04,754.6,706.25,589.69,596.55,1005.18,1092.3,1064.48
86,24.11.2015,611.2,750.86,705.35,583.56,590.93,1005.18,1092.3,1064.48
87,25.11.2015,613.71,751.25,709.74,585.62,593.05,1005.18,1092.3,1064.48
88,26.11.2015,609,748.6,704.34,581.54,588.95,1005.18,1092.3,1064.48
89,27.11.2015,601.41,738.46,697.92,574.53,581.85,1005.18,1092.3,1064.48
90,30.11.2015,592.6,730.74,689.62,567.62,574.77,1005.18,1092.3,1064.48
91,01.12.2015,589.67,732.62,688.42,565.75,573.04,1005.18,1092.3,1064.48
92,02.12.2015,594.64,738.99,695.88,570.31,577.79,1005.18,1092.3,1064.48
93,03.12.2015,595.95,736.24,695.86,570.88,578.32,1005.18,1092.3,1064.48
94,04.12.2015,593.64,735.6,694.3,569.12,576.56,1005.18,1092.3,1064.48
95,07.12.2015,586.04,732,694.2,562.97,570.93,1005.18,1092.3,1064.48
96,08.12.2015,595.73,740.13,698.76,571.66,579.14,1005.18,1092.3,1064.48
97,09.12.2015,585.23,731.48,693.24,562.57,570.31,1005.18,1092.3,1064.48
98,10.12.2015,583.15,723,687.03,559.54,567.03,1005.18,1092.3,1064.48
99,11.12.2015,588.76,728.95,688.99,564.27,571.62,1005.18,1092.3,1064.48
100,14.12.2015,590.2,730.41,689.14,565.3,572.53,1005.18,1092.3,1064.48
101,15.12.2015,593.11,735.05,692.94,568.44,575.63,1005.18,1092.3,1064.48
102,16.12.2015,594.83,744.36,695.28,571.51,578.56,1005.18,1092.3,1064.48
103,17.12.2015,597.38,750.8,700.27,574.2,581.44,1005.18,1092.3,1064.48
104,18.12.2015,589.62,746.78,699.75,568.16,575.7,1005.18,1092.3,1064.48
105,21.12.2015,588.48,745.54,695.11,566.74,574.23,1005.18,1092.3,1064.48
106,22.12.2015,587.61,741.07,695.41,565.44,573.02,1005.18,1092.3,1064.48
107,23.12.2015,586.24,737.32,693.84,563.95,571.56,1005.18,1092.3,1064.48
108,24.12.2015,587.51,739.6,695.95,565.73,573.33,1005.18,1092.3,1064.48
109,25.12.2015,590.17,737.84,692.75,567.98,575.28,1005.18,1092.3,1064.48
110,28.12.2015,595.17,738.14,686.62,573.16,579.57,1005.18,1092.3,1064.48
111,29.12.2015,601.57,741.34,692.3,578.38,584.88,1005.18,1092.3,1064.48
112,30.12.2015,607.05,747.4,695.76,583.07,589.53,1005.18,1092.3,1064.48
113,31.12.2015,607.84,749.61,702.27,584.11,590.89,1005.18,1092.3,1064.48
114,04.01.2016,602.06,745.58,700.76,579.61,586.66,1005.18,1092.3,1064.48
115,05.01.2016,595.64,740.68,697.97,574.25,581.49,1005.18,1092.3,1064.48
116,06.01.2016,602.12,745.34,701.82,579.69,586.81,1005.18,1092.3,1064.48
117,07.01.2016,594.29,734.29,692.7,572.74,579.77,1005.18,1092.3,1064.48
118,08.01.2016,587.82,728.68,680.36,566.98,573.62,1005.18,1092.3,1064.48
119,11.01.2016,585.53,721.51,676.2,564.1,570.68,1005.18,1092.3,1064.48
120,12.01.2016,594.38,733.55,684.44,572.33,578.87,1005.18,1092.3,1064.48
121,13.01.2016,590.54,732.62,681.24,568.99,575.62,1005.18,1092.3,1064.48
122,14.01.2016,580.89,724.89,674.08,561.13,567.73,1005.18,1092.3,1064.48
123,15.01.2016,567.2,718.71,670.05,549.94,556.96,1005.18,1092.3,1064.48
124,18.01.2016,552.32,702.11,656.65,536.73,543.78,1005.18,1092.3,1064.48
125,19.01.2016,561.62,712.38,664.79,545.16,552.16,1005.18,1092.3,1064.48
126,20.01.2016,555.45,707.05,662.06,539.86,547.11,1005.18,1092.3,1064.48
127,21.01.2016,549.62,702.22,655.49,535.16,542.29,1005.18,1092.3,1064.48
128,22.01.2016,550.48,707,657.46,536.31,543.64,1005.18,1092.3,1064.48
129,25.01.2016,573.77,725.37,675.21,555.87,562.76,1005.18,1092.3,1064.48
130,26.01.2016,565.94,717.32,668.11,548.6,555.5,1005.18,1092.3,1064.48
131,27.01.2016,570.49,723.67,672.98,552.91,559.78,1005.18,1092.3,1064.48
132,28.01.2016,568.33,720.02,669.28,550.92,557.76,1005.18,1092.3,1064.48
133,29.01.2016,573.18,726.17,675.19,554.97,561.76,1005.18,1092.3,1064.48
134,01.02.2016,569.48,720.69,671.89,551.65,558.61,1005.18,1092.3,1064.48
135,02.02.2016,566.53,718.64,668.67,549.27,556.22,1005.18,1092.3,1064.48
136,03.02.2016,568,719.6,670.77,550.81,557.86,1005.18,1092.3,1064.48
137,04.02.2016,572.79,724.68,675.47,555.17,562.18,1005.18,1092.3,1064.48
138,05.02.2016,575.6,730.67,682.33,558.31,565.57,1005.18,1092.3,1064.48
139,15.02.2016,570.72,733.29,684.03,555.43,563.06,1005.18,1092.3,1064.48
140,16.02.2016,573.91,742.81,690.83,559.7,567.52,1005.18,1092.3,1064.48
141,17.02.2016,572.66,743.08,693.6,559.21,567.38,1005.18,1092.3,1064.48
142,18.02.2016,578.53,747.67,698.82,563.96,572.06,1005.18,1092.3,1064.48
143,19.02.2016,579.2,749.8,699.55,564.44,572.43,1005.18,1092.3,1064.48
144,22.02.2016,586.2,758.13,704.92,571,578.79,1005.18,1092.3,1064.48
145,23.02.2016,585.6,757.62,704.55,570.63,578.48,1005.18,1092.3,1064.48
146,24.02.2016,590.79,758.82,706.12,574.29,581.92,1005.18,1092.3,1064.48
147,25.02.2016,584.82,753.81,701.73,569.07,576.8,1005.18,1092.3,1064.48
148,26.02.2016,590.1,756.41,707.46,573.1,580.85,1005.18,1092.3,1064.48
149,29.02.2016,582.9,756.1,708.12,567.58,575.7,1005.18,1092.3,1064.48
150,01.03.2016,585.28,755.98,712.59,569.4,577.78,1005.18,1092.3,1064.48
151,02.03.2016,591.59,761.21,719.26,575.24,583.76,1005.18,1092.3,1064.48
152,03.03.2016,591.53,756.89,719.45,574.47,583.08,1005.18,1092.3,1064.48
153,04.03.2016,593.4,763.47,724.94,577.26,586.12,1005.18,1092.3,1064.48
154,07.03.2016,595.1,760.69,723.59,577.69,586.35,1005.18,1092.3,1064.48
155,08.03.2016,595.04,758.82,723.06,577.55,586.34,1005.18,1092.3,1064.48
156,09.03.2016,593.72,759.18,723.55,576.83,585.76,1005.18,1092.3,1064.48
157,10.03.2016,596.29,768.92,732.03,580.33,589.51,1005.18,1092.3,1064.48
158,11.03.2016,596.41,768.91,733.49,580.67,589.83,1005.18,1092.3,1064.48
159,14.03.2016,599.68,767.84,738.37,582.54,591.82,1005.18,1092.3,1064.48
160,15.03.2016,595.52,761.53,733.79,578.5,587.81,1005.18,1092.3,1064.48
161,16.03.2016,596.31,763.12,736.51,579.29,588.64,1005.18,1092.3,1064.48
162,17.03.2016,599.05,768.72,739.95,582.43,591.84,1005.18,1092.3,1064.48
163,18.03.2016,594.43,767.15,740.83,578.7,588.38,1005.18,1092.3,1064.48
164,21.03.2016,592.39,760.95,737.78,576.06,585.88,1005.18,1092.3,1064.48
165,22.03.2016,590.37,756.22,742.44,573.64,584.02,1005.18,1092.3,1064.48
166,23.03.2016,593.06,765.35,747.98,577.39,587.82,1005.18,1092.3,1064.48
167,24.03.2016,589.7,766.89,745.71,575.62,586.04,1005.18,1092.3,1064.48
168,25.03.2016,590.65,764.61,744.89,575.96,586.38,1005.18,1092.3,1064.48
169,28.03.2016,594.87,771.27,752.56,580.53,591.26,1005.18,1092.3,1064.48
170,29.03.2016,587.51,764.44,751.89,574.17,585.48,1005.18,1092.3,1064.48
171,30.03.2016,589.5,768.13,754.41,576.55,587.91,1005.18,1092.3,1064.48
172,31.03.2016,583.96,758.11,748.29,570.73,582.21,1005.18,1092.3,1064.48
173,01.04.2016,580.47,749.23,745.6,566.69,578.39,1005.18,1092.3,1064.48
174,04.04.2016,577.86,746.91,742.45,564.44,576.11,1005.18,1092.3,1064.48
175,05.04.2016,582.68,749.04,745.4,568.48,580.04,1005.18,1092.3,1064.48
176,06.04.2016,588.78,756.19,747.61,574.08,585.34,1005.18,1092.3,1064.48
177,07.04.2016,591.72,759.52,753.73,577.08,588.54,1005.18,1092.3,1064.48
178,08.04.2016,591.4,765.35,759.17,578.32,590.14,1005.18,1092.3,1064.48
179,11.04.2016,599.38,773.86,767.95,586.44,598.58,1005.18,1092.3,1064.48
180,12.04.2016,600.08,775.7,768.52,587.78,600.04,1005.18,1092.3,1064.48
181,13.04.2016,597.18,775.25,769.71,585.6,598.12,1005.18,1092.3,1064.48
182,14.04.2016,599.39,774.88,776.31,587.19,600.14,1005.18,1092.3,1064.48
183,15.04.2016,597.61,774.6,774.25,585.92,598.76,1005.18,1092.3,1064.48
184,19.04.2016,587.99,762.95,762.28,575.86,588.34,1005.18,1092.3,1064.48
185,20.04.2016,588.61,764.71,757.36,576.38,588.57,1005.18,1092.3,1064.48
186,21.04.2016,596.19,766.39,763.16,582.35,594.54,1005.18,1092.3,1064.48
187,22.04.2016,609.1,773.25,771.24,593.67,605.7,1005.18,1092.3,1064.48
188,25.04.2016,607.85,776.7,774.21,592.56,604.79,1005.18,1092.3,1064.48
189,26.04.2016,615.12,777.99,776.99,598.33,610.38,1005.18,1092.3,1064.48
190,27.04.2016,611.19,777.08,777.45,594.93,607.24,1005.18,1092.3,1064.48
191,28.04.2016,609.35,773.78,775.02,592.66,604.93,1005.18,1092.3,1064.48
192,29.04.2016,615.1,779.93,781.08,598.02,610.32,1005.18,1092.3,1064.48
193,04.05.2016,616.45,783.48,786.05,599.5,611.98,1005.18,1092.3,1064.48
194,05.05.2016,618.62,786.15,784.49,601.62,613.85,1005.18,1092.3,1064.48
195,06.05.2016,621.55,782.44,779,603.3,615.03,1005.18,1092.3,1064.48
196,09.05.2016,618.31,782.21,771.37,601.17,612.49,1005.18,1092.3,1064.48
197,10.05.2016,618.64,779,768.54,600.62,611.77,1005.18,1092.3,1064.48
198,11.05.2016,626.21,786.2,774.8,608.02,619.12,1005.18,1092.3,1064.48
199,12.05.2016,626.29,786.93,775.08,608.07,619.17,1005.18,1092.3,1064.48
200,13.05.2016,624.17,786.09,770.9,606.28,617.21,1005.18,1092.3,1064.48
201,16.05.2016,629.49,786.62,766.98,610.78,621.14,1005.18,1092.3,1064.48
202,17.05.2016,637.43,791.69,772.79,616.89,627.16,1005.18,1092.3,1064.48
203,18.05.2016,638.44,791.68,771.24,616.9,627,1005.18,1092.3,1064.48
204,19.05.2016,635.59,792.37,775.58,615.08,625.65,1005.18,1092.3,1064.48
205,20.05.2016,630.75,792.66,781.19,611.29,622.5,1005.18,1092.3,1064.48
206,23.05.2016,629.46,795.61,781.09,611.22,622.44,1005.18,1092.3,1064.48
207,24.05.2016,629.63,799.87,783.85,612.09,623.44,1005.18,1092.3,1064.48
208,25.05.2016,627.7,800.84,785.08,610.81,622.35,1005.18,1092.3,1064.48
209,26.05.2016,621.98,794.26,782.09,604.9,616.64,1005.18,1092.3,1064.48
210,27.05.2016,627.39,797.44,785.38,609.55,621.19,1005.18,1092.3,1064.48
211,30.05.2016,633.27,802.83,788.58,615.08,626.59,1005.18,1092.3,1064.48
212,31.05.2016,634.08,809.57,789.66,616.55,627.96,1005.18,1092.3,1064.48
213,01.06.2016,636.36,810.72,796.31,618.47,630.28,1005.18,1092.3,1064.48
214,02.06.2016,638.21,815.18,809.39,620.54,633.15,1005.18,1092.3,1064.48
215,03.06.2016,639.02,819.99,809.4,622.19,634.69,1005.18,1092.3,1064.48
216,06.06.2016,636.79,820.82,804.78,620.21,632.5,1005.18,1092.3,1064.48
217,07.06.2016,642.07,830.95,810.87,626.2,638.49,1005.18,1092.3,1064.48
218,08.06.2016,648.33,835.01,816.78,631.28,643.6,1005.18,1092.3,1064.48
219,09.06.2016,648.92,837.8,824.97,632.17,645.02,1005.18,1092.3,1064.48
220,10.06.2016,647.49,841.34,828.71,631.61,644.76,1005.18,1092.3,1064.48
221,13.06.2016,639.75,833.9,827.43,624.47,638.02,1005.18,1092.3,1064.48
222,14.06.2016,643.46,839.01,833.74,628.27,642.05,1005.18,1092.3,1064.48
223,15.06.2016,642.26,846.83,839.25,628.96,643.09,1005.18,1092.3,1064.48
224,16.06.2016,640.56,849.76,843.31,628.42,642.89,1005.18,1092.3,1064.48
225,17.06.2016,633.57,845.17,839.75,622.54,637.15,1005.18,1092.3,1064.48
226,20.06.2016,642.25,860.55,847.41,631.68,646.19,1005.18,1092.3,1064.48
227,21.06.2016,645.11,862.48,852.1,634.39,649.06,1005.18,1092.3,1064.48
228,22.06.2016,642.24,867.87,857.61,632.97,648.08,1005.18,1092.3,1064.48
229,23.06.2016,644.63,881.81,864.41,637.56,652.83,1005.18,1092.3,1064.48
230,24.06.2016,630.42,876.67,851.11,626.35,641.48,1005.18,1092.3,1064.48
231,27.06.2016,632.2,871.47,846.55,627.15,641.98,1005.18,1092.3,1064.48
232,28.06.2016,632.25,873.7,850.97,627.76,642.83,1005.18,1092.3,1064.48
233,29.06.2016,639.54,890.4,867.8,635.72,651.41,1005.18,1092.3,1064.48
234,30.06.2016,639.95,891.44,869.93,637.07,652.89,1005.18,1092.3,1064.48
235,01.07.2016,644.63,894.68,882.61,641.79,658.26,1005.18,1092.3,1064.48
236,04.07.2016,652.07,903.24,893.32,648.61,665.31,1005.18,1092.3,1064.48
237,05.07.2016,654.85,905.22,892.97,650.68,667.19,1005.18,1092.3,1064.48
238,06.07.2016,654.76,912.06,901.85,651.76,668.84,1005.18,1092.3,1064.48
239,07.07.2016,663.34,933.87,915.52,662.39,679.66,1005.18,1092.3,1064.48
240,08.07.2016,662.35,933.56,915.37,661.69,679.01,1005.18,1092.3,1064.48
241,11.07.2016,654.59,920.93,893.04,653.81,670.08,1005.18,1092.3,1064.48
242,12.07.2016,660.31,923.98,897.85,658.73,675.02,1005.18,1092.3,1064.48
243,13.07.2016,676.07,930.72,905.49,671.64,687.61,1005.18,1092.3,1064.48
244,14.07.2016,670.15,923.4,887.05,665.59,680.6,1005.18,1092.3,1064.48
245,15.07.2016,672.71,915.81,879.9,666.39,680.87,1005.18,1092.3,1064.48
246,18.07.2016,682.04,927.11,886.33,674.99,689.23,1005.18,1092.3,1064.48
247,19.07.2016,673.68,917.46,883.15,667.14,681.68,1005.18,1092.3,1064.48
248,20.07.2016,664.39,905.63,877.07,658.63,673.3,1005.18,1092.3,1064.48
249,21.07.2016,662.34,900.21,866.67,656.35,670.46,1005.18,1092.3,1064.48
250,22.07.2016,653.26,894.49,856.77,648.9,662.85,1005.18,1092.3,1064.48
251,25.07.2016,652.1,893.13,857.23,647.85,661.88,1005.18,1092.3,1064.48
252,26.07.2016,653.61,895,856.48,649.75,663.73,1005.18,1092.3,1064.48
253,27.07.2016,658.71,901.35,864.33,654.78,668.94,1005.18,1092.3,1064.48
254,28.07.2016,663.55,900,866.06,658.74,672.96,1005.18,1092.3,1064.48
255,29.07.2016,658.24,897.88,865.13,653.91,668.18,1005.18,1092.3,1064.48
256,01.08.2016,654.37,887.4,855.31,649.04,663.01,1005.18,1092.3,1064.48
257,02.08.2016,641.75,868.66,835.52,636.38,649.93,1005.18,1092.3,1064.48
258,03.08.2016,638.29,862.2,831.22,632.43,645.93,1005.18,1092.3,1064.48
259,04.08.2016,635.83,853.69,825.48,628.72,642.02,1005.18,1092.3,1064.48
260,05.08.2016,633.41,847.98,819.79,625.15,638.12,1005.18,1092.3,1064.48
261,08.08.2016,632.99,850.13,816.93,625.31,638.08,1005.18,1092.3,1064.48
262,09.08.2016,639.97,857.65,826,632.18,645.25,1005.18,1092.3,1064.48
263,10.08.2016,651.74,871.37,832.98,644.56,657.56,1005.18,1092.3,1064.48
264,11.08.2016,664.35,881.94,838.91,655.57,668.27,1005.18,1092.3,1064.48
265,12.08.2016,660.61,875.48,832.39,651.76,664.32,1005.18,1092.3,1064.48
266,15.08.2016,665.3,882.39,835.49,656.34,668.75,1005.18,1092.3,1064.48
267,16.08.2016,666.1,890.14,842.69,657.71,670.31,1005.18,1092.3,1064.48
268,17.08.2016,670.61,897.89,846.06,662.33,674.84,1005.18,1092.3,1064.48
269,18.08.2016,672.72,896.33,844.88,663.7,676.14,1005.18,1092.3,1064.48
270,19.08.2016,676.16,891.56,842.35,665.15,677.33,1005.18,1092.3,1064.48
271,22.08.2016,669.96,888.27,832.31,659.68,671.4,1005.18,1092.3,1064.48
272,23.08.2016,673.54,891.02,833.41,663.82,675.65,1005.18,1092.3,1064.48
273,24.08.2016,673.57,887.43,837.54,663.38,675.62,1005.18,1092.3,1064.48
274,25.08.2016,673.36,888.53,841.43,663.37,675.83,1005.18,1092.3,1064.48
275,26.08.2016,681.3,891.6,844.31,669.14,681.3,1005.18,1092.3,1064.48
276,29.08.2016,680.8,884.52,829.08,668.01,679.53,1005.18,1092.3,1064.48
277,30.08.2016,685.96,890.92,830.22,672.81,684.06,1005.18,1092.3,1064.48
278,31.08.2016,690.16,897.44,832.88,677.28,688.52,1005.18,1092.3,1064.48
279,01.09.2016,683.77,898.95,837.71,673.03,684.84,1005.18,1092.3,1064.48
280,05.09.2016,679.61,894.37,839.46,669.13,681.38,1005.18,1092.3,1064.48
281,06.09.2016,680.59,900.19,839.26,670.45,682.37,1005.18,1092.3,1064.48
282,07.09.2016,679.31,904.24,838.45,669.69,681.35,1005.18,1092.3,1064.48
283,08.09.2016,683.94,910.46,843.59,674.2,685.9,1005.18,1092.3,1064.48
284,09.09.2016,684.1,911.57,847.36,674.73,686.59,1005.18,1092.3,1064.48
285,12.09.2016,676.8,896.8,832.43,667.42,679,1005.18,1092.3,1064.48
286,13.09.2016,676.98,894.05,832.22,667.03,678.71,1005.18,1092.3,1064.48
287,14.09.2016,671.92,891.5,828.1,662.56,674.18,1005.18,1092.3,1064.48
288,15.09.2016,670.44,894.23,824.01,663.41,674.98,1005.18,1092.3,1064.48
289,16.09.2016,664.57,891.26,822.25,659.7,671.55,1005.18,1092.3,1064.48
290,19.09.2016,674.4,896.87,825.99,666.55,677.83,1005.18,1092.3,1064.48
291,20.09.2016,679.42,902.26,830.61,671.06,682.31,1005.18,1092.3,1064.48
292,21.09.2016,683.35,901.95,835.05,674.6,686.12,1005.18,1092.3,1064.48
293,22.09.2016,688.41,909.84,840.04,679.63,691.07,1005.18,1092.3,1064.48
294,23.09.2016,690.49,908,844.93,681.23,693.06,1005.18,1092.3,1064.48
295,26.09.2016,692.35,912.47,846.58,683.62,695.47,1005.18,1092.3,1064.48
296,27.09.2016,697.66,919.04,850.92,689.22,701.05,1005.18,1092.3,1064.48
297,28.09.2016,695.54,923.47,848.21,687.68,699.23,1005.18,1092.3,1064.48
298,29.09.2016,0,0,0,0,0,0,0,0
299,30.09.2016,694.92,922.38,844.52,686.93,698.27,1005.18,1092.3,1064.48
300,03.10.2016,688.66,924.97,846.59,682.24,693.87,1005.18,1092.3,1064.48
301,04.10.2016,688.11,915.93,837.7,680.88,692.23,1005.18,1092.3,1064.48
302,05.10.2016,690.25,919.07,839.36,682.77,694.03,1005.18,1092.3,1064.48
303,06.10.2016,689.39,921.57,845.81,682.06,693.69,1005.18,1092.3,1064.48
304,07.10.2016,683.59,918.98,843.7,677.75,689.62,1005.18,1092.3,1064.48
305,10.10.2016,672.89,910.07,837.36,668.31,680.36,1005.18,1092.3,1064.48
306,11.10.2016,681.8,911.24,840.28,674.45,686.18,1005.18,1092.3,1064.48
307,12.10.2016,680.1,915.52,841.94,674.36,686.27,1005.18,1092.3,1064.48
308,13.10.2016,685.35,917.51,848.22,678.83,690.93,1005.18,1092.3,1064.48
309,14.10.2016,684.62,917.37,853.52,678.54,691.12,1005.18,1092.3,1064.48
310,17.10.2016,677.2,915.84,849.31,673.14,685.82,1005.18,1092.3,1064.48
311,18.10.2016,680.18,913.73,850.95,674.9,687.61,1005.18,1092.3,1064.48
312,19.10.2016,686.5,913.75,850.77,679.95,692.49,1005.18,1092.3,1064.48
313,20.10.2016,684.17,907.37,853.15,676.71,689.53,1005.18,1092.3,1064.48
314,21.10.2016,682.11,898.89,853.43,673.39,686.43,1005.18,1092.3,1064.48
315,24.10.2016,674.95,888.73,848,666.15,679.3,1005.18,1092.3,1064.48
316,25.10.2016,671.43,884.83,841.85,662.9,675.87,1005.18,1092.3,1064.48
317,26.10.2016,668.2,886.66,839.07,661.01,673.92,1005.18,1092.3,1064.48
318,27.10.2016,670.67,887.83,838.47,663.29,676.09,1005.18,1092.3,1064.48
319,28.10.2016,675.97,892.9,841.11,667.94,680.56,1005.18,1092.3,1064.48
320,31.10.2016,670.71,889.88,836.02,663.47,676.03,1005.18,1092.3,1064.48
321,01.11.2016,669.49,889.95,836.87,662.8,675.51,1005.18,1092.3,1064.48
322,02.11.2016,662.71,880.28,831.02,656.05,668.84,1005.18,1092.3,1064.48
323,03.11.2016,659.25,874.72,826.71,652.78,665.59,1005.18,1092.3,1064.48
324,04.11.2016,658.97,877.25,822.92,653.01,665.53,1005.18,1092.3,1064.48
325,07.11.2016,666.65,883.55,829.31,659.39,671.81,1005.18,1092.3,1064.48
326,08.11.2016,668.84,881.8,829.33,660.56,672.89,1005.18,1092.3,1064.48
327,09.11.2016,661.97,875.33,819.04,654.53,666.63,1005.18,1092.3,1064.48
328,10.11.2016,668.72,885.77,836.73,661.35,674.14,1005.18,1092.3,1064.48
329,11.11.2016,668.82,883.81,836.1,661.61,674.49,1005.18,1092.3,1064.48
330,14.11.2016,660.62,880.25,834.25,654.54,667.61,1005.18,1092.3,1064.48
331,15.11.2016,664.14,877.11,833.58,656.01,668.84,1005.18,1092.3,1064.48
332,16.11.2016,665.4,877.37,836.56,657.14,670.15,1005.18,1092.3,1064.48
333,17.11.2016,662.59,877.85,833.05,655.38,668.3,1005.18,1092.3,1064.48
334,18.11.2016,660.85,873.12,831.49,652.96,665.88,1005.18,1092.3,1064.48
335,21.11.2016,665.56,870.75,832.01,655.8,668.58,1005.18,1092.3,1064.48
336,22.11.2016,670.65,871.84,831.32,659.73,672.23,1005.18,1092.3,1064.48
337,23.11.2016,674.64,873.05,830.14,662.39,674.52,1005.18,1092.3,1064.48
338,24.11.2016,674.51,873.16,832.12,661.85,674.01,1005.18,1092.3,1064.48
339,25.11.2016,670.25,869.21,830.75,657.91,670.2,1005.18,1092.3,1064.48
340,28.11.2016,656.96,860.36,824.84,646.54,659.15,1005.18,1092.3,1064.48
341,29.11.2016,652.83,851.55,823.75,642.37,655.34,1005.18,1092.3,1064.48
342,30.11.2016,659.2,856.27,827.82,648.36,661.37,1005.18,1092.3,1064.48
343,01.12.2016,658.85,856.17,830.13,647.66,660.73,1005.18,1092.3,1064.48
344,02.12.2016,656.86,853.26,829.51,645.74,658.92,1005.18,1092.3,1064.48
345,05.12.2016,652.35,845.49,830.16,641.21,654.82,1005.18,1092.3,1064.48
346,06.12.2016,642.9,835.94,818.59,632.79,646.27,1005.18,1092.3,1064.48
347,07.12.2016,641.59,839.1,816.29,632.46,645.8,1005.18,1092.3,1064.48
348,08.12.2016,646.23,841.49,815.9,636.43,649.53,1005.18,1092.3,1064.48
349,09.12.2016,646.43,845.29,807.92,637.41,649.93,1005.18,1092.3,1064.48
350,12.12.2016,639.33,835.66,790.91,630.49,642.38,1005.18,1092.3,1064.48
351,13.12.2016,632.95,828.89,784.3,624.51,636.34,1005.18,1092.3,1064.48
352,14.12.2016,641.87,836.39,797.49,632.08,644.2,1005.18,1092.3,1064.48
353,15.12.2016,639.77,831.08,797.67,628.9,641.06,1005.18,1092.3,1064.48
354,16.12.2016,647.9,842.44,795.72,637.13,648.66,1005.18,1092.3,1064.48
355,19.12.2016,650.83,845.67,799.47,639.69,651.25,1005.18,1092.3,1064.48
356,20.12.2016,643.41,841.53,796,632.81,644.37,1005.18,1092.3,1064.48
357,21.12.2016,645.3,843.7,799.91,634.48,646.16,1005.18,1092.3,1064.48
358,22.12.2016,645.86,840.08,796.31,633.97,645.41,1005.18,1092.3,1064.48
359,23.12.2016,648.37,838.66,793.04,635.53,646.67,1005.18,1092.3,1064.48
360,26.12.2016,649.71,836.26,788.77,635.64,646.39,1005.18,1092.3,1064.48
361,27.12.2016,651.59,837.59,786.93,637.71,648.33,1005.18,1092.3,1064.48
362,28.12.2016,653.02,837.57,786.78,638.43,648.91,1005.18,1092.3,1064.48
363,29.12.2016,655.42,840.04,791.16,641.07,651.8,1005.18,1092.3,1064.48
364,30.12.2016,656.74,839.22,793.44,641.35,652.07,1005.18,1092.3,1064.48
365,03.01.2017,662.68,844.07,793.48,646.18,656.48,1005.18,1092.3,1064.48
366,04.01.2017,664.38,849.52,792.73,648.64,658.78,1005.18,1092.3,1064.48
367,05.01.2017,666.62,846.57,796.17,649.63,659.93,1005.18,1092.3,1064.48
368,06.01.2017,668.21,847.49,794.89,651.17,661.35,1005.18,1092.3,1064.48
369,09.01.2017,670.37,847.05,795.5,652.55,662.68,1005.18,1092.3,1064.48
370,10.01.2017,671.38,845.98,795.08,652.85,662.88,1005.18,1092.3,1064.48
371,11.01.2017,675.61,849.74,794.77,656.57,666.33,1005.18,1092.3,1064.48
372,12.01.2017,674.41,851.97,795.68,656.23,666.08,1005.18,1092.3,1064.48
373,13.01.2017,672.12,851.63,797.15,654.8,664.92,1005.18,1092.3,1064.48
374,16.01.2017,665.14,847.73,790.11,649.15,659.18,1005.18,1092.3,1064.48
375,17.01.2017,670.23,845.54,787.15,651.88,661.43,1005.18,1092.3,1064.48
376,18.01.2017,665.56,844.03,782.25,648.2,657.65,1005.18,1092.3,1064.48
377,19.01.2017,663.35,843.33,780.23,646.56,656,1005.18,1092.3,1064.48
378,20.01.2017,666.8,848.25,782.59,649.97,659.32,1005.18,1092.3,1064.48
379,23.01.2017,668,846.64,781.75,650.67,659.96,1005.18,1092.3,1064.48
380,24.01.2017,672.1,853.76,787.77,654.56,663.84,1005.18,1092.3,1064.48
381,25.01.2017,677.85,862.34,796.11,660.43,669.89,1005.18,1092.3,1064.48
382,02.02.2017,686.46,865.38,800.91,667.79,677.22,1005.18,1092.3,1064.48
383,03.02.2017,684.57,862.23,799.51,665.84,675.31,1005.18,1092.3,1064.48
384,06.02.2017,687.57,864.19,800.26,668.35,677.68,1005.18,1092.3,1064.48
385,07.02.2017,690.15,866.05,803.75,670.72,680.17,1005.18,1092.3,1064.48
386,08.02.2017,691.72,869.78,807.23,672.46,681.99,1005.18,1092.3,1064.48
387,09.02.2017,692.62,874.15,814.38,673.83,683.71,1005.18,1092.3,1064.48
388,10.02.2017,692.57,880.11,816.67,674.71,684.64,1005.18,1092.3,1064.48
389,13.02.2017,696.67,890.05,823.64,679.3,689.29,1005.18,1092.3,1064.48
390,14.02.2017,697.46,887.02,828.32,679.23,689.48,1005.18,1092.3,1064.48
391,15.02.2017,703.4,890.96,836.69,684.92,695.54,1005.18,1092.3,1064.48
392,16.02.2017,701.97,891.08,834.26,683.59,694.03,1005.18,1092.3,1064.48
393,17.02.2017,702.37,898.43,836.57,684.84,695.23,1005.18,1092.3,1064.48
394,20.02.2017,701.8,913.85,847.58,687.66,698.73,1005.18,1092.3,1064.48
395,21.02.2017,705.96,918.03,856.74,691.84,703.34,1005.18,1092.3,1064.48
396,22.02.2017,702.9,919.5,853.81,689.65,701.03,1005.18,1092.3,1064.48
397,23.02.2017,703.2,921.85,854.17,690.06,701.36,1005.18,1092.3,1064.48
398,24.02.2017,697.29,924.86,854.85,686.68,698.39,1005.18,1092.3,1064.48
399,27.02.2017,702.24,925.33,857.46,690.51,702.16,1005.18,1092.3,1064.48
400,28.02.2017,694.35,917.79,854.88,683.23,695.16,1005.18,1092.3,1064.48
401,01.03.2017,692.54,917.75,851.18,681.74,693.48,1005.18,1092.3,1064.48
402,02.03.2017,690.19,918.68,850.28,679.85,691.54,1005.18,1092.3,1064.48
403,03.03.2017,693.37,919.19,847.99,682.36,693.75,1005.18,1092.3,1064.48
404,06.03.2017,695.31,925.39,853.66,685.05,696.68,1005.18,1092.3,1064.48
405,07.03.2017,696.67,932.32,858.39,687.12,698.86,1005.18,1092.3,1064.48
406,08.03.2017,699.39,938.32,860.32,690,701.6,1005.18,1092.3,1064.48
407,09.03.2017,701.31,935.77,859.97,690.76,702.22,1005.18,1092.3,1064.48
408,10.03.2017,700.45,936.91,857.03,690.28,701.56,1005.18,1092.3,1064.48
409,13.03.2017,699.58,935.62,859.98,689.42,700.95,1005.18,1092.3,1064.48
410,14.03.2017,702.53,938.71,862.76,692.1,703.61,1005.18,1092.3,1064.48
411,15.03.2017,700.53,941.28,864.78,691.25,703,1005.18,1092.3,1064.48
412,16.03.2017,705.28,949.67,869.55,696.4,708.15,1005.18,1092.3,1064.48
413,17.03.2017,705.58,948.22,872.57,696.26,708.2,1005.18,1092.3,1064.48
414,20.03.2017,713.68,955.94,880.02,703.03,714.82,1005.18,1092.3,1064.48
415,21.03.2017,717.55,959.53,879.55,705.82,717.15,1005.18,1092.3,1064.48
416,22.03.2017,715.72,948.43,867.04,702.84,713.68,1005.18,1092.3,1064.48
417,23.03.2017,727.71,950.09,868.85,712.38,722.85,1005.18,1092.3,1064.48
418,24.03.2017,730.29,946.02,870.41,713.61,724.14,1005.18,1092.3,1064.48
419,27.03.2017,732.12,952.06,868.38,715.99,726.2,1005.18,1092.3,1064.48
420,28.03.2017,726.65,951.09,867.38,711.68,722.08,1005.18,1092.3,1064.48
421,29.03.2017,728.34,957.29,867.11,714.18,724.42,1005.18,1092.3,1064.48
422,30.03.2017,731.07,960.68,872.34,717,727.46,1005.18,1092.3,1064.48
423,31.03.2017,731.83,960.98,872.66,717.31,727.67,1005.18,1092.3,1064.48
424,03.04.2017,735.54,966.03,873.82,720.79,730.95,1005.18,1092.3,1064.48
425,04.04.2017,738.01,965.69,873.84,722.63,732.69,1005.18,1092.3,1064.48
426,05.04.2017,729.56,964.76,875.2,716.31,726.9,1005.18,1092.3,1064.48
427,07.04.2017,736.47,964.78,875.17,721.19,731.39,1005.18,1092.3,1064.48
428,10.04.2017,735.71,972.17,876.37,722.11,732.43,1005.18,1092.3,1064.48
429,11.04.2017,736.99,975.57,877.6,723.79,734.12,1005.18,1092.3,1064.48
430,12.04.2017,731.15,970.26,870.83,718.64,728.87,1005.18,1092.3,1064.48
431,13.04.2017,726.21,972.07,869.36,715.52,725.99,1005.18,1092.3,1064.48
432,14.04.2017,716.42,963.48,862.64,706.72,717.28,1005.18,1092.3,1064.48
433,17.04.2017,706.77,949.39,853.19,697.56,708.32,1005.18,1092.3,1064.48
434,18.04.2017,713.53,956.33,857.7,703.82,714.4,1005.18,1092.3,1064.48
435,19.04.2017,717.73,971.52,862.28,709.48,719.83,1005.18,1092.3,1064.48
436,20.04.2017,712.04,968.69,862.12,704.55,715.06,1005.18,1092.3,1064.48
437,21.04.2017,710.24,974.33,860.59,704.22,714.62,1005.18,1092.3,1064.48
438,24.04.2017,704.41,974.35,856.51,699.79,710.2,1005.18,1092.3,1064.48
439,25.04.2017,705.99,977.35,858.65,701.5,711.9,1005.18,1092.3,1064.48
440,26.04.2017,711.22,985.61,865.77,706.66,717.16,1005.18,1092.3,1064.48
441,27.04.2017,719.49,992.86,873.63,714.31,724.87,1005.18,1092.3,1064.48
442,28.04.2017,718.57,993.01,876.06,713.9,724.72,1005.18,1092.3,1064.48
443,03.05.2017,723.32,997.83,880.65,717.9,728.7,1005.18,1092.3,1064.48
444,04.05.2017,725.99,1002.19,886.81,720.74,731.79,1005.18,1092.3,1064.48
445,05.05.2017,0,0,0,0,0,0,0,0
446,08.05.2017,720.51,1021.61,906.4,719.87,732.11,1005.18,1092.3,1064.48
447,09.05.2017,727.88,1033.6,916.68,726.97,739.27,1005.18,1092.3,1064.48
448,10.05.2017,730.47,1033.62,917.41,728.7,740.92,1005.18,1092.3,1064.48
449,11.05.2017,730.99,1033.54,920.99,729.09,741.51,1005.18,1092.3,1064.48
450,12.05.2017,730.8,1041.31,928.04,730.32,743.11,1005.18,1092.3,1064.48
451,15.05.2017,735.43,1055.83,940.28,736.1,749.21,1005.18,1092.3,1064.48
452,16.05.2017,732.99,1049.51,933.29,733.55,746.43,1005.18,1092.3,1064.48
453,17.05.2017,736.65,1055.34,934.09,737.52,750.29,1005.18,1092.3,1064.48
454,18.05.2017,735.52,1052.94,924.86,736.17,748.43,1005.18,1092.3,1064.48
455,19.05.2017,743.07,1058.75,926.62,742.52,754.48,1005.18,1092.3,1064.48
456,22.05.2017,752.76,1057.27,923.12,749.57,760.91,1005.18,1092.3,1064.48
457,23.05.2017,750.39,1053.54,923.23,747.27,758.82,1005.18,1092.3,1064.48
458,24.05.2017,761,1065.11,928.35,756.51,767.67,1005.18,1092.3,1064.48
459,25.05.2017,760.02,1075.73,933.63,757.18,768.53,1005.18,1092.3,1064.48
460,26.05.2017,762.64,1079.63,937.1,760.2,771.66,1005.18,1092.3,1064.48
461,29.05.2017,766.24,1078.13,940.53,762.49,773.99,1005.18,1092.3,1064.48
462,30.05.2017,754.8,1063.81,929.03,751.55,763.03,1005.18,1092.3,1064.48
463,31.05.2017,756.87,1063.98,927.11,753.02,764.28,1005.18,1092.3,1064.48
464,01.06.2017,763.59,1069.66,931.79,759.16,770.38,1005.18,1092.3,1064.48
465,02.06.2017,762.07,1076.41,939.03,759.12,770.75,1005.18,1092.3,1064.48
466,05.06.2017,765.69,1073.05,944.39,761.5,773.41,1005.18,1092.3,1064.48
467,06.06.2017,777.31,1079.32,948.93,770.81,782.33,1005.18,1092.3,1064.48
468,07.06.2017,782.07,1084.14,954.2,775.1,786.66,1005.18,1092.3,1064.48
469,08.06.2017,782.43,1085.48,952.03,775.67,787.04,1005.18,1092.3,1064.48
470,09.06.2017,785.27,1080.97,951.26,777.06,788.31,1005.18,1092.3,1064.48
471,12.06.2017,781.73,1080.81,946.7,774.77,785.9,1005.18,1092.3,1064.48
472,13.06.2017,786.66,1082.57,948.57,778.79,789.77,1005.18,1092.3,1064.48
473,14.06.2017,791.05,1081.27,950.54,781.09,791.98,1005.18,1092.3,1064.48
474,15.06.2017,792.17,1085.32,950.87,783,793.83,1005.18,1092.3,1064.48
475,16.06.2017,795.86,1090.2,951.68,786.65,797.26,1005.18,1092.3,1064.48
476,19.06.2017,803.74,1102.65,956.33,794.55,804.94,1005.18,1092.3,1064.48
477,20.06.2017,806.04,1108.59,958.64,796.57,806.84,1005.18,1092.3,1064.48
478,21.06.2017,806.22,1111.36,957.81,797.53,807.74,1005.18,1092.3,1064.48
479,22.06.2017,804.2,1123.18,963.14,797.63,808.07,1005.18,1092.3,1064.48
480,23.06.2017,804.52,1133.98,968.45,799.66,810.3,1005.18,1092.3,1064.48
481,26.06.2017,807.24,1136.9,967.38,802.49,812.91,1005.18,1092.3,1064.48
482,27.06.2017,801.16,1124.13,963.03,795.98,806.61,1005.18,1092.3,1064.48
483,28.06.2017,803.57,1128.7,966.79,798.65,809.39,1005.18,1092.3,1064.48
484,29.06.2017,807.93,1134.9,972.72,802.63,813.41,1005.18,1092.3,1064.48
485,30.06.2017,812.39,1137.97,972.31,806.86,817.46,1005.18,1092.3,1064.48
486,03.07.2017,812.8,1138.97,974.47,807.03,817.7,1005.18,1092.3,1064.48
487,04.07.2017,810.8,1135.09,977.07,804.76,815.71,1005.18,1092.3,1064.48
488,05.07.2017,812.87,1140.3,984.01,807.1,818.32,1005.18,1092.3,1064.48
489,06.07.2017,817.87,1140.48,990.8,810.97,822.4,1005.18,1092.3,1064.48
490,07.07.2017,808.35,1134.97,984.42,802.68,814.15,1005.18,1092.3,1064.48
491,10.07.2017,796.87,1117.47,978.67,790.85,802.67,1005.18,1092.3,1064.48
492,11.07.2017,798.95,1124.58,983.95,794.18,806.21,1005.18,1092.3,1064.48
493,12.07.2017,804.07,1134.6,993.12,800.07,812.37,1005.18,1092.3,1064.48
494,13.07.2017,808.09,1139.31,996.73,803.81,816.11,1005.18,1092.3,1064.48
495,14.07.2017,806.61,1142.18,997.04,803.08,815.39,1005.18,1092.3,1064.48
496,17.07.2017,791.35,1132.29,989.96,790.12,802.79,1005.18,1092.3,1064.48
497,18.07.2017,786.82,1118.17,986.22,784.51,797.38,1005.18,1092.3,1064.48
498,19.07.2017,783.05,1124.96,989.46,783,796.21,1005.18,1092.3,1064.48
499,20.07.2017,781.85,1119.68,990.81,781.31,794.71,1005.18,1092.3,1064.48
500,21.07.2017,773.18,1108.63,987.84,773.31,787.1,1005.18,1092.3,1064.48
501,24.07.2017,774.32,1098.29,982.37,772.43,785.97,1005.18,1092.3,1064.48
502,25.07.2017,783.67,1107.76,987.63,780.76,794.07,1005.18,1092.3,1064.48
503,26.07.2017,792.02,1129.59,1001.75,790.71,804.24,1005.18,1092.3,1064.48
504,27.07.2017,789.8,1128.1,1002.33,788.79,802.48,1005.18,1092.3,1064.48
505,28.07.2017,796.34,1135.08,1007.03,794.8,808.38,1005.18,1092.3,1064.48
506,31.07.2017,803.12,1134.91,1009.1,799.85,813.22,1005.18,1092.3,1064.48
507,01.08.2017,805.37,1131.06,1011.53,800.63,814.02,1005.18,1092.3,1064.48
508,02.08.2017,803.06,1125.79,1012.49,798.26,811.91,1005.18,1092.3,1064.48
509,03.08.2017,805.01,1129.83,1022.62,800.58,814.72,1005.18,1092.3,1064.48
510,04.08.2017,808.79,1133.06,1033.11,803.88,818.41,1005.18,1092.3,1064.48
511,07.08.2017,810.53,1134.15,1049.74,805.28,820.66,1005.18,1092.3,1064.48
512,08.08.2017,805.58,1121.95,1055.36,799.46,815.48,1005.18,1092.3,1064.48
513,09.08.2017,787.73,1103.66,1040.54,782.98,799.11,1005.18,1092.3,1064.48
514,10.08.2017,789.92,1099.4,1030.95,784.02,799.6,1005.18,1092.3,1064.48
515,11.08.2017,791.59,1099.51,1019.26,785.29,800.12,1005.18,1092.3,1064.48
516,14.08.2017,799.42,1110.57,1024.45,792.84,807.49,1005.18,1092.3,1064.48
517,15.08.2017,793.76,1106.83,1021.19,787.81,802.55,1005.18,1092.3,1064.48
518,16.08.2017,797.27,1108.36,1019.33,790.5,804.93,1005.18,1092.3,1064.48
519,17.08.2017,791.65,1093.08,1007.45,784.04,798.24,1005.18,1092.3,1064.48
520,18.08.2017,792.82,1094.13,1013.07,785.13,799.59,1005.18,1092.3,1064.48
521,21.08.2017,792.14,1093.59,1008.55,784.53,798.76,1005.18,1092.3,1064.48
522,22.08.2017,786.32,1086.99,996.33,779.13,792.99,1005.18,1092.3,1064.48
523,23.08.2017,791.54,1089.72,990.9,783.45,796.72,1005.18,1092.3,1064.48
524,24.08.2017,796.46,1095.04,989.9,787.91,800.84,1005.18,1092.3,1064.48
525,25.08.2017,800.1,1096.77,994.57,791.02,804.02,1005.18,1092.3,1064.48
526,28.08.2017,807.43,1104.3,994.9,797.7,810.3,1005.18,1092.3,1064.48
527,29.08.2017,803.78,1105.25,987.49,795.17,807.47,1005.18,1092.3,1064.48
528,30.08.2017,814.75,1107.47,987.22,804.05,815.8,1005.18,1092.3,1064.48
529,31.08.2017,820.62,1103.08,985.74,807.64,819.11,1005.18,1092.3,1064.48
530,01.09.2017,824.86,1106.34,992.28,811.81,823.5,1005.18,1092.3,1064.48
531,05.09.2017,828.01,1103.35,988.56,813.9,825.31,1005.18,1092.3,1064.48
532,06.09.2017,827.96,1100.23,986.5,813.07,824.35,1005.18,1092.3,1064.48
533,07.09.2017,830.34,1104.38,986.04,815.24,826.3,1005.18,1092.3,1064.48
534,08.09.2017,836.24,1103.33,986.25,819.39,830.2,1005.18,1092.3,1064.48
535,11.09.2017,830.74,1092.48,978.75,813.32,824.05,1005.18,1092.3,1064.48
536,12.09.2017,833.89,1099.98,985.81,816.79,827.69,1005.18,1092.3,1064.48
537,13.09.2017,838.04,1112.49,994.06,821.71,832.77,1005.18,1092.3,1064.48
538,14.09.2017,841.22,1113.71,999.32,824.38,835.57,1005.18,1092.3,1064.48
539,15.09.2017,841.52,1115.53,1008.28,824.81,836.47,1005.18,1092.3,1064.48
540,18.09.2017,846.11,1120.15,1015.65,829.08,840.93,1005.18,1092.3,1064.48
541,19.09.2017,845.02,1120.63,1016.28,828.28,840.19,1005.18,1092.3,1064.48
542,20.09.2017,842.67,1123.9,1016.87,827.18,839.21,1005.18,1092.3,1064.48
543,21.09.2017,838.33,1128.54,1017.33,824.67,836.83,1005.18,1092.3,1064.48
544,22.09.2017,841.84,1129.64,1022.79,827.36,839.64,1005.18,1092.3,1064.48
545,25.09.2017,842.04,1127.23,1020.91,827.14,839.34,1005.18,1092.3,1064.48
546,26.09.2017,843.28,1130.07,1017.48,828.58,840.5,1005.18,1092.3,1064.48
547,27.09.2017,840.94,1123.24,1012.81,825.98,837.81,1005.18,1092.3,1064.48
548,28.09.2017,844.18,1114.04,1006.59,826.94,838.4,1005.18,1092.3,1064.48
549,29.09.2017,846.28,1117.07,1000.02,829.05,840.03,1005.18,1092.3,1064.48
550,02.10.2017,844.12,1108.71,989.52,825.98,836.53,1005.18,1092.3,1064.48
551,03.10.2017,840.19,1101.79,985.16,821.9,832.43,1005.18,1092.3,1064.48
552,04.10.2017,849.52,1110.39,997.26,830.32,841.03,1005.18,1092.3,1064.48
553,05.10.2017,851.29,1107.54,997.6,831.32,842,1005.18,1092.3,1064.48
554,06.10.2017,854.49,1108.4,1000.57,833.76,844.46,1005.18,1092.3,1064.48
555,09.10.2017,856.54,1112.06,1001.75,835.75,846.39,1005.18,1092.3,1064.48
556,10.10.2017,860.61,1120.89,1002.84,840.13,850.54,1005.18,1092.3,1064.48
557,11.10.2017,862.25,1119.18,1005.33,841.42,851.9,1005.18,1092.3,1064.48
558,12.10.2017,865.21,1119.05,1010.65,843.48,854.12,1005.18,1092.3,1064.48
559,13.10.2017,871.48,1121.37,1009.25,848.78,859.07,1005.18,1092.3,1064.48
560,16.10.2017,867.61,1119.18,1011.99,845.29,855.91,1005.18,1092.3,1064.48
561,17.10.2017,874.7,1119.24,1011.31,850.64,860.92,1005.18,1092.3,1064.48
562,18.10.2017,872.95,1109.84,1002.6,847.77,857.73,1005.18,1092.3,1064.48
563,19.10.2017,873.54,1108.08,1007.89,847.9,858.14,1005.18,1092.3,1064.48
564,20.10.2017,869.91,1095.41,1002.34,843.17,853.39,1005.18,1092.3,1064.48
565,23.10.2017,864.96,1074.7,990.25,836.25,846.19,1005.18,1092.3,1064.48
566,24.10.2017,871.24,1078.82,992.51,841.59,851.38,1005.18,1092.3,1064.48
567,25.10.2017,877.88,1081.88,990.89,846.97,856.4,1005.18,1092.3,1064.48
568,26.10.2017,879.03,1067.99,983.47,845.73,854.87,1005.18,1092.3,1064.48
569,27.10.2017,892.26,1069.47,986.08,856.18,864.83,1005.18,1092.3,1064.48
570,30.10.2017,895.05,1054.16,979.83,856.01,864.3,1005.18,1092.3,1064.48
571,31.10.2017,888.74,1044.79,967.84,850.05,857.99,1005.18,1092.3,1064.48
572,01.11.2017,892.76,1039.74,956.76,852.74,860.06,1005.18,1092.3,1064.48
573,02.11.2017,884.51,1019.74,943.23,844.3,851.42,1005.18,1092.3,1064.48
574,03.11.2017,897.74,1028.65,949.28,855.16,861.91,1005.18,1092.3,1064.48
575,06.11.2017,902.75,1048.2,960.17,862.46,869.48,1005.18,1092.3,1064.48
576,07.11.2017,904.14,1050.67,962.64,864.43,871.45,1005.18,1092.3,1064.48
577,08.11.2017,912.2,1055.22,965.46,872.66,879.44,1005.18,1092.3,1064.48
578,09.11.2017,911.64,1059.5,965.78,874.55,881.31,1005.18,1092.3,1064.48
579,10.11.2017,917.52,1062.08,970.01,879.84,887,1005.18,1092.3,1064.48
580,13.11.2017,927.74,1064.78,966.11,890.23,896.96,1005.18,1092.3,1064.48
581,14.11.2017,931.05,1070.37,964.21,892.83,899.1,1005.18,1092.3,1064.48
582,15.11.2017,938,1078.06,964.9,899.47,905.44,1005.18,1092.3,1064.48
583,16.11.2017,951.29,1093.85,971.58,912.08,917.71,1005.18,1092.3,1064.48
584,17.11.2017,948.51,1090.27,968.86,910.11,915.71,1005.18,1092.3,1064.48
585,20.11.2017,961.45,1094.43,969.41,922.52,927.54,1005.18,1092.3,1064.48
586,21.11.2017,973.46,1087.81,965.79,930.59,934.97,1005.18,1092.3,1064.48
587,22.11.2017,985.9,1095.13,966.19,939.63,943.29,1005.18,1092.3,1064.48
588,23.11.2017,986.69,1097.16,971.62,940.73,944.64,1005.18,1092.3,1064.48
589,24.11.2017,990.21,1117.46,984.48,945.76,950.08,1005.18,1092.3,1064.48
590,27.11.2017,995.22,1132.62,997.43,952.4,957.04,1005.18,1092.3,1064.48
591,28.11.2017,1000.39,1129.67,994.42,955.69,959.95,1005.18,1092.3,1064.48
592,29.11.2017,1011.95,1133.38,996.09,964.54,968.33,1005.18,1092.3,1064.48
593,30.11.2017,1008.21,1136.37,1001.46,961.93,966.27,1005.18,1092.3,1064.48
594,01.12.2017,1018.27,1145.08,1007.35,971.99,976.41,1005.18,1092.3,1064.48
595,04.12.2017,1033.22,1152.06,1012.47,985.44,989.6,1005.18,1092.3,1064.48
596,05.12.2017,1009.3,1146.67,1004.84,965.66,970.46,1005.18,1092.3,1064.48
597,06.12.2017,1003.94,1148.48,1000.74,961.53,966.2,1005.18,1092.3,1064.48
598,07.12.2017,992.91,1155.16,1006.42,953,958.14,1005.18,1092.3,1064.48
599,08.12.2017,994.52,1155.7,1006.52,954.95,960.06,1005.18,1092.3,1064.48
600,11.12.2017,971.04,1140.41,994.8,935.76,941.53,1005.18,1092.3,1064.48
601,12.12.2017,978.02,1134.43,985.84,939.98,945.12,1005.18,1092.3,1064.48
602,13.12.2017,976.43,1132.41,985.89,938.87,944.1,1005.18,1092.3,1064.48
603,14.12.2017,992.34,1148.45,1003.69,953.77,959.33,1005.18,1092.3,1064.48
604,15.12.2017,990.73,1154.27,1007.14,952.24,957.94,1005.18,1092.3,1064.48
605,18.12.2017,1016.51,1159.57,1012.19,974.23,979.16,1005.18,1092.3,1064.48
606,19.12.2017,1013.1,1150.33,1008.63,969.79,974.71,1005.18,1092.3,1064.48
607,20.12.2017,1014.34,1155.94,1008.13,971.44,976.19,1005.18,1092.3,1064.48
608,21.12.2017,1001.6,1154.19,1005.1,962.14,967.38,1005.18,1092.3,1064.48
609,22.12.2017,1011.6,1149.1,1002.64,969.33,973.94,1005.18,1092.3,1064.48
610,25.12.2017,1015.24,1140.28,1002.71,971.01,975.4,1005.18,1092.3,1064.48
611,26.12.2017,1022.14,1146.68,1005.37,977.41,981.67,1005.18,1092.3,1064.48
612,27.12.2017,1024.59,1143.38,1009.77,978.63,983.15,1005.18,1092.3,1064.48
613,28.12.2017,1035.11,1147.85,1013.02,987.21,991.44,1005.18,1092.3,1064.48
614,29.12.2017,1044.33,1150.52,1014.58,994.7,998.69,1005.18,1092.3,1064.48
615,02.01.2018,1062.74,1150.14,1023.67,1008.58,1012.34,1005.18,1092.3,1064.48
616,03.01.2018,1075.52,1158.55,1019.35,1020.34,1023.23,1005.18,1092.3,1064.48
617,04.01.2018,1085.68,1174.89,1026.85,1030.58,1033.3,1005.18,1092.3,1064.48
618,05.01.2018,1078.81,1171.37,1023.16,1024.52,1027.35,1005.18,1092.3,1064.48
619,08.01.2018,1095.69,1181.48,1030.04,1037.8,1040.05,1005.18,1092.3,1064.48
620,09.01.2018,1112.97,1189.44,1035.47,1051.1,1052.7,1005.18,1092.3,1064.48
621,10.01.2018,1113.03,1200.3,1040.48,1053.6,1055.48,1005.18,1092.3,1064.48
622,11.01.2018,1121.06,1203.42,1051.77,1059.77,1061.87,1005.18,1092.3,1064.48
623,12.01.2018,1123.91,1196.56,1053.94,1062.39,1064.45,1005.18,1092.3,1064.48
624,15.01.2018,1138.85,1211.9,1059.28,1076.05,1077.5,1005.18,1092.3,1064.48
625,16.01.2018,1137.43,1214.51,1057.43,1074.96,1076.37,1005.18,1092.3,1064.48
626,17.01.2018,1104.74,1187.72,1045.59,1045.39,1047.68,1005.18,1092.3,1064.48
627,18.01.2018,1124.65,1193.11,1045.77,1061.31,1062.79,1005.18,1092.3,1064.48
628,19.01.2018,1129.92,1207.1,1049.32,1067.19,1068.5,1005.18,1092.3,1064.48
629,22.01.2018,0,0,0,0,0,0,0,0
630,25.01.2018,1175.51,1227.28,1044.97,1103.94,1102.86,1005.18,1092.3,1064.48
631,26.01.2018,1185.06,1229.92,1046.6,1111.97,1110.64,1005.18,1092.3,1064.48
632,29.01.2018,1176.86,1228.06,1037.39,1105.1,1103.51,1005.18,1092.3,1064.48
633,30.01.2018,1179.41,1242.88,1045.77,1109.07,1107.65,1005.18,1092.3,1064.48
634,31.01.2018,1175.91,1230.11,1039.22,1104.55,1103,1005.18,1092.3,1064.48
635,01.02.2018,1166.25,1213.93,1026.29,1094.94,1093.23,1005.18,1092.3,1064.48
636,02.02.2018,1170.01,1215.03,1022.97,1098.49,1096.5,1005.18,1092.3,1064.48
637,05.02.2018,1110.59,1158.46,988.98,1043.9,1043.17,1005.18,1092.3,1064.48
638,06.02.2018,1081.3,1107.68,954.16,1013.55,1012.52,1005.18,1092.3,1064.48
639,07.02.2018,1106.18,1139.44,976.13,1037.14,1035.99,1005.18,1092.3,1064.48
640,08.02.2018,1087.56,1130.6,971.63,1021.27,1020.74,1005.18,1092.3,1064.48
641,09.02.2018,1069.54,1120.4,965.85,1005.59,1005.49,1005.18,1092.3,1064.48
642,12.02.2018,1110.3,1146.96,985.85,1041.1,1040.01,1005.18,1092.3,1064.48
643,13.02.2018,1131.04,1166.24,1000.35,1060.19,1058.82,1005.18,1092.3,1064.48
644,21.02.2018,1153.98,1180.76,1010.55,1081.45,1079.67,1005.18,1092.3,1064.48
645,22.02.2018,1141.97,1168.84,1002.32,1070.64,1068.98,1005.18,1092.3,1064.48
646,23.02.2018,1169.52,1186.21,1005.87,1093.88,1091.05,1005.18,1092.3,1064.48
647,26.02.2018,1179.98,1171.82,1000.27,1099.69,1096.13,1005.18,1092.3,1064.48
648,27.02.2018,1186.83,1172.95,998.47,1104.4,1100.45,1005.18,1092.3,1064.48
649,28.02.2018,1189.76,1177.2,1000.13,1107.13,1102.99,1005.18,1092.3,1064.48
650,01.03.2018,1187.19,1173.63,1000.34,1104.42,1100.46,1005.18,1092.3,1064.48
651,02.03.2018,1188.35,1194.61,1010.38,1109.35,1105.77,1005.18,1092.3,1064.48
652,05.03.2018,1160.34,1196.04,1010.25,1089.64,1087.34,1005.18,1092.3,1064.48
653,06.03.2018,1184.47,1217.09,1014.42,1111.8,1108.38,1005.18,1092.3,1064.48
654,07.03.2018,1172.51,1220.14,1015.39,1104.23,1101.45,1005.18,1092.3,1064.48
655,08.03.2018,1186.32,1225.76,1021.27,1116.76,1113.65,1005.18,1092.3,1064.48
656,09.03.2018,1187.94,1222.4,1022.73,1117.32,1114.23,1005.18,1092.3,1064.48
657,12.03.2018,1188.4,1217.53,1021.09,1115.61,1112.46,1005.18,1092.3,1064.48
658,13.03.2018,1193.13,1229.9,1025.15,1122.32,1119.13,1005.18,1092.3,1064.48
659,14.03.2018,1197.02,1238.69,1025.01,1126.95,1123.57,1005.18,1092.3,1064.48
660,15.03.2018,1191.93,1239.85,1025.31,1122.31,1119.13,1005.18,1092.3,1064.48
661,16.03.2018,1194.8,1242.92,1029.12,1125.41,1122.39,1005.18,1092.3,1064.48
662,19.03.2018,1213.4,1244.01,1025.75,1140.05,1135.89,1005.18,1092.3,1064.48
663,20.03.2018,1217.62,1239.92,1023,1141.98,1137.45,1005.18,1092.3,1064.48
664,21.03.2018,1231.65,1249.75,1020.35,1154.82,1149.36,1005.18,1092.3,1064.48
665,22.03.2018,1228.77,1249.13,1015.81,1152.64,1147.06,1005.18,1092.3,1064.48
666,23.03.2018,1211.97,1228.19,1002.92,1137.15,1131.71,1005.18,1092.3,1064.48
667,26.03.2018,1231.08,1231.15,1002.24,1152.79,1146.41,1005.18,1092.3,1064.48
668,27.03.2018,1234.91,1228.31,1000.68,1155.4,1148.91,1005.18,1092.3,1064.48
669,28.03.2018,1235.76,1230.15,999.57,1156.5,1149.82,1005.18,1092.3,1064.48
670,29.03.2018,1228.94,1231.57,1000.34,1151.49,1145.03,1005.18,1092.3,1064.48
671,30.03.2018,1238.12,1245.79,1004.53,1160.65,1153.76,1005.18,1092.3,1064.48
672,02.04.2018,1257.59,1253.61,1007.61,1177.21,1169.38,1005.18,1092.3,1064.48
673,03.04.2018,1246.59,1257.92,1006.21,1169.11,1161.34,1005.18,1092.3,1064.48
674,04.04.2018,1251.72,1268.7,1011.64,1176.85,1168.69,1005.18,1092.3,1064.48
675,05.04.2018,1255.34,1281.71,1020.83,1182.33,1173.75,1005.18,1092.3,1064.48
676,06.04.2018,1260.98,1284.76,1028.96,1187.4,1178.89,1005.18,1092.3,1064.48
677,09.04.2018,1264.53,1281.98,1026.6,1190.12,1180.97,1005.18,1092.3,1064.48
678,10.04.2018,1254.2,1266.77,1019.06,1178.91,1170.39,1005.18,1092.3,1064.48
679,11.04.2018,1221.06,1239.21,1004.1,1148.86,1141.66,1005.18,1092.3,1064.48
680,12.04.2018,1227.82,1244.75,1007.01,1154.97,1147.51,1005.18,1092.3,1064.48
681,13.04.2018,1217.84,1236.08,1006.12,1146.41,1139.23,1005.18,1092.3,1064.48
682,16.04.2018,1211.2,1233.35,1005.75,1140.8,1133.37,1005.18,1092.3,1064.48
683,17.04.2018,1213.66,1245.86,1009.62,1144.41,1136.49,1005.18,1092.3,1064.48
684,18.04.2018,1198.01,1231.11,1007.33,1130.96,1123.82,1005.18,1092.3,1064.48
685,19.04.2018,1144.74,1210.29,1000.11,1086.62,1083.35,1005.18,1092.3,1064.48
686,20.04.2018,1169.82,1224.05,1008.38,1107.4,1102.97,1005.18,1092.3,1064.48
687,23.04.2018,1133.23,1179.62,992.77,1072.86,1069.74,1005.18,1092.3,1064.48
688,24.04.2018,1132.44,1170.13,988.02,1071.1,1067.96,1005.18,1092.3,1064.48
689,26.04.2018,1094.81,1139.26,964.69,1038.82,1036.56,1005.18,1092.3,1064.48
690,27.04.2018,1104.48,1159.59,970.87,1049.69,1047.15,1005.18,1092.3,1064.48
691,02.05.2018,1088.22,1139.28,963.5,1034.17,1032.17,1005.18,1092.3,1064.48
692,03.05.2018,1085.54,1132.86,963.02,1030.76,1028.87,1005.18,1092.3,1064.48
693,04.05.2018,1086.12,1140.7,965.09,1032.74,1030.88,1005.18,1092.3,1064.48
694,07.05.2018,1126.02,1164.47,973.94,1066.41,1063.01,1005.18,1092.3,1064.48
695,08.05.2018,1125.81,1158.93,968.85,1064.43,1060.68,1005.18,1092.3,1064.48
696,09.05.2018,1124.76,1160.8,969.62,1063.78,1060.06,1005.18,1092.3,1064.48
697,10.05.2018,1096.06,1140.05,962,1038.32,1035.56,1005.18,1092.3,1064.48
698,11.05.2018,1108.44,1149.16,962.87,1049.27,1045.96,1005.18,1092.3,1064.48
699,14.05.2018,1130.66,1157.47,966.84,1068.39,1064.46,1005.18,1092.3,1064.48
700,15.05.2018,1135,1164.37,971.56,1072.44,1068.43,1005.18,1092.3,1064.48
701,16.05.2018,1112.21,1163.64,967.38,1054.59,1051.18,1005.18,1092.3,1064.48
702,17.05.2018,1083.33,1162.65,966.06,1031.65,1029.18,1005.18,1092.3,1064.48
703,18.05.2018,1099.59,1159.13,966.59,1043.52,1040.5,1005.18,1092.3,1064.48
704,21.05.2018,1072.7,1149,965.05,1019.9,1017.72,1005.18,1092.3,1064.48
705,22.05.2018,1031.54,1113.95,946.14,981.93,980.65,1005.18,1092.3,1064.48
706,23.05.2018,1041.86,1120.81,946.48,990.55,988.71,1005.18,1092.3,1064.48
707,24.05.2018,1033.27,1111.97,943.47,983.16,981.72,1005.18,1092.3,1064.48
708,25.05.2018,1008.52,1092.12,936.58,962.25,961.91,1005.18,1092.3,1064.48
709,28.05.2018,967.25,1035.01,908.95,923.29,924.2,1005.18,1092.3,1064.48
710,29.05.2018,996.22,1067.05,925.96,950.01,950.15,1005.18,1092.3,1064.48
711,30.05.2018,989.48,1058.98,926.13,943.53,944.06,1005.18,1092.3,1064.48
712,31.05.2018,1020.36,1079.53,936.04,970.19,969.71,1005.18,1092.3,1064.48
713,01.06.2018,1043.88,1090.63,942.07,990.22,989.05,1005.18,1092.3,1064.48
714,04.06.2018,1073.52,1114.23,950.94,1016.8,1014.65,1005.18,1092.3,1064.48
715,05.06.2018,1085.93,1135.23,957.97,1030.15,1027.69,1005.18,1092.3,1064.48
716,06.06.2018,1102.53,1153.71,961.37,1045.68,1042.47,1005.18,1092.3,1064.48
717,07.06.2018,1106.87,1154.21,963.25,1049.22,1045.98,1005.18,1092.3,1064.48
718,08.06.2018,1105.92,1154.06,960.23,1048.48,1045.1,1005.18,1092.3,1064.48
719,11.06.2018,1104.82,1140.55,960.19,1045.75,1042.67,1005.18,1092.3,1064.48
720,12.06.2018,1087.47,1120.62,953.25,1029.93,1027.56,1005.18,1092.3,1064.48
721,13.06.2018,1098.07,1124,955.84,1038.9,1036.1,1005.18,1092.3,1064.48
722,14.06.2018,1083.02,1129.09,957.19,1028.46,1026.33,1005.18,1092.3,1064.48
723,15.06.2018,1083.81,1127.16,956.46,1028.15,1026.01,1005.18,1092.3,1064.48
724,18.06.2018,1046.4,1097.35,947.13,995.01,994.03,1005.18,1092.3,1064.48
725,19.06.2018,1019.18,1057.73,924.84,967.5,966.67,1005.18,1092.3,1064.48
726,20.06.2018,1042.63,1074.96,933.7,988.14,986.66,1005.18,1092.3,1064.48
727,21.06.2018,1030.65,1057.84,930.95,976.48,975.6,1005.18,1092.3,1064.48
728,22.06.2018,1049.31,1071.17,934.21,993.07,991.74,1005.18,1092.3,1064.48
729,25.06.2018,1059.82,1079.32,933.79,1002.4,1000.53,1005.18,1092.3,1064.48
730,26.06.2018,1050.98,1076.27,934.66,995.04,993.52,1005.18,1092.3,1064.48
731,27.06.2018,1037.37,1065.39,934.24,983.57,982.67,1005.18,1092.3,1064.48
732,28.06.2018,1022.4,1039.89,927.4,968.68,968.04,1005.18,1092.3,1064.48
733,29.06.2018,1022.96,1037.25,931.88,968.6,968.22,1005.18,1092.3,1064.48
734,02.07.2018,1004.14,1012.56,914.31,950.8,950.56,1005.18,1092.3,1064.48
735,03.07.2018,962.95,975.33,893.94,912.59,913.55,1005.18,1092.3,1064.48
736,04.07.2018,972.58,986.2,895.38,922.39,922.66,1005.18,1092.3,1064.48
737,05.07.2018,954.1,964.75,882.85,905.46,905.95,1005.18,1092.3,1064.48
738,06.07.2018,977.69,988.89,892.62,926.71,926.5,1005.18,1092.3,1064.48
739,09.07.2018,970.25,977.95,892.09,919.26,919.53,1005.18,1092.3,1064.48
740,10.07.2018,969.42,975.02,889.25,917.63,917.86,1005.18,1092.3,1064.48
741,11.07.2018,951.26,954.14,872.16,901.31,901.56,1005.18,1092.3,1064.48
742,12.07.2018,954.21,962.31,874.22,904.66,904.9,1005.18,1092.3,1064.48
743,13.07.2018,971.56,979.57,882.13,919.87,919.54,1005.18,1092.3,1064.48
744,16.07.2018,976.67,991.12,884.77,925.69,925.22,1005.18,1092.3,1064.48
745,17.07.2018,988.93,1012.05,887.38,938.56,937.45,1005.18,1092.3,1064.48
746,18.07.2018,1010.41,1040.73,900.72,959.45,957.86,1005.18,1092.3,1064.48
747,19.07.2018,1016.53,1045,904.43,964.79,963.16,1005.18,1092.3,1064.48
748,20.07.2018,1000.77,1049.47,905.92,953.78,952.87,1005.18,1092.3,1064.48
749,23.07.2018,1005.97,1048.42,903.72,957.54,956.28,1005.18,1092.3,1064.48
750,24.07.2018,997.57,1053.29,904.95,952.32,951.52,1005.18,1092.3,1064.48
751,25.07.2018,989.09,1056.58,910.23,946.68,946.55,1005.18,1092.3,1064.48
752,26.07.2018,995.19,1051.82,909.99,950.85,950.59,1005.18,1092.3,1064.48
753,27.07.2018,1001.52,1071.27,913.45,958.52,957.85,1005.18,1092.3,1064.48
754,30.07.2018,1015.01,1089.3,916.87,971.43,970.05,1005.18,1092.3,1064.48
755,31.07.2018,1020.17,1090.59,920.37,975.38,973.92,1005.18,1092.3,1064.48
756,01.08.2018,1014.69,1085.67,918.67,970.38,969.12,1005.18,1092.3,1064.48
757,02.08.2018,1013.12,1083.98,915.15,968.76,967.34,1005.18,1092.3,1064.48
758,03.08.2018,1016.64,1089.93,912.74,972.9,971.24,1005.18,1092.3,1064.48
759,06.08.2018,1015.26,1089.15,911.4,971.54,969.83,1005.18,1092.3,1064.48
760,07.08.2018,1012.11,1079.1,907.86,966.4,964.5,1005.18,1092.3,1064.48
761,08.08.2018,1022.01,1085.63,910.96,974.76,972.47,1005.18,1092.3,1064.48
762,09.08.2018,1020.24,1087.98,911.43,973.11,970.73,1005.18,1092.3,1064.48
763,10.08.2018,1025.01,1091.47,912,977.21,974.59,1005.18,1092.3,1064.48
764,13.08.2018,1038.06,1099,913.53,987.6,984.22,1005.18,1092.3,1064.48
765,14.08.2018,1044.09,1101.38,915.62,992.77,989.27,1005.18,1092.3,1064.48
766,15.08.2018,1024.86,1086.14,910.15,975.89,973.17,1005.18,1092.3,1064.48
767,16.08.2018,1028.33,1084.94,911.7,978.27,975.49,1005.18,1092.3,1064.48
768,17.08.2018,1027.3,1083.7,912.13,977.34,974.65,1005.18,1092.3,1064.48
769,20.08.2018,1023.43,1093.27,910.3,976.41,973.76,1005.18,1092.3,1064.48
770,21.08.2018,1033.84,1107.68,915.21,986.97,984.01,1005.18,1092.3,1064.48
771,22.08.2018,1038.56,1110.58,919.41,991,988.03,1005.18,1092.3,1064.48
772,23.08.2018,1039.98,1114.97,923.83,993.03,990.25,1005.18,1092.3,1064.48
773,24.08.2018,1039.42,1115.81,926.64,992.5,989.84,1005.18,1092.3,1064.48
774,27.08.2018,1046.41,1115.07,932.05,997.28,994.54,1005.18,1092.3,1064.48
775,28.08.2018,1051.24,1120.12,927.51,1001.55,998.21,1005.18,1092.3,1064.48
776,29.08.2018,1044.72,1122.1,925.39,996.65,993.39,1005.18,1092.3,1064.48
777,30.08.2018,1056.02,1130.68,928.03,1006.31,1002.52,1005.18,1092.3,1064.48
778,31.08.2018,1049.31,1126.01,928.51,1000.64,997.28,1005.18,1092.3,1064.48
779,04.09.2018,1029.73,1113.03,925.6,983.84,981.38,1005.18,1092.3,1064.48
780,05.09.2018,1020.92,1105.42,921.79,975.46,973.17,1005.18,1092.3,1064.48
781,06.09.2018,1011.29,1100.01,918.03,966.25,964.02,1005.18,1092.3,1064.48
782,07.09.2018,1025.9,1105.27,921.78,978.43,975.76,1005.18,1092.3,1064.48
783,10.09.2018,1023.43,1101.73,921.64,976.53,974.14,1005.18,1092.3,1064.48
784,11.09.2018,1040.35,1119.11,929.18,992.93,990.16,1005.18,1092.3,1064.48
785,12.09.2018,1040.09,1118.43,932.39,992.71,990.18,1005.18,1092.3,1064.48
786,13.09.2018,1038.46,1123.31,936.26,992.08,989.74,1005.18,1092.3,1064.48
787,14.09.2018,1041.89,1122.94,940.9,994.81,992.62,1005.18,1092.3,1064.48
788,17.09.2018,1035.24,1121.74,944.46,989.79,988.17,1005.18,1092.3,1064.48
789,18.09.2018,1041.71,1131.99,951.13,996.7,995.11,1005.18,1092.3,1064.48
790,19.09.2018,1044.91,1139.62,957.47,1000.1,998.56,1005.18,1092.3,1064.48
791,20.09.2018,1054.11,1153.79,960.51,1008.97,1006.9,1005.18,1092.3,1064.48
792,21.09.2018,1057.64,1153.87,961.18,1011.85,1009.71,1005.18,1092.3,1064.48
793,24.09.2018,1069.75,1155.47,966.09,1021.06,1018.61,1005.18,1092.3,1064.48
794,25.09.2018,1069.23,1163.49,972.06,1022.02,1019.82,1005.18,1092.3,1064.48
795,26.09.2018,1068.45,1170.54,982.01,1022.48,1020.77,1005.18,1092.3,1064.48
796,27.09.2018,1073.94,1178.7,988.86,1028.11,1026.46,1005.18,1092.3,1064.48
797,28.09.2018,1079.67,1178.78,987.43,1032.08,1030,1005.18,1092.3,1064.48
798,01.10.2018,1074.98,1176.1,982.95,1028.1,1026,1005.18,1092.3,1064.48
799,02.10.2018,1072.23,1170.35,981.66,1025.94,1024.17,1005.18,1092.3,1064.48
800,03.10.2018,1075.18,1174.59,984.86,1028.87,1027.09,1005.18,1092.3,1064.48
801,04.10.2018,1079.01,1184.6,988.36,1033.04,1031.07,1005.18,1092.3,1064.48
802,05.10.2018,1065.58,1170.69,982.28,1020.14,1018.34,1005.18,1092.3,1064.48
803,08.10.2018,1054.2,1166.23,979.89,1010.33,1008.57,1005.18,1092.3,1064.48
804,09.10.2018,1051.04,1163.11,979.86,1007.14,1005.37,1005.18,1092.3,1064.48
805,10.10.2018,1049.84,1156.28,977.57,1004.97,1003.14,1005.18,1092.3,1064.48
806,11.10.2018,999.59,1091.61,937.74,955.99,955.47,1005.18,1092.3,1064.48
807,12.10.2018,1025.09,1115.98,950.54,979.64,978.45,1005.18,1092.3,1064.48
808,15.10.2018,1008.86,1104.08,942.44,965.22,964.46,1005.18,1092.3,1064.48
809,16.10.2018,1020.93,1112.62,950.72,976.18,975.59,1005.18,1092.3,1064.48
810,17.10.2018,1027.99,1122.19,954.55,983.21,982.38,1005.18,1092.3,1064.48
811,18.10.2018,1018.89,1110.47,951.08,974.44,974.17,1005.18,1092.3,1064.48
812,19.10.2018,1012.53,1110,948.8,969.84,970.01,1005.18,1092.3,1064.48
813,22.10.2018,1002.81,1092.58,940.14,959.71,960.03,1005.18,1092.3,1064.48
814,23.10.2018,986.78,1069.49,927.92,943.76,944.34,1005.18,1092.3,1064.48
815,24.10.2018,974.28,1055.46,922.73,932.09,933.1,1005.18,1092.3,1064.48
816,25.10.2018,965.98,1043.97,913.18,923.2,924.02,1005.18,1092.3,1064.48
817,26.10.2018,957.5,1032.65,909.82,915.3,916.51,1005.18,1092.3,1064.48
818,29.10.2018,950.29,1025.1,905.08,908.71,910.07,1005.18,1092.3,1064.48
819,30.10.2018,949.89,1018.73,902.93,906.78,907.97,1005.18,1092.3,1064.48
820,31.10.2018,979.79,1043,917.23,932.63,932.89,1005.18,1092.3,1064.48
821,01.11.2018,964.74,1034.76,912.81,919.51,920.18,1005.18,1092.3,1064.48
822,02.11.2018,981.81,1049.04,922.42,935.23,935.63,1005.18,1092.3,1064.48
823,05.11.2018,983.33,1052.71,922.65,936.6,936.83,1005.18,1092.3,1064.48
824,06.11.2018,977.66,1054.56,927.6,932.88,933.65,1005.18,1092.3,1064.48
825,07.11.2018,977.27,1049.72,926.65,932.17,933.05,1005.18,1092.3,1064.48
826,08.11.2018,978.52,1058.41,929.21,934.57,935.46,1005.18,1092.3,1064.48
827,09.11.2018,962.49,1046.95,926.64,920.37,921.89,1005.18,1092.3,1064.48
828,12.11.2018,965.26,1046.12,927.05,922.27,923.7,1005.18,1092.3,1064.48
829,13.11.2018,949.69,1039.75,928.61,909,911.14,1005.18,1092.3,1064.48
830,14.11.2018,947.17,1040.41,924.55,907.84,910,1005.18,1092.3,1064.48
831,15.11.2018,940.03,1036.04,923.07,901.08,903.38,1005.18,1092.3,1064.48
832,16.11.2018,944.66,1041.31,924.54,904.62,906.62,1005.18,1092.3,1064.48
833,19.11.2018,965.87,1050.02,930.44,923.19,924.42,1005.18,1092.3,1064.48
834,20.11.2018,970.58,1051.09,932.32,927.21,928.37,1005.18,1092.3,1064.48
835,21.11.2018,974.94,1052.7,934.32,931.18,932.4,1005.18,1092.3,1064.48
836,22.11.2018,976.9,1052.96,935.55,932.99,934.23,1005.18,1092.3,1064.48
837,23.11.2018,967.9,1045.2,933.29,924.97,926.43,1005.18,1092.3,1064.48
838,26.11.2018,973.05,1040.57,931.33,929.25,930.73,1005.18,1092.3,1064.48
839,27.11.2018,973.32,1037.28,927.61,929.74,931.25,1005.18,1092.3,1064.48
840,28.11.2018,979.95,1041.94,926.5,935.76,936.95,1005.18,1092.3,1064.48
841,29.11.2018,975.8,1039.13,921.92,931.95,933,1005.18,1092.3,1064.48
842,30.11.2018,972.77,1041.72,923.74,930.37,931.73,1005.18,1092.3,1064.48
843,03.12.2018,1002.05,1063.31,930.87,956.43,956.98,1005.18,1092.3,1064.48
844,04.12.2018,1008.29,1067.98,933.96,962.31,962.87,1005.18,1092.3,1064.48
845,05.12.2018,1006.35,1064.96,934.56,959.81,960.29,1005.18,1092.3,1064.48
846,06.12.2018,1003.28,1069.87,932.4,958.12,958.5,1005.18,1092.3,1064.48
847,07.12.2018,1010.69,1075.78,936.72,964.95,965.29,1005.18,1092.3,1064.48
848,10.12.2018,1003.33,1068.07,936.56,958.46,959.26,1005.18,1092.3,1064.48
849,11.12.2018,1002.81,1067.32,934.03,957.94,958.63,1005.18,1092.3,1064.48
850,12.12.2018,1008.64,1077.98,936.64,963.8,964.21,1005.18,1092.3,1064.48
851,13.12.2018,1009.94,1078.5,937.4,965.16,965.6,1005.18,1092.3,1064.48
852,14.12.2018,998.95,1076.65,935.51,956.74,957.6,1005.18,1092.3,1064.48
853,17.12.2018,980.05,1055.1,924.13,939.11,940.37,1005.18,1092.3,1064.48
854,18.12.2018,968.38,1043.12,916.89,928.09,929.48,1005.18,1092.3,1064.48
855,19.12.2018,959.8,1038.6,912.71,920.6,922.03,1005.18,1092.3,1064.48
856,20.12.2018,953.54,1048.29,912.23,917.02,918.43,1005.18,1092.3,1064.48
857,21.12.2018,949.26,1047.53,913.3,913.12,914.55,1005.18,1092.3,1064.48
858,24.12.2018,950.06,1037.39,905.38,912.62,913.89,1005.18,1092.3,1064.48
859,25.12.2018,941.41,1018.14,893.6,902.96,904.13,1005.18,1092.3,1064.48
860,26.12.2018,936.33,1014.9,892.56,898.59,899.93,1005.18,1092.3,1064.48
861,27.12.2018,941.94,1030.69,897.15,905.42,906.59,1005.18,1092.3,1064.48
862,28.12.2018,930.75,1027.71,892.16,894.48,895.78,1005.18,1092.3,1064.48
863,02.01.2019,931.48,1008.37,885.82,893.79,895.13,1005.18,1092.3,1064.48
864,03.01.2019,913.12,994.98,871.67,877.89,879.37,1005.18,1092.3,1064.48
865,04.01.2019,914.62,998.46,870.51,880,881.44,1005.18,1092.3,1064.48
866,07.01.2019,926.86,1002.66,877.45,890.83,892.42,1005.18,1092.3,1064.48
867,08.01.2019,920.35,1000.62,877.31,885.53,887.36,1005.18,1092.3,1064.48
868,09.01.2019,931.32,1010.11,881.28,895.6,897.16,1005.18,1092.3,1064.48
869,10.01.2019,933.98,1009.55,881.13,897.41,898.83,1005.18,1092.3,1064.48
870,11.01.2019,936.54,1015.61,883.58,900.67,902.19,1005.18,1092.3,1064.48
871,14.01.2019,935.58,1010.68,882.68,899.34,900.97,1005.18,1092.3,1064.48
872,15.01.2019,941.76,1018.98,889.96,905.24,906.88,1005.18,1092.3,1064.48
873,16.01.2019,940.88,1019.06,889.06,904.39,905.9,1005.18,1092.3,1064.48
874,17.01.2019,928.96,1015.78,887.86,894.93,896.91,1005.18,1092.3,1064.48
875,18.01.2019,930.54,1014.13,888.24,896.2,898.23,1005.18,1092.3,1064.48
876,21.01.2019,940.68,1020.04,889.39,904.63,906.2,1005.18,1092.3,1064.48
877,22.01.2019,935.31,1028.72,887.99,902.1,903.77,1005.18,1092.3,1064.48
878,23.01.2019,938.1,1033.07,892.31,904.99,906.74,1005.18,1092.3,1064.48
879,24.01.2019,942.23,1032.79,892.91,908.21,909.86,1005.18,1092.3,1064.48
880,25.01.2019,944.6,1030.39,894.39,909.68,911.35,1005.18,1092.3,1064.48
881,28.01.2019,945.75,1030.27,888.49,910.79,912.14,1005.18,1092.3,1064.48
882,29.01.2019,949.31,1035.56,888.3,914.31,915.44,1005.18,1092.3,1064.48
883,30.01.2019,946.19,1034.8,891.13,911.7,913.08,1005.18,1092.3,1064.48
884,31.01.2019,942.82,1037.1,892.15,909.5,911.02,1005.18,1092.3,1064.48
885,01.02.2019,936.02,1049.58,901.24,905.29,907.52,1005.18,1092.3,1064.48
886,11.02.2019,956.55,1064.1,908.36,924.07,925.94,1005.18,1092.3,1064.48
887,12.02.2019,967.07,1079.2,913.42,935.86,937.62,1005.18,1092.3,1064.48
888,13.02.2019,976.97,1088.98,920.94,944.39,946.03,1005.18,1092.3,1064.48
889,14.02.2019,979.91,1090.29,922.55,949.91,951.56,1005.18,1092.3,1064.48
890,15.02.2019,977.32,1092.81,921.66,947.63,949.35,1005.18,1092.3,1064.48
891,18.02.2019,985.15,1105.82,924.08,956.6,958.09,1005.18,1092.3,1064.48
892,19.02.2019,988.3,1094.49,916.34,960.53,961.59,1005.18,1092.3,1064.48
893,20.02.2019,992.63,1094.69,915.82,965.64,966.43,1005.18,1092.3,1064.48
894,21.02.2019,1008.19,1094.24,914.38,982.06,982.19,1005.18,1092.3,1064.48
895,22.02.2019,1011.9,1097.37,912.85,983.47,983.39,1005.18,1092.3,1064.48
896,25.02.2019,1022.75,1107.82,917.51,991.44,991.22,1005.18,1092.3,1064.48
897,26.02.2019,1012.37,1115.85,919.55,984.36,984.36,1005.18,1092.3,1064.48
898,27.02.2019,1013.61,1127.04,921.92,988.16,988.22,1005.18,1092.3,1064.48
899,28.02.2019,985.77,1112.51,917.11,961.18,962.08,1005.18,1092.3,1064.48
900,01.03.2019,997.03,1126.53,930.95,973.49,974.42,1005.18,1092.3,1064.48
901,04.03.2019,1011.3,1138.61,941.85,987.36,988.2,1005.18,1092.3,1064.48
902,05.03.2019,1006.12,1137.38,945.42,982.34,983.58,1005.18,1092.3,1064.48
903,06.03.2019,1006.03,1143.6,957.45,983.65,985.37,1005.18,1092.3,1064.48
904,07.03.2019,1004.62,1137.2,957.25,982.55,984.34,1005.18,1092.3,1064.48
905,08.03.2019,996.4,1122.25,952.98,973.48,975.41,1005.18,1092.3,1064.48
906,11.03.2019,998.03,1124.96,958.84,974.94,977.1,1005.18,1092.3,1064.48
907,12.03.2019,1012.87,1134.41,964.31,988.53,990.26,1005.18,1092.3,1064.48
908,13.03.2019,1019.01,1134.12,968.44,993.5,995.08,1005.18,1092.3,1064.48
909,14.03.2019,1017.93,1137.9,973.92,993.72,995.55,1005.18,1092.3,1064.48
910,15.03.2019,1010.2,1133.57,972.02,987.15,989.25,1005.18,1092.3,1064.48
911,18.03.2019,1016.4,1137.27,979.95,993.92,996.18,1005.18,1092.3,1064.48
912,19.03.2019,1010.74,1128.14,980.03,988.13,990.67,1005.18,1092.3,1064.48
913,20.03.2019,1006.99,1125.8,983.6,983.52,986.51,1005.18,1092.3,1064.48
914,21.03.2019,989.28,1106.51,972.66,964.17,967.45,1005.18,1092.3,1064.48
915,22.03.2019,994.07,1105.97,969.04,969.75,972.66,1005.18,1092.3,1064.48
916,25.03.2019,973.51,1081.64,955.52,949.03,952.28,1005.18,1092.3,1064.48
917,26.03.2019,974.8,1088.41,955.5,950.37,953.48,1005.18,1092.3,1064.48
918,27.03.2019,982.62,1095.46,963.95,957.47,960.59,1005.18,1092.3,1064.48
919,28.03.2019,982.5,1101.3,966.01,960.04,963.17,1005.18,1092.3,1064.48
920,29.03.2019,980.84,1099.9,969.36,958.37,961.72,1005.18,1092.3,1064.48
921,01.04.2019,987.09,1106.55,968.87,965.83,968.92,1005.18,1092.3,1064.48
922,02.04.2019,984.61,1107.48,968.66,964.11,967.29,1005.18,1092.3,1064.48
923,03.04.2019,982.33,1112.27,970.04,962.16,965.42,1005.18,1092.3,1064.48
924,04.04.2019,985.41,1116.82,979.38,964.89,968.42,1005.18,1092.3,1064.48
925,05.04.2019,986.87,1123.33,981.78,966.89,970.35,1005.18,1092.3,1064.48
926,08.04.2019,988.9,1127.09,980.95,970.06,973.36,1005.18,1092.3,1064.48
927,09.04.2019,981.83,1115.85,974.27,961.23,964.57,1005.18,1092.3,1064.48
928,10.04.2019,974.33,1105.42,972.39,953.78,957.42,1005.18,1092.3,1064.48
929,11.04.2019,977.44,1107.81,977.2,957.96,961.62,1005.18,1092.3,1064.48
930,12.04.2019,974.23,1109.36,980.58,955.25,959.22,1005.18,1092.3,1064.48
931,16.04.2019,968.4,1103.08,976.72,948.83,952.98,1005.18,1092.3,1064.48
932,17.04.2019,966.11,1091.66,967.43,943.44,947.3,1005.18,1092.3,1064.48
933,18.04.2019,956.69,1077.41,960.95,934.46,938.54,1005.18,1092.3,1064.48
934,19.04.2019,960.51,1083.91,964.7,937.99,941.88,1005.18,1092.3,1064.48
935,22.04.2019,958.01,1074.22,954.67,935.44,938.79,1005.18,1092.3,1064.48
936,23.04.2019,958.48,1076.05,956.28,935.99,939.19,1005.18,1092.3,1064.48
937,24.04.2019,969.79,1083.18,962.74,946.24,949.37,1005.18,1092.3,1064.48
938,25.04.2019,966.52,1079.65,960.85,943.52,946.72,1005.18,1092.3,1064.48
939,26.04.2019,971.87,1085,961.29,949.32,952.23,1005.18,1092.3,1064.48
940,02.05.2019,975.49,1080.49,958.88,951.16,953.86,1005.18,1092.3,1064.48
941,03.05.2019,977.18,1077.2,954.33,950.94,953.51,1005.18,1092.3,1064.48
942,06.05.2019,959.04,1058.39,946.61,934.34,937.39,1005.18,1092.3,1064.48
943,07.05.2019,957.1,1060.75,948.6,933.01,936.27,1005.18,1092.3,1064.48
944,08.05.2019,952.47,1055.25,948.6,927.64,931.12,1005.18,1092.3,1064.48
945,09.05.2019,0,0,0,0,0,0,0,0
946,10.05.2019,956.47,1063.45,947.21,931.34,934.67,1005.18,1092.3,1064.48
947,13.05.2019,959.95,1072.05,949.12,936.73,940.09,1005.18,1092.3,1064.48
948,14.05.2019,963.26,1075.03,949.64,939.98,943.3,1005.18,1092.3,1064.48
949,15.05.2019,974.77,1087.69,955.76,951.14,954.19,1005.18,1092.3,1064.48
950,16.05.2019,973.36,1089.23,953.63,951.77,954.83,1005.18,1092.3,1064.48
951,17.05.2019,973.32,1087.77,956,951.5,954.62,1005.18,1092.3,1064.48
952,20.05.2019,984.83,1094.68,958.81,961,963.85,1005.18,1092.3,1064.48
953,21.05.2019,985.2,1093.69,961.98,960.06,962.86,1005.18,1092.3,1064.48
954,22.05.2019,981.16,1091.85,961.87,956.55,959.46,1005.18,1092.3,1064.48
955,23.05.2019,979,1096.67,963.92,955.22,958.28,1005.18,1092.3,1064.48
956,24.05.2019,967.42,1090.16,961.33,944.16,947.54,1005.18,1092.3,1064.48
957,27.05.2019,972.58,1090.76,960.71,948.6,951.91,1005.18,1092.3,1064.48
958,28.05.2019,968.28,1094.9,962.26,944.55,948,1005.18,1092.3,1064.48
959,29.05.2019,966.37,1093.34,964.94,943.95,947.68,1005.18,1092.3,1064.48
960,30.05.2019,966.21,1090.61,964.91,942.67,946.37,1005.18,1092.3,1064.48
961,31.05.2019,958.47,1076.71,956.55,934.48,938.12,1005.18,1092.3,1064.48
962,03.06.2019,945.11,1060.26,942.2,921.51,925.15,1005.18,1092.3,1064.48
963,04.06.2019,945.41,1059.91,945.71,922.15,925.96,1005.18,1092.3,1064.48
964,05.06.2019,945.76,1063.73,951.84,923.62,927.72,1005.18,1092.3,1064.48
965,06.06.2019,943.15,1062.9,950.2,921.46,925.53,1005.18,1092.3,1064.48
966,07.06.2019,952.18,1074.51,958.27,930.78,934.74,1005.18,1092.3,1064.48
967,10.06.2019,955.39,1079.88,962.4,934.09,938.12,1005.18,1092.3,1064.48
968,11.06.2019,953.66,1087.24,961.05,933.43,937.31,1005.18,1092.3,1064.48
969,12.06.2019,947.65,1081.95,958.67,927.04,931.11,1005.18,1092.3,1064.48
970,13.06.2019,941.49,1080.85,959.81,921.94,926.2,1005.18,1092.3,1064.48
971,14.06.2019,943.65,1080.89,960.48,923.58,927.8,1005.18,1092.3,1064.48
972,17.06.2019,934.17,1073.9,958.86,914.29,918.92,1005.18,1092.3,1064.48
973,18.06.2019,928.89,1067.65,957.95,909.19,914,1005.18,1092.3,1064.48
974,19.06.2019,935.65,1073.9,959.92,915.88,920.53,1005.18,1092.3,1064.48
975,20.06.2019,946.88,1081.24,963.18,925.15,929.41,1005.18,1092.3,1064.48
976,21.06.2019,949,1079.11,962.28,925.77,930.01,1005.18,1092.3,1064.48
977,24.06.2019,951.64,1077.99,962.2,928.33,932.36,1005.18,1092.3,1064.48
978,25.06.2019,951.16,1079.6,959.16,928.18,932.1,1005.18,1092.3,1064.48
979,26.06.2019,949.31,1076.22,962.18,926.49,930.68,1005.18,1092.3,1064.48
980,27.06.2019,935.73,1069.02,957.05,914.29,918.82,1005.18,1092.3,1064.48
981,28.06.2019,946.5,1077.3,959.51,923.91,928.04,1005.18,1092.3,1064.48
982,01.07.2019,959.66,1082.34,967.51,935.68,939.7,1005.18,1092.3,1064.48
983,02.07.2019,956.03,1079.02,966.01,932.47,936.54,1005.18,1092.3,1064.48
984,03.07.2019,952.37,1078.53,968.66,930.24,934.6,1005.18,1092.3,1064.48
985,04.07.2019,963.48,1086,970.47,941.05,944.93,1005.18,1092.3,1064.48
986,05.07.2019,964.04,1088.16,972.75,942.96,946.85,1005.18,1092.3,1064.48
987,08.07.2019,953.84,1087.28,970.48,933.76,937.92,1005.18,1092.3,1064.48
988,09.07.2019,955.42,1089.02,974.73,935.67,939.95,1005.18,1092.3,1064.48
989,10.07.2019,959.7,1089.12,976.39,938.9,943.12,1005.18,1092.3,1064.48
990,11.07.2019,962.96,1091.18,978.07,941.32,945.47,1005.18,1092.3,1064.48
991,12.07.2019,958.46,1090.48,977.01,937.37,941.59,1005.18,1092.3,1064.48
992,15.07.2019,957.06,1089.78,978.94,935.02,939.31,1005.18,1092.3,1064.48
993,16.07.2019,964.95,1085.8,975.96,942.11,946,1005.18,1092.3,1064.48
994,17.07.2019,963.68,1092.06,975.58,942.32,946.25,1005.18,1092.3,1064.48
995,18.07.2019,953.89,1090.6,973.77,934.84,939.03,1005.18,1092.3,1064.48
996,19.07.2019,964.82,1091.28,974.14,944.05,947.93,1005.18,1092.3,1064.48
997,22.07.2019,963.54,1085.53,966.66,941.91,945.51,1005.18,1092.3,1064.48
998,23.07.2019,973.23,1085.87,965.32,950.86,954.06,1005.18,1092.3,1064.48
999,24.07.2019,972.28,1084.3,963.05,951.06,954.28,1005.18,1092.3,1064.48
1000,25.07.2019,975.59,1085.85,967.05,954.86,958.08,1005.18,1092.3,1064.48
1001,26.07.2019,972.77,1081.79,967.25,951.73,955.03,1005.18,1092.3,1064.48
1002,29.07.2019,973.54,1078.27,963.96,952.29,955.47,1005.18,1092.3,1064.48
1003,30.07.2019,961.9,1070.94,957.14,940.14,943.62,1005.18,1092.3,1064.48
1004,31.07.2019,967.67,1072.63,956.21,946.78,949.78,1005.18,1092.3,1064.48
1005,01.08.2019,972.27,1078.52,959.17,953.17,956.13,1005.18,1092.3,1064.48
1006,02.08.2019,969.97,1075.91,966.88,949.75,953.14,1005.18,1092.3,1064.48
1007,05.08.2019,955.84,1073.51,967.86,934.46,938.4,1005.18,1092.3,1064.48
1008,06.08.2019,948.98,1064.78,965.16,927.9,932.06,1005.18,1092.3,1064.48
1009,07.08.2019,951.32,1064.5,966.3,929.11,933.22,1005.18,1092.3,1064.48
1010,08.08.2019,960.12,1073.94,973.74,939.11,943.19,1005.18,1092.3,1064.48
1011,09.08.2019,963.2,1081.26,972.58,941.33,945.17,1005.18,1092.3,1064.48
1012,12.08.2019,967.16,1079.75,970.74,943.67,947.29,1005.18,1092.3,1064.48
1013,13.08.2019,962.49,1074.34,966.31,937.44,940.99,1005.18,1092.3,1064.48
1014,14.08.2019,965.27,1074.36,967.46,939.6,943.14,1005.18,1092.3,1064.48
1015,15.08.2019,977.36,1073.26,968.83,950.19,953.49,1005.18,1092.3,1064.48
1016,16.08.2019,979.18,1081.26,969.73,953.02,956.34,1005.18,1092.3,1064.48
1017,19.08.2019,978.46,1082.09,973.52,953.24,956.75,1005.18,1092.3,1064.48
1018,20.08.2019,981.39,1087.8,981.37,957.02,960.61,1005.18,1092.3,1064.48
1019,21.08.2019,988.07,1087.82,981.7,962.42,965.79,1005.18,1092.3,1064.48
1020,22.08.2019,988.89,1088.21,984.33,964.64,968.18,1005.18,1092.3,1064.48
1021,23.08.2019,988.06,1085.08,984.18,962.1,965.67,1005.18,1092.3,1064.48
1022,26.08.2019,979.23,1079.85,984.93,954.09,958,1005.18,1092.3,1064.48
1023,27.08.2019,973.12,1081.96,982,949.17,953.05,1005.18,1092.3,1064.48
1024,28.08.2019,972.21,1081.94,978.01,948.68,952.41,1005.18,1092.3,1064.48
1025,29.08.2019,975.89,1087.81,976.28,952.82,956.44,1005.18,1092.3,1064.48
1026,30.08.2019,979.6,1092.96,974.94,956.99,960.38,1005.18,1092.3,1064.48
1027,03.09.2019,975.71,1077.07,963.82,951.91,955.1,1005.18,1092.3,1064.48
1028,04.09.2019,973.68,1076.41,962.02,950.72,953.85,1005.18,1092.3,1064.48
1029,05.09.2019,972.72,1075.37,960.57,949.41,952.46,1005.18,1092.3,1064.48
1030,06.09.2019,972.56,1075.89,959.01,949.13,952.12,1005.18,1092.3,1064.48
1031,09.09.2019,972.19,1073.31,952.32,949.21,952.03,1005.18,1092.3,1064.48
1032,10.09.2019,969.37,1069.72,942.94,945.99,948.52,1005.18,1092.3,1064.48
1033,11.09.2019,972.09,1075.23,948.51,947.37,949.97,1005.18,1092.3,1064.48
1034,12.09.2019,981.75,1082.88,954.9,955.25,957.7,1005.18,1092.3,1064.48
1035,13.09.2019,993.53,1089.41,957.14,965.02,967.12,1005.18,1092.3,1064.48
1036,16.09.2019,998.98,1095.28,959.05,970.29,972.27,1005.18,1092.3,1064.48
1037,17.09.2019,1003.14,1101.24,959.7,975.21,977,1005.18,1092.3,1064.48
1038,18.09.2019,1004.35,1100.58,958.09,975.87,977.59,1005.18,1092.3,1064.48
1039,19.09.2019,1010.29,1101.61,960.5,979.78,981.37,1005.18,1092.3,1064.48
1040,20.09.2019,1006.2,1095.52,959.79,974.57,976.24,1005.18,1092.3,1064.48
1041,23.09.2019,1000.5,1089.96,950.45,970.15,971.72,1005.18,1092.3,1064.48
1042,24.09.2019,1001.36,1094.28,950.57,972.39,973.99,1005.18,1092.3,1064.48
1043,25.09.2019,1003.19,1095.85,954.58,973.38,975.07,1005.18,1092.3,1064.48
1044,26.09.2019,1009.63,1101.67,953.88,978.28,979.8,1005.18,1092.3,1064.48
1045,27.09.2019,1017.03,1103.38,949.92,984.44,985.51,1005.18,1092.3,1064.48
1046,30.09.2019,1014.9,1104.38,949.55,982.96,984.07,1005.18,1092.3,1064.48
1047,01.10.2019,1018.66,1108.66,954.22,985.45,986.56,1005.18,1092.3,1064.48
1048,02.10.2019,1011.42,1105.11,948,978.57,979.66,1005.18,1092.3,1064.48
1049,03.10.2019,1013.59,1106.68,954.69,980.88,982.22,1005.18,1092.3,1064.48
1050,04.10.2019,1006.87,1103.33,957.49,975.68,977.39,1005.18,1092.3,1064.48
1051,07.10.2019,998.44,1096.34,953.41,968.38,970.28,1005.18,1092.3,1064.48
1052,08.10.2019,1006.99,1098.14,954.26,974.05,975.69,1005.18,1092.3,1064.48
1053,09.10.2019,1006.19,1098.23,952.69,973.43,974.95,1005.18,1092.3,1064.48
1054,10.10.2019,1004.55,1098.47,949.47,972.57,973.99,1005.18,1092.3,1064.48
1055,11.10.2019,1008.54,1099.44,951.94,975.97,977.4,1005.18,1092.3,1064.48
1056,14.10.2019,1014.29,1100.6,952.01,979.49,980.77,1005.18,1092.3,1064.48
1057,15.10.2019,1015.79,1101.71,952.14,980.08,981.34,1005.18,1092.3,1064.48
1058,16.10.2019,1017.3,1099.4,951.59,981.11,982.36,1005.18,1092.3,1064.48
1059,17.10.2019,1011.2,1101.96,949.21,977.19,978.52,1005.18,1092.3,1064.48
1060,18.10.2019,1011.23,1100.32,949.5,977.61,979,1005.18,1092.3,1064.48
1061,21.10.2019,1005.59,1096.18,948.47,973.19,974.82,1005.18,1092.3,1064.48
1062,22.10.2019,1008.68,1093.6,950.16,974.35,975.93,1005.18,1092.3,1064.48
1063,23.10.2019,1011.76,1090.54,948.48,976.22,977.63,1005.18,1092.3,1064.48
1064,24.10.2019,1017.97,1099.22,947.36,982.13,983.19,1005.18,1092.3,1064.48
1065,25.10.2019,1019.95,1096.21,947.37,983.33,984.42,1005.18,1092.3,1064.48
1066,28.10.2019,1018.76,1098.39,949.45,982.81,984.01,1005.18,1092.3,1064.48
1067,29.10.2019,1016.56,1094.18,945.42,981.72,982.82,1005.18,1092.3,1064.48
1068,30.10.2019,1017.77,1099.99,944.5,984.56,985.48,1005.18,1092.3,1064.48
1069,31.10.2019,1015.14,1089.52,938.85,980.65,981.41,1005.18,1092.3,1064.48
1070,01.11.2019,1027.1,1091.09,936.03,995.06,995.24,1005.18,1092.3,1064.48
1071,04.11.2019,1034.47,1092.38,934.77,1000,999.79,1005.18,1092.3,1064.48
1072,05.11.2019,1037.34,1096.05,938.09,1003.26,1002.93,1005.18,1092.3,1064.48
1073,06.11.2019,1037.38,1098.32,939.94,1004.42,1004.16,1005.18,1092.3,1064.48
1074,07.11.2019,1039.8,1096.95,940.78,1005.3,1004.95,1005.18,1092.3,1064.48
1075,08.11.2019,1040.3,1096.04,941.21,1004.61,1004.31,1005.18,1092.3,1064.48
1076,11.11.2019,1034.82,1093.08,940.22,1000.01,999.84,1005.18,1092.3,1064.48
1077,12.11.2019,1034.93,1094.37,944,999.63,999.6,1005.18,1092.3,1064.48
1078,13.11.2019,1026.98,1091.97,942.43,992.98,993.13,1005.18,1092.3,1064.48
1079,14.11.2019,1022.4,1091.05,939.45,989.77,990,1005.18,1092.3,1064.48
1080,15.11.2019,1021.32,1087.9,937.06,988.14,988.24,1005.18,1092.3,1064.48
1081,18.11.2019,1014.26,1084,936.49,981.73,981.99,1005.18,1092.3,1064.48
1082,19.11.2019,1019.9,1088.57,937.09,986.79,986.91,1005.18,1092.3,1064.48
1083,20.11.2019,1009.91,1091.95,937.97,979.77,980.23,1005.18,1092.3,1064.48
1084,21.11.2019,989.24,1088.68,940.12,964.08,965.32,1005.18,1092.3,1064.48
1085,22.11.2019,982.72,1075.7,928.61,957.03,958.15,1005.18,1092.3,1064.48
1086,25.11.2019,985.46,1068.76,927.52,957.38,958.48,960.2,954.74,954.68
1087,26.11.2019,988.43,1070.11,932.55,959.54,960.72,968.38,959.21,958.68
1088,27.11.2019,985.74,1072.61,935.03,957.79,959.15,965.53,956.69,955.51
1089,28.11.2019,975.43,1067.27,933.29,949.14,950.87,946.37,941.79,942.51
1090,29.11.2019,977.38,1071.56,937.21,951.65,953.4,948.89,943.96,944.83
1091,02.12.2019,963.76,1062.01,929.4,939.81,941.67,932.3,921.44,923.73
1092,03.12.2019,956.69,1059.04,928.31,934.11,936.14,928.6,911.01,914.26
1093,04.12.2019,973.08,1066.27,933.71,947.05,948.77,953.2,945.54,944.93
1094,05.12.2019,968.41,1064.48,934.77,943.85,945.75,944.46,941.09,940.21
1095,06.12.2019,969.63,1066.26,937.01,944.7,946.61,944.52,940.16,938.79
1096,09.12.2019,969.09,1066.83,941.43,945.17,947.32,939.89,934.35,932.92
1097,10.12.2019,961.62,1060.78,938.74,938.85,941.2,934.88,926.13,924.17
1098,11.12.2019,967.25,1059.89,942.91,942.49,944.86,948.08,935.1,932.18
1099,12.12.2019,974.44,1067.55,945.61,948.53,950.74,956.2,946.22,942.63
1100,13.12.2019,969.76,1064.01,946.45,942.87,945.35,955.49,949.01,944.38
1101,16.12.2019,965.46,1065.38,952.08,939.01,941.95,952.56,940.39,938.68
1102,17.12.2019,955.32,1059.29,952.04,930,933.35,939.63,929.33,928.4
1103,18.12.2019,950.61,1051.56,948.56,924.7,928.23,932.39,927.57,925.63
1104,19.12.2019,949.59,1046.69,947.47,923.81,927.38,930.21,923.02,920.09
1105,20.12.2019,956.35,1045,954.45,928.7,932.33,939.98,933.92,931.11
1106,23.12.2019,956.16,1046.39,953.32,928.07,931.61,942.01,943.92,939.17
1107,24.12.2019,956.16,1046.39,953.32,928.07,931.61,942.01,943.92,939.17
1108,25.12.2019,961.64,1052.32,955.91,932.45,935.87,952.09,943.48,938.69
1109,26.12.2019,961.18,1052.58,950.07,932.68,935.83,951.84,941.07,936.52
1110,27.12.2019,965.93,1054.47,946.44,936.57,939.41,955.03,947.99,942.26
1111,30.12.2019,970.6,1054.7,940.61,940.46,942.77,961.29,955.07,949.98
1112,31.12.2019,969.24,1053.95,939.01,938.8,941.12,959.35,956.05,951.17
1113,02.01.2020,977.86,1056.57,939.86,945.6,947.66,972.12,970.12,963.53
1114,03.01.2020,973.89,1055.65,936.36,943.26,945.32,962.95,964.09,957.53
1115,06.01.2020,961.83,1053.93,922.88,932.89,934.82,950.79,947.43,942.02
1116,07.01.2020,966.64,1053.79,920.15,936.83,938.49,958.63,953.65,947.49
1117,08.01.2020,953.94,1037.07,904.6,924.36,925.98,938.78,943.08,936.43
1118,09.01.2020,967.81,1045.45,908.12,936.25,937.42,953.75,964.42,955.2
1119,10.01.2020,976.37,1047.31,903.6,942.97,943.63,962.28,983.07,972.8
1120,13.01.2020,972.26,1044.68,897.62,940.24,940.72,957.19,974.2,965.39
1121,14.01.2020,975.55,1054.53,895.89,944.01,944.24,959.97,979.41,970.25
1122,15.01.2020,976.2,1059.37,895.35,944.81,944.99,963.48,982.18,973
1123,16.01.2020,983.48,1061.25,895.43,949.78,949.72,975.64,1001.14,987.89
1124,17.01.2020,986.66,1058.63,892.34,951.44,951.18,976.97,1012.1,996.65
1125,20.01.2020,989.48,1054.8,891.09,952.54,952.18,984.72,1015.12,999.36
1126,21.01.2020,999.54,1061.98,895.11,961.91,961.33,993.33,1035.23,1017.77
1127,22.01.2020,1002.37,1070.23,905.88,966,965.67,996.45,1037.18,1019.78
1128,30.01.2020,965.69,1047.66,896.16,934.87,935.53,957.47,992.4,979.77
1129,31.01.2020,935.71,1017.79,878.82,907.93,908.89,925.01,971.34,957.55
1130,03.02.2020,929.14,995.22,854.79,899.06,899.43,913.78,970.87,954.21
1131,04.02.2020,932.28,990.11,847.75,899.36,899.27,925.36,993.18,971.99
1132,05.02.2020,932.05,993.62,852.14,899.99,900.12,928.78,997.41,976.35
1133,06.02.2020,951.4,1012.99,866.99,917.53,917.44,955.51,1033.69,1009.9
1134,07.02.2020,952.09,1015.42,868.89,919.65,919.63,949.46,1027.13,1003.45
1135,10.02.2020,940.38,1011.47,863.73,909.79,909.97,935.27,1008.35,986.32
1136,11.02.2020,944.26,1016.84,870.79,912.83,913.08,948.41,1024.51,1000.66
1137,12.02.2020,951.8,1028.74,882.76,919.27,919.65,962.94,1035.29,1012.02
1138,13.02.2020,953.2,1029.86,890.57,920.33,921,964.06,1037.22,1014.11
1139,14.02.2020,955.08,1031.13,892.59,921.74,922.3,973.14,1044.98,1024.35
1140,17.02.2020,955.53,1027.33,894,920.37,921.01,976,1050.61,1029.84
1141,18.02.2020,950.5,1028.77,897.5,914.7,915.54,983.26,1050.28,1029.75
1142,19.02.2020,952.85,1028.93,906.04,916.51,917.69,986.32,1050.21,1028.28
1143,20.02.2020,961.19,1034.94,911.66,925.64,926.81,990.05,1053.1,1031.43
1144,21.02.2020,958.42,1031.09,905.17,923.19,924.29,981.37,1043.75,1024.64
1145,24.02.2020,923.69,994.2,873.4,891.1,892.27,933.33,991.3,974.19
1146,25.02.2020,937.13,998.67,875.17,900.63,901.44,960.48,1022.44,1002.62
1147,26.02.2020,928.42,987.48,867.75,890.83,891.65,958.99,1015.79,996.33
1148,27.02.2020,935.77,991.47,877.86,896.81,897.85,973.57,1027.15,1008.46
1149,28.02.2020,917.71,975.9,864.64,881.08,882.22,952.62,1004.61,986.93
1150,02.03.2020,921.93,979.43,867.05,884.51,885.59,955.72,1011.48,994.43
1151,03.03.2020,924.77,990.59,877.73,888.31,889.68,962.72,1018.58,999.59
1152,04.03.2020,924.77,996.38,882.77,889.04,890.57,963.36,1020.76,1002.75
1153,05.03.2020,926.02,996.47,883.97,890.14,891.66,961.46,1022.14,1004.61
1154,06.03.2020,922.54,996.03,887.03,887.35,889.1,953.87,1019.4,1001.92
1155,09.03.2020,863.92,938.18,841.71,831.1,833.15,888.88,951.82,938.17
1156,10.03.2020,871.27,938.23,842.78,837.81,839.75,893.31,956.08,941.87
1157,11.03.2020,836.67,914.26,824.73,810.54,813.05,849.6,903.21,893.92
1158,12.03.2020,793.69,868.56,792.63,769.77,772.72,795.35,844.87,839.32
1159,13.03.2020,790.86,851.46,782.16,765.07,767.77,790.06,848.61,839.49
1160,16.03.2020,770.48,844.74,783.8,749.48,752.95,760.16,805.8,802.56
1161,17.03.2020,772.19,858.7,792.25,749.28,752.89,777.78,819.41,816.54
1162,18.03.2020,773.21,863.19,804.91,750.36,754.44,779.87,820.3,817.78
1163,19.03.2020,749.92,847.18,787.86,730.02,734.14,758.68,793.17,792.68
1164,20.03.2020,743.46,839.47,779.09,719.6,723.65,759.55,787.63,790.15
1165,23.03.2020,698.39,795.44,736.75,676.18,680.12,709.35,736.42,742.76
1166,24.03.2020,690.19,791.79,735.46,666.3,670.55,706.05,731.39,739.26
1167,25.03.2020,719.85,812,748.72,695.06,698.88,735.6,765.28,768.34
1168,26.03.2020,713.66,796.35,736.84,692.53,696.3,709.48,745.98,747.22
1169,27.03.2020,708.73,787.96,725.34,689.63,693.27,693.24,734.39,735.45
1170,30.03.2020,676.82,760.44,697.57,658.66,662.34,651.13,690.1,692.98
1171,31.03.2020,674.32,748.1,689.99,655.54,659.13,638.94,678.04,676.82
1172,01.04.2020,694.5,760.86,706.14,672.75,676.41,656.33,709.17,702.48
1173,03.04.2020,716.99,775.34,724.19,693.6,697.22,680.13,729.63,722.4
1174,06.04.2020,753.99,807.79,745.96,728.46,731.58,721.95,773.09,763.64
1175,07.04.2020,766.1,816.46,747.38,741.18,743.82,733.87,782.65,773.63
1176,08.04.2020,763.4,822.37,752.34,741.07,743.81,728.11,774.78,764.87
1177,09.04.2020,770.78,832.9,762.73,748.8,751.73,732.47,782.36,772.37
1178,10.04.2020,768.45,830.38,764.92,745.54,748.65,725.53,772.23,763.64
1179,13.04.2020,780.19,835.87,772.05,755.39,758.33,741.28,787.43,778.66
1180,14.04.2020,788.41,836.95,775.75,761.57,764.34,754.69,794.6,786.33
1181,15.04.2020,798.34,855.78,789.54,771.11,774.02,773.65,815.35,807.2
1182,16.04.2020,802.5,864.33,794.01,775.25,778.13,774.7,817.95,809.58
1183,17.04.2020,811.79,882.94,808.94,784.79,787.83,791.57,824.78,816.87
1184,20.04.2020,813.26,891.49,812.92,787.15,790.27,791.83,816.57,808.39
1185,21.04.2020,780.5,856.93,789.6,756.77,760.16,751.46,776.92,769.15
1186,22.04.2020,789.08,867.88,802.84,762.57,766.24,768.23,789.91,783.09
1187,23.04.2020,792.47,871.75,806.19,766.16,769.76,769.37,787.11,780.52
1188,24.04.2020,800.82,874.81,811.77,772.96,776.79,773.87,790.4,783.72
1189,27.04.2020,794.87,881.09,821.16,769.01,773.4,771.47,783.67,777.74
1190,28.04.2020,790.54,884.21,823.48,765.7,770.23,771.52,785.59,779.02
1191,29.04.2020,790.09,890.11,825.47,765.63,770.16,773.5,789.78,780.52
1192,04.05.2020,783.49,875.99,810.32,759.41,763.56,764.57,787.99,777.7
1193,05.05.2020,785.32,883.32,814.2,762.19,766.52,766.31,787.34,778.51
1194,06.05.2020,801.81,894.79,826.22,778.38,782.55,780.53,797.4,788.32
1195,07.05.2020,817.32,903.08,832.81,791.2,795.14,792.04,811.71,802.18
1196,08.05.2020,839.6,905.36,834.89,809.41,812.69,809.74,845.44,833.75
1197,11.05.2020,858.35,920.59,843.82,826.53,829.48,831.26,870.45,859.97
1198,12.05.2020,864.23,942.63,853.91,834.74,837.75,846.25,880.65,871.19
1199,13.05.2020,866.39,953.96,865.44,835.88,839.23,863.08,887.31,879.34
1200,14.05.2020,863.12,957.67,869.44,833.79,837.43,855.88,881.73,876.87
1201,15.05.2020,855.62,947.21,861,827.39,831.01,843.04,872.67,869.91
1202,18.05.2020,870.35,951.46,865.63,838.39,841.69,857.43,891.86,887.56
1203,19.05.2020,883.66,961.73,867.43,850.12,852.97,873.56,908.44,902.62
1204,20.05.2020,888.09,962.46,872.9,856.1,858.93,867.23,908.37,902.27
1205,21.05.2020,901.61,961.84,873.47,866.29,868.77,877.56,932.18,924.71
1206,22.05.2020,887.89,956.52,871.85,854.5,857.35,857.52,911.78,903.08
1207,25.05.2020,892.43,973.8,882.36,861.44,864.46,861.87,914.53,905.45
1208,26.05.2020,901.01,991.93,891.41,869.88,872.9,871.12,925.76,917.2
1209,27.05.2020,885.92,975.2,886.08,855.26,858.68,852.94,905.61,899.28
1210,28.05.2020,888.9,976.24,888.42,858.25,861.64,854.04,911.34,903.32
1211,29.05.2020,891.3,982.68,896.1,861.86,865.4,853.81,913.24,905.95
1212,01.06.2020,908.15,998.58,914.29,877.32,880.92,873.3,944.65,934.8
1213,02.06.2020,905.09,989.99,903.1,873.12,876.42,865.93,943.66,932.96
1214,03.06.2020,911.27,1002.03,910.11,879.57,882.89,875.76,959.89,948.42
1215,04.06.2020,910.7,1009.4,921.6,880.23,883.95,877.45,961.32,949.39
1216,05.06.2020,913.68,1027.25,937.35,884.8,888.92,884.8,963.06,952.19
1217,08.06.2020,927,1047.58,955.84,898.37,902.71,900.38,972.05,960.08
1218,09.06.2020,925.34,1046.79,959.69,897.26,901.84,890.32,967.31,957.61
1219,10.06.2020,927.65,1057.57,974.89,899.75,904.78,896.86,982.04,970.93
1220,11.06.2020,892.01,1013.22,945.83,866.4,871.61,848.9,938.85,930.15
1221,12.06.2020,892.99,1015.24,940.4,865.23,870.19,859.54,946.02,936.53
1222,15.06.2020,860.87,984.74,922.93,833.78,839.25,827.6,913.62,906.29
1223,16.06.2020,883.1,1005.04,939.15,857.63,862.93,847.39,932.14,923.41
1224,17.06.2020,880.46,1000.91,937.14,855.21,860.47,841.59,925.76,917.33
1225,18.06.2020,881.18,1002.42,939.55,855.77,861.05,841.98,923.24,915.16
1226,19.06.2020,893.56,1024.79,956.95,869.75,876.08,856.4,939.06,931.16
1227,22.06.2020,895.43,1033.8,957.76,872.99,879.09,859.98,938.3,929.89
1228,23.06.2020,892.82,1036.54,960.12,870.37,876.22,862.03,936.8,930.75
1229,24.06.2020,886.2,1021.04,947,862.94,868.76,855.69,924.36,919.18
1230,25.06.2020,880.55,1019.6,947.88,857.99,863.89,845.95,916.47,911.12
1231,26.06.2020,879.47,1015.65,935.71,855.81,861.03,846.53,913.27,908.38
1232,29.06.2020,857.79,987.79,907.76,834.34,839.22,822.62,885.98,883.11
1233,30.06.2020,853.05,980.95,895.46,830.63,835.21,814.27,874.13,871.9
1234,01.07.2020,871.08,997.72,916.76,848.01,852.82,831.71,897.47,893.41
1235,02.07.2020,869.72,999.09,915.95,846.4,851.08,831.55,894.75,890.83
1236,03.07.2020,874.46,1003.31,920.8,851.17,855.82,833.23,898.56,894.32
1237,06.07.2020,889.51,1009.96,925.72,865.03,869.31,847.32,916.51,910.31
1238,07.07.2020,891.97,1006.99,925.88,866.21,870.36,848.78,918.27,910.77
1239,08.07.2020,891.28,1012.34,927.49,866.15,870.36,850.29,919.74,912.44
1240,09.07.2020,904.59,1030.16,941.43,878.29,882.42,866.46,943.55,935.57
1241,10.07.2020,895.67,1031.9,939.38,871.55,876.03,857.45,930.58,924
1242,13.07.2020,892.51,1032.78,936.13,868.96,873.44,857.87,927.4,920.01
1243,14.07.2020,892.11,1037.93,938.03,870.08,874.57,855.89,926.59,918.38
1244,15.07.2020,897.42,1037.15,943.92,873.94,878.31,866.09,934.88,926.85
1245,16.07.2020,908.13,1038.7,943.82,883.19,887.48,871.54,941.66,934.99
1246,17.07.2020,901.85,1038.99,949.45,877.59,882.15,867.83,939.58,932.65
1247,20.07.2020,890.41,1027.89,943.61,866.53,871.25,856.19,928.99,922.71
1248,21.07.2020,891.9,1028.27,945.71,867.56,872.29,857.57,930.29,922.65
1249,22.07.2020,884.31,1022.48,940.34,860.66,865.5,850.3,919.73,913.57
1250,23.07.2020,887.01,1017.13,933.76,863.05,867.54,851.97,919.75,912.89
1251,24.07.2020,855.98,980.01,897.47,833.51,837.86,816.88,884.05,877.9
1252,27.07.2020,809.03,929.03,853.15,788.24,792.86,766.78,826.98,823.3
1253,28.07.2020,838.11,963.45,883.25,817.13,821.34,798.13,859.4,854.84
1254,29.07.2020,816.03,939.92,859.65,795.46,799.66,772.77,836.16,836.03
1255,30.07.2020,828.08,947.36,865.54,807.4,811.43,785.07,846.34,843.53
1256,31.07.2020,822.21,938.32,859.17,802.47,806.97,776.86,836.53,833.01
1257,03.08.2020,841.22,961.61,882.53,819.97,824.68,797.73,859.51,853.98
1258,04.08.2020,852.72,978.74,895.37,831.42,836.2,810.35,873.75,868.09
1259,05.08.2020,866.58,993.45,907.87,843.12,847.76,827.28,890.51,883.75
1260,06.08.2020,867.57,992.01,911.27,844.38,849.3,824.36,884.19,878.85
1261,07.08.2020,868.18,996.18,918.52,845.55,850.8,823.73,884.42,877.85
1262,10.08.2020,870.57,1004.77,928.87,848.55,854.14,827.65,889,882.01
1263,11.08.2020,870.87,1006.88,928.28,848.52,854.04,830.41,894.84,887.64
1264,12.08.2020,875.14,1008.1,924.3,851.9,857.07,834.92,903.11,894.26
1265,13.08.2020,882.54,1015.97,937.72,858.74,864.25,846.18,910.55,900.82
1266,14.08.2020,879.09,1008.76,933.93,855.33,860.84,845.9,905.93,896.79
1267,17.08.2020,879.5,1013.84,936.77,856.31,861.94,845.02,907.15,898.01
1268,18.08.2020,874.4,1018.95,941.3,852.44,858.43,842.32,904.15,895.22
1269,19.08.2020,877.36,1027.96,949.26,855.95,862.12,847.27,908.19,899.16
1270,20.08.2020,873.69,1026.9,949.22,853.04,859.36,846.91,904.21,895.89
1271,21.08.2020,882.01,1041.99,961.42,860.85,867.35,859.22,922.88,912.29
1272,24.08.2020,899.89,1053.13,973.09,876.56,882.87,880.91,946.5,935.57
1273,25.08.2020,905.99,1056.88,976.71,882.13,888.41,896.03,950.9,938.85
1274,26.08.2020,902.86,1062.6,982.41,880.76,887.41,891.33,946.73,935.37
1275,27.08.2020,905.29,1071.51,992.46,883.25,890.27,898.72,949.21,938.1
1276,28.08.2020,913.49,1068.24,995.2,888.57,895.46,911.68,959.39,948.48
1277,31.08.2020,915.71,1059.34,984.2,889.17,895.55,907.74,957.67,944.91
1278,01.09.2020,924.71,1075.8,992.17,899.41,905.79,916.73,966.23,953.83
1279,03.09.2020,937.77,1085.16,994.75,911.61,917.52,926.48,979.63,968.5
1280,04.09.2020,934.32,1085.01,990.17,909.42,915.22,919.37,972.85,961.66
1281,07.09.2020,916.33,1079.81,984.47,894.63,901,892.34,948.48,938.97
1282,08.09.2020,919.9,1088.34,991.13,897.51,903.93,905.39,957.08,947.53
1283,09.09.2020,916.4,1095.69,998.97,896.06,902.96,903.57,951.72,942.47
1284,10.09.2020,917.99,1102.01,1003.88,897.99,905.07,910.11,952.79,944.18
1285,11.09.2020,917.67,1106.45,1013.62,898.24,905.79,909.35,956.14,946.63
1286,14.09.2020,925.1,1116.64,1020.66,905.68,913.24,914.45,964.97,955.32
1287,15.09.2020,926.31,1118.5,1022.19,907.5,915.14,914.11,962.43,952.28
1288,16.09.2020,927.61,1123.37,1023.91,909.31,916.92,918.73,961.58,952.37
1289,17.09.2020,924.65,1123.23,1024.52,906.19,913.98,915.58,958.61,949.37
1290,18.09.2020,935.12,1134.1,1028.36,915.53,923.04,931.75,976.16,965.85
1291,21.09.2020,946.55,1135.56,1026.24,925.58,932.63,941.72,985.64,975.15
1292,22.09.2020,947.86,1137.78,1022.31,925.87,932.62,945.49,996.99,984.69
1293,23.09.2020,954.06,1143.25,1026.22,931.29,937.89,952.96,1006,992.06
1294,24.09.2020,948.4,1143.3,1024.7,925.94,932.63,949.63,1005.7,991.93
1295,25.09.2020,950.07,1135.8,1023.38,926.01,932.63,946.49,1012.8,995.94
1296,28.09.2020,959.63,1145.03,1030.24,933.53,940.07,959.34,1033.88,1013.71
1297,29.09.2020,953.27,1132.25,1023.86,927.16,933.93,949.43,1017.41,999.18
1298,30.09.2020,955.88,1142.1,1031.94,930.37,937.36,952.51,1022.3,1003.44
1299,01.10.2020,965.94,1159.91,1043.78,941.03,948.04,964.66,1031.07,1016.48
1300,02.10.2020,959.18,1159.26,1038.49,935.79,942.83,956.73,1024.04,1009.5
1301,05.10.2020,966.07,1178.39,1056.28,942.81,950.27,969.61,1037.42,1022.28
1302,06.10.2020,970.16,1183.38,1066.15,945.73,953.46,970.75,1040.68,1025.26
1303,07.10.2020,969.58,1178.41,1067.96,945.64,953.57,965.46,1027.54,1013.28
1304,08.10.2020,968.43,1172.16,1064.28,943.48,951.27,967.69,1021.3,1006.07
1305,09.10.2020,973.67,1175.69,1063.81,948.25,955.76,968.24,1023.27,1008.43
1306,12.10.2020,974.08,1166.44,1051.14,947.44,954.36,965.72,1030.11,1011.48
1307,13.10.2020,977.92,1166.37,1048.94,950.52,957.15,966.9,1040.96,1017.63
1308,14.10.2020,993.28,1167.75,1046.94,962.09,967.95,981.07,1058.42,1037.97
1309,15.10.2020,1001.13,1165.78,1035.89,968,973.03,984.14,1063.33,1043.36
1310,16.10.2020,1003.79,1165.26,1030.86,969.53,974.21,997.37,1072.72,1049.29
1311,19.10.2020,1006.56,1169.6,1036.08,971.7,976.53,1005.2,1085.46,1057.39
1312,20.10.2020,1013.22,1176.12,1039.88,976.97,981.59,1013.22,1100.82,1073.36