name,date,open,high,low,close,volume,adj_close
SCR,2020-10-15,6.6,6.6,6.48,6.57,2232400,6.57
SCR,2020-10-14,6.7,6.7,6.6,6.6,1276590,6.6
SCR,2020-10-13,6.65,6.7,6.54,6.7,2387660,6.7
SCR,2020-10-12,6.81,6.84,6.65,6.7,2876280,6.7
SCR,2020-10-09,6.76,6.9,6.71,6.81,2167870,6.81
SCR,2020-10-08,6.8,6.83,6.6,6.8,3027880,6.8
SCR,2020-10-07,6.76,7.02,6.65,6.79,4432070,6.79
SCR,2020-10-06,6.78,6.88,6.6,6.76,4149760,6.76
SCR,2020-10-05,6.66,6.89,6.65,6.75,3588280,6.75
SCR,2020-10-02,6.63,6.63,6.15,6.6,4212080,6.6
SCR,2020-10-01,6.28,6.6,6.24,6.6,7627430,6.6
SCR,2020-09-30,6.15,6.22,6.09,6.17,1653540,6.17
SCR,2020-09-29,6.3,6.3,6.15,6.15,1536170,6.15
SCR,2020-09-28,6.25,6.35,6.24,6.24,2348080,6.24
SCR,2020-09-25,6.23,6.27,6.09,6.2,3233420,6.2
SCR,2020-09-24,6.25,6.31,6.2,6.23,1395790,6.23
SCR,2020-09-23,6.34,6.36,6.25,6.31,1817340,6.31
SCR,2020-09-22,6.3,6.39,6.2,6.3,1887650,6.3
SCR,2020-09-21,6.2,6.5,6.2,6.35,3253610,6.35
SCR,2020-09-18,6.27,6.32,6.2,6.2,1742850,6.2
SCR,2020-09-10,5.75,5.82,5.73,5.73,1802720,5.73
SCR,2020-09-09,5.7,5.73,5.68,5.73,1542520,5.73
SCR,2020-09-08,5.71,5.78,5.69,5.75,1033190,5.75
SCR,2020-09-07,5.88,5.88,5.7,5.7,1193970,5.7
SCR,2020-09-04,5.72,5.95,5.7,5.81,2376800,5.81
SCR,2020-09-03,5.8,5.88,5.79,5.79,1549840,5.79
SCR,2020-09-01,5.79,5.82,5.69,5.75,1161490,5.75
SCR,2020-08-31,5.85,5.87,5.79,5.8,1435320,5.8
SCR,2020-08-28,5.79,5.92,5.76,5.8,2877510,5.8
SCR,2020-08-27,5.79,5.84,5.75,5.76,1383900,5.76
SCR,2020-08-26,5.82,5.83,5.77,5.78,1133870,5.78
SCR,2020-08-25,5.92,5.92,5.81,5.82,1592990,5.82
SCR,2020-08-24,5.72,5.87,5.72,5.87,1592540,5.87
SCR,2020-08-21,5.54,5.72,5.54,5.7,1471780,5.7
SCR,2020-08-20,5.58,5.63,5.53,5.54,725700,5.54
SCR,2020-08-19,5.52,5.63,5.5,5.6,613250,5.6
SCR,2020-08-18,5.64,5.65,5.52,5.52,1252030,5.52
SCR,2020-08-17,5.58,5.72,5.45,5.58,1670880,5.58
SCR,2020-08-14,5.6,5.7,5.43,5.45,1403110,5.45
SCR,2020-08-13,5.45,5.67,5.42,5.6,2486690,5.6
SCR,2020-08-12,5.4,5.52,5.35,5.39,1301290,5.39
SCR,2020-08-11,5.3,5.45,5.3,5.39,1506880,5.39
SCR,2020-08-10,5.15,5.37,5.15,5.34,1974560,5.34
SCR,2020-08-07,5.19,5.19,5.08,5.15,436010,5.15
SCR,2020-08-06,5.12,5.2,5.02,5.15,1706700,5.15
SCR,2020-08-05,5.04,5.17,5.0,5.12,1571970,5.12
SCR,2020-08-04,4.86,5.07,4.86,5.04,1633960,5.04
SCR,2020-08-03,4.6,4.87,4.6,4.8,1216450,4.8
SCR,2020-07-31,4.72,4.72,4.6,4.6,1017240,4.6
SCR,2020-07-30,4.7,4.8,4.7,4.72,1035650,4.72
SCR,2020-07-29,4.95,4.95,4.69,4.71,1991730,4.71
SCR,2020-07-28,5.08,5.19,4.87,5.04,1500310,5.04
SCR,2020-07-27,5.03,5.11,5.03,5.03,1977010,5.03
SCR,2020-07-24,5.38,5.4,5.03,5.4,3958630,5.4
SCR,2020-07-23,5.42,5.5,5.38,5.4,1092200,5.4
SCR,2020-07-22,5.65,5.65,5.45,5.45,1272690,5.45
SCR,2020-07-21,5.55,5.58,5.45,5.48,1376480,5.48
SCR,2020-07-20,5.55,5.75,5.55,5.55,1441910,5.55
SCR,2020-07-17,5.69,5.75,5.68,5.69,879840,5.69
SCR,2020-07-16,5.79,5.82,5.69,5.69,679170,5.69
SCR,2020-07-15,5.8,5.87,5.74,5.74,1227130,5.74
SCR,2020-07-14,5.7,5.78,5.66,5.78,885280,5.78
SCR,2020-07-13,5.81,5.88,5.7,5.72,930620,5.72
SCR,2020-07-10,5.89,5.9,5.77,5.77,1010090,5.77
SCR,2020-07-09,5.63,5.91,5.63,5.9,1952640,5.9
SCR,2020-07-08,5.6,5.71,5.58,5.63,1932790,5.63
SCR,2020-07-07,5.8,5.89,5.6,5.6,1813310,5.6
SCR,2020-07-06,5.8,5.89,5.78,5.78,887270,5.78
SCR,2020-07-03,5.9,5.96,5.81,5.81,1425510,5.81
SCR,2020-07-02,5.85,5.94,5.76,5.88,1383820,5.88
SCR,2020-07-01,5.6,5.95,5.55,5.85,2179200,5.85
SCR,2020-06-30,5.8,5.9,5.38,5.78,5013730,5.78
SCR,2020-06-29,6.05,6.1,5.78,5.78,3799620,5.78
SCR,2020-06-26,6.3,6.35,6.1,6.21,2286440,6.21
SCR,2020-06-25,6.17,6.3,6.02,6.2,3447170,6.2
SCR,2020-06-24,6.55,6.64,6.15,6.17,4449370,6.17
SCR,2020-06-23,6.7,7.1,6.54,6.55,7645730,6.55
SCR,2020-06-22,6.63,6.64,6.5,6.64,7206370,6.64
SCR,2020-06-19,5.93,6.21,5.9,6.21,3340340,6.21
SCR,2020-06-18,5.8,5.87,5.64,5.81,2157270,5.81
SCR,2020-06-17,5.85,5.95,5.74,5.8,3376950,5.8
SCR,2020-06-16,5.9,6.05,5.85,5.85,3318050,5.85
SCR,2020-06-15,6.2,6.43,5.77,5.77,6728640,5.77
SCR,2020-06-12,5.91,6.38,5.91,6.2,4799800,6.2
SCR,2020-06-11,6.49,6.9,6.33,6.33,9584350,6.33
SCR,2020-06-10,6.04,6.46,6.04,6.45,10004040,6.45
SCR,2020-06-09,6.05,6.06,5.8,6.04,6032090,6.04
SCR,2020-06-08,5.52,5.67,5.41,5.67,3157840,5.67
SCR,2020-06-05,4.98,5.3,4.96,5.3,6656610,5.3
SCR,2020-06-04,4.95,5.1,4.95,4.96,1663440,4.96
SCR,2020-06-03,4.9,5.04,4.86,4.94,1632140,4.94
SCR,2020-06-02,5.08,5.1,4.87,4.87,2336250,4.87
SCR,2020-06-01,4.89,5.1,4.89,5.05,2534000,5.05
SCR,2020-05-29,4.83,4.94,4.79,4.85,1598100,4.85
SCR,2020-05-28,4.75,4.87,4.74,4.83,1146130,4.83
SCR,2020-05-27,4.75,4.87,4.72,4.72,2815260,4.72
SCR,2020-05-26,4.59,4.71,4.59,4.71,1242510,4.71
SCR,2020-05-25,4.56,4.6,4.56,4.59,1002100,4.59
SCR,2020-05-22,4.61,4.65,4.59,4.59,1095070,4.59
SCR,2020-05-21,4.66,4.7,4.61,4.61,948130,4.61
SCR,2020-05-20,4.7,4.75,4.64,4.66,1421660,4.66
SCR,2020-05-19,4.72,4.75,4.69,4.7,1733890,4.7
SCR,2020-05-18,4.62,4.73,4.62,4.7,659200,4.7
SCR,2020-05-15,4.73,4.81,4.66,4.68,1824750,4.68
SCR,2020-05-14,4.65,4.83,4.6,4.68,1675070,4.68
SCR,2020-05-13,4.61,4.72,4.58,4.63,2000910,4.63
SCR,2020-05-12,4.55,4.61,4.5,4.6,2007540,4.6
SCR,2020-05-11,4.56,4.61,4.55,4.56,1519450,4.56
SCR,2020-05-08,4.55,4.69,4.55,4.57,2497020,4.57
SCR,2020-05-07,4.56,4.69,4.51,4.55,2614580,4.55
SCR,2020-05-06,4.42,4.59,4.41,4.48,2060880,4.48
SCR,2020-05-05,4.46,4.47,4.38,4.42,1571040,4.42
SCR,2020-05-04,4.5,4.52,4.38,4.46,2810630,4.46
SCR,2020-04-29,4.5,4.6,4.41,4.5,2998070,4.5
SCR,2020-04-28,4.37,4.63,4.37,4.41,2568480,4.41
SCR,2020-04-27,4.24,4.43,4.21,4.38,4008530,4.38
SCR,2020-04-24,4.25,4.25,4.09,4.2,1476040,4.2
SCR,2020-04-23,4.33,4.39,4.2,4.2,2342590,4.2
SCR,2020-04-22,4.17,4.3,4.08,4.3,2072560,4.3
SCR,2020-04-21,4.33,4.36,4.11,4.25,3669000,4.25
SCR,2020-04-20,4.3,4.49,4.25,4.41,4956460,4.41
SCR,2020-04-17,4.2,4.33,4.15,4.23,3837830,4.23
SCR,2020-04-16,4.14,4.18,4.05,4.12,1540890,4.12
SCR,2020-04-15,4.05,4.18,4.05,4.12,2212120,4.12
SCR,2020-04-14,4.09,4.14,3.98,4.0,1493680,4.0
SCR,2020-04-13,4.08,4.15,4.05,4.09,1035350,4.09
SCR,2020-04-10,4.15,4.2,4.02,4.08,1612410,4.08
SCR,2020-04-09,4.16,4.25,4.15,4.2,2933620,4.2
SCR,2020-04-08,4.0,4.17,3.95,4.17,1776210,4.17
SCR,2020-04-07,4.3,4.33,4.05,4.1,2176270,4.1
SCR,2020-04-06,4.1,4.31,4.1,4.3,4143120,4.3
SCR,2020-04-03,3.89,4.06,3.8,4.06,2690490,4.06
SCR,2020-04-01,3.43,3.8,3.43,3.8,1878180,3.8
SCR,2020-03-31,3.8,3.92,3.59,3.59,2971990,3.59
SCR,2020-03-30,4.0,4.0,3.86,3.86,2984190,3.86
SCR,2020-03-27,4.11,4.17,4.02,4.14,2437130,4.14
SCR,2020-03-26,4.06,4.2,4.06,4.2,1977820,4.2
SCR,2020-03-25,4.1,4.25,4.0,4.25,2303930,4.25
SCR,2020-03-24,3.67,4.05,3.6,4.05,2476100,4.05
SCR,2020-03-23,3.9,3.97,3.83,3.83,3873340,3.83
SCR,2020-03-20,4.2,4.25,4.1,4.11,1589750,4.11
SCR,2020-03-19,4.44,4.44,4.12,4.25,5717870,4.25
SCR,2020-03-18,4.35,4.38,4.28,4.38,4796440,4.38
SCR,2020-03-17,4.1,4.1,3.75,4.1,3911370,4.1
SCR,2020-03-16,3.71,3.89,3.71,3.85,11017060,3.85
SCR,2020-03-13,3.98,4.1,3.98,3.98,6305450,3.98
SCR,2020-03-12,4.32,4.34,4.27,4.27,2597490,4.27
SCR,2020-03-11,4.99,4.99,4.52,4.59,2623010,4.59
SCR,2020-03-10,4.8,4.98,4.73,4.85,1345060,4.85
SCR,2020-03-09,4.93,5.07,4.92,4.92,2455760,4.92
SCR,2020-03-06,5.09,5.37,5.09,5.28,1978630,5.28
SCR,2020-03-05,5.2,5.31,5.13,5.13,1966320,5.13
SCR,2020-03-04,4.93,5.16,4.93,5.13,3548700,5.13
SCR,2020-03-03,5.01,5.1,4.93,4.93,1762820,4.93
SCR,2020-03-02,5.0,5.09,4.92,4.92,1688960,4.92
SCR,2020-02-28,5.06,5.15,4.9,5.0,2278840,5.0
SCR,2020-02-27,5.2,5.22,5.15,5.17,973760,5.17
SCR,2020-02-26,5.1,5.18,5.05,5.16,1603610,5.16
SCR,2020-02-25,5.09,5.25,5.09,5.2,1114610,5.2
SCR,2020-02-24,5.26,5.4,5.08,5.2,2543960,5.2
SCR,2020-02-21,5.49,5.54,5.43,5.46,2196270,5.46
SCR,2020-02-20,5.61,5.62,5.5,5.51,1821900,5.51
SCR,2020-02-19,5.59,5.79,5.51,5.56,1781120,5.56
SCR,2020-02-18,5.26,5.62,5.26,5.59,6251620,5.59
SCR,2020-02-17,5.28,5.28,5.17,5.26,2481150,5.26
SCR,2020-02-14,5.25,5.27,5.16,5.21,1965710,5.21
SCR,2020-02-13,5.25,5.3,5.24,5.25,708130,5.25
SCR,2020-02-12,5.29,5.38,5.25,5.25,824590,5.25
SCR,2020-02-11,5.2,5.29,5.17,5.29,762600,5.29
SCR,2020-02-10,5.34,5.34,5.16,5.16,1100630,5.16
SCR,2020-02-07,5.41,5.43,5.34,5.34,534620,5.34
SCR,2020-02-06,5.4,5.51,5.32,5.41,1303780,5.41
SCR,2020-02-05,5.25,5.4,5.1,5.4,1861890,5.4
SCR,2020-02-04,5.0,5.3,4.8,5.3,2145830,5.3
SCR,2020-02-03,4.99,5.0,4.71,4.99,3036400,4.99
SCR,2020-01-31,5.21,5.25,5.06,5.06,1872850,5.06
SCR,2020-01-30,5.27,5.38,5.2,5.21,1295990,5.21
SCR,2020-01-22,5.28,5.34,5.25,5.3,617390,5.3
SCR,2020-01-21,5.2,5.26,5.18,5.22,967710,5.22
SCR,2020-01-20,5.24,5.31,5.2,5.2,558280,5.2
SCR,2020-01-17,5.3,5.3,5.24,5.24,581300,5.24
SCR,2020-01-16,5.31,5.37,5.3,5.3,829550,5.3
SCR,2020-01-15,5.3,5.39,5.3,5.31,1119450,5.31
SCR,2020-01-14,5.3,5.39,5.25,5.3,1210130,5.3
SCR,2020-01-13,5.46,5.5,5.33,5.33,1962210,5.33
SCR,2020-01-10,5.6,5.6,5.51,5.51,1028790,5.51
SCR,2020-01-09,5.56,5.63,5.52,5.57,1208370,5.57
SCR,2020-01-08,5.71,5.75,5.44,5.48,3773750,5.48
SCR,2020-01-07,5.8,5.82,5.75,5.75,969680,5.75
SCR,2020-01-06,5.91,5.97,5.8,5.8,1798380,5.8
SCR,2020-01-03,5.91,5.99,5.9,5.93,1207120,5.93
SCR,2020-01-02,5.89,5.99,5.85,5.92,1213180,5.92
SCR,2019-12-31,5.97,5.97,5.88,5.89,1450570,5.89
SCR,2019-12-30,5.95,6.03,5.95,5.96,2380550,5.96
SCR,2019-12-27,5.98,6.07,5.92,5.92,1836030,5.92
SCR,2019-12-26,6.06,6.17,6.01,6.02,1726780,6.02
SCR,2019-12-25,6.1,6.27,6.08,6.08,3652710,6.08
SCR,2019-12-24,5.58,5.93,5.58,5.93,3347590,5.93
SCR,2019-12-23,5.51,5.58,5.5,5.55,935490,5.55
SCR,2019-12-20,5.56,5.56,5.41,5.53,2257240,5.53
SCR,2019-12-19,5.54,5.68,5.5,5.54,797930,5.54
SCR,2019-12-18,5.75,5.78,5.5,5.5,1108300,5.5
SCR,2019-12-17,5.92,5.92,5.73,5.75,2611060,5.75
SCR,2019-12-16,6.27,6.3,6.17,6.2,2772370,5.74
SCR,2019-12-13,6.39,6.43,6.27,6.27,1946810,5.81
SCR,2019-12-12,6.15,6.44,6.13,6.37,3892490,5.9
SCR,2019-12-11,6.15,6.22,6.1,6.14,1184380,5.69
SCR,2019-12-10,6.28,6.28,6.15,6.18,1989990,5.72
SCR,2019-12-09,6.27,6.38,6.26,6.27,2305810,5.81
SCR,2019-12-06,6.4,6.4,6.23,6.33,1460460,5.86
SCR,2019-12-05,6.3,6.47,6.22,6.35,4575130,5.88
SCR,2019-12-04,5.7,6.1,5.7,6.1,3712670,5.65
SCR,2019-12-03,5.73,5.75,5.62,5.71,1437890,5.29
SCR,2019-12-02,5.76,5.77,5.62,5.62,944550,5.2
SCR,2019-11-29,5.7,5.79,5.64,5.7,872270,5.28
SCR,2019-11-28,5.8,5.8,5.6,5.63,1157850,5.21
SCR,2019-11-27,5.82,5.85,5.75,5.78,1626430,5.35
SCR,2019-11-26,5.78,5.84,5.77,5.79,1404290,5.36
SCR,2019-11-25,5.82,5.89,5.78,5.8,1541020,5.37
SCR,2019-11-22,5.5,5.83,5.5,5.76,2685540,5.33
SCR,2019-11-21,5.6,5.63,5.5,5.5,875270,5.09
SCR,2019-11-20,5.71,5.71,5.59,5.63,1567930,5.21
SCR,2019-11-19,5.58,5.83,5.58,5.7,1514470,5.28
SCR,2019-11-18,5.59,5.69,5.45,5.6,1953340,5.19
SCR,2019-11-15,5.93,5.93,5.5,5.5,3837060,5.09
SCR,2019-11-14,5.97,6.0,5.9,5.9,3830800,5.46
SCR,2019-11-13,5.99,6.02,5.96,6.01,4260700,5.56
SCR,2019-11-12,6.03,6.03,5.97,6.02,3596470,5.57
SCR,2019-11-11,6.03,6.04,5.96,6.03,4923720,5.58
SCR,2019-11-08,6.02,6.06,5.96,6.03,3582840,5.58
SCR,2019-11-07,6.1,6.1,6.0,6.04,4338490,5.59
SCR,2019-11-06,6.1,6.1,6.0,6.1,4414390,5.65
SCR,2019-11-05,6.1,6.1,5.99,6.1,5310640,5.65
SCR,2019-11-04,6.15,6.17,6.02,6.12,4977600,5.67
SCR,2019-11-01,6.25,6.25,6.17,6.2,2513830,5.74
SCR,2019-10-31,6.25,6.31,6.2,6.24,4873080,5.78
SCR,2019-10-30,6.11,6.25,6.1,6.21,5711370,5.75
SCR,2019-10-29,6.17,6.17,6.09,6.14,4149620,5.69
SCR,2019-10-28,6.2,6.2,6.09,6.17,3154420,5.71
SCR,2019-10-25,6.22,6.23,6.13,6.2,3841840,5.74
SCR,2019-10-24,6.25,6.25,6.18,6.22,2925100,5.76
SCR,2019-10-23,6.25,6.25,6.22,6.25,876080,5.79
SCR,2019-10-22,6.26,6.26,6.18,6.26,2968420,5.8
SCR,2019-10-21,6.27,6.27,6.2,6.26,3176740,5.8
SCR,2019-10-18,6.28,6.28,6.22,6.27,2521630,5.81
SCR,2019-10-17,6.26,6.28,6.21,6.28,2565100,5.81
SCR,2019-10-16,6.29,6.3,6.26,6.29,1623880,5.82
SCR,2019-10-15,6.29,6.32,6.27,6.29,2066420,5.82
SCR,2019-10-14,6.31,6.34,6.28,6.3,2437780,5.83
SCR,2019-10-11,6.3,6.3,6.27,6.3,1421640,5.83
SCR,2019-10-10,6.35,6.35,6.26,6.3,1126240,5.83
SCR,2019-10-09,6.38,6.38,6.27,6.27,3644640,5.81
SCR,2019-10-08,6.45,6.42,6.28,6.4,2668610,5.93
SCR,2019-10-07,6.45,6.5,6.37,6.39,3296990,5.92
SCR,2019-10-04,6.5,6.54,6.45,6.45,2691340,5.97
SCR,2019-10-03,6.49,6.51,6.46,6.51,2273430,6.03
SCR,2019-10-02,6.55,6.57,6.49,6.51,2198630,6.03
SCR,2019-10-01,6.52,6.57,6.51,6.53,2186800,6.05
SCR,2019-09-30,6.47,6.53,6.45,6.51,3831770,6.03
SCR,2019-09-27,6.46,6.51,6.44,6.45,3254500,5.97
SCR,2019-09-26,6.53,6.53,6.47,6.47,2588440,5.99
SCR,2019-09-25,6.54,6.55,6.49,6.5,2903480,6.02
SCR,2019-09-24,6.56,6.6,6.5,6.5,2539900,6.02
SCR,2019-09-23,6.68,6.71,6.58,6.58,4252730,6.09
SCR,2019-09-20,6.71,6.72,6.64,6.68,2600240,6.19
SCR,2019-09-19,6.73,6.81,6.7,6.71,4510690,6.21
SCR,2019-09-18,6.55,7.0,6.56,6.7,5091710,6.2
SCR,2019-09-17,6.55,6.57,6.49,6.55,3908830,6.06
SCR,2019-09-16,6.55,6.54,6.45,6.48,3268770,6.0
SCR,2019-09-13,6.55,6.56,6.47,6.53,3968960,6.05
SCR,2019-09-12,6.56,6.57,6.49,6.55,2513000,6.06
SCR,2019-09-11,6.54,6.57,6.51,6.55,1808940,6.06
SCR,2019-09-10,6.6,6.64,6.54,6.58,2925270,6.09
SCR,2019-09-09,6.65,6.66,6.57,6.61,3325590,6.12
SCR,2019-09-06,6.67,6.7,6.61,6.65,3010470,6.16
SCR,2019-09-05,6.69,6.73,6.67,6.69,2454070,6.19
SCR,2019-09-04,6.76,6.78,6.69,6.69,3334840,6.19
SCR,2019-09-03,6.72,6.79,6.66,6.77,3803820,6.27
SCR,2019-08-30,6.59,6.75,6.58,6.75,2963360,6.25
SCR,2019-08-29,6.59,6.62,6.56,6.62,2882650,6.13
SCR,2019-08-28,6.62,6.62,6.58,6.62,2445780,6.13
SCR,2019-08-27,6.59,6.63,6.58,6.63,1349990,6.14
SCR,2019-08-26,6.58,6.63,6.56,6.63,2585410,6.14
SCR,2019-08-23,6.6,6.65,6.58,6.64,2485570,6.15
SCR,2019-08-22,6.62,6.65,6.58,6.64,2207210,6.15
SCR,2019-08-21,6.66,6.66,6.62,6.66,2697760,6.17
SCR,2019-08-20,6.65,6.68,6.59,6.68,3004400,6.19
SCR,2019-08-19,6.63,6.7,6.6,6.68,2864880,6.19
SCR,2019-08-16,6.73,6.73,6.6,6.7,2699650,6.2
SCR,2019-08-15,6.61,6.75,6.6,6.75,3547560,6.25
SCR,2019-08-14,6.86,6.88,6.77,6.8,2132190,6.3
SCR,2019-08-13,6.88,6.94,6.74,6.88,2765500,6.37
SCR,2019-08-12,6.8,6.96,6.8,6.92,3327060,6.41
SCR,2019-08-09,6.63,6.9,6.59,6.9,2800200,6.39
SCR,2019-08-08,6.71,6.75,6.6,6.6,1919540,6.11
SCR,2019-08-07,6.69,6.78,6.65,6.75,1809490,6.25
SCR,2019-08-06,6.69,6.77,6.63,6.7,2025310,6.2
SCR,2019-08-05,6.9,6.92,6.71,6.8,3068670,6.3
SCR,2019-08-02,6.89,7.0,6.86,6.93,2396530,6.42
SCR,2019-08-01,7.0,7.0,6.88,7.0,2919130,6.48
SCR,2019-07-31,7.05,7.06,6.97,7.0,1836430,6.48
SCR,2019-07-30,7.06,7.12,7.01,7.06,2447010,6.54
SCR,2019-07-29,7.15,7.17,7.07,7.11,1953560,6.58
SCR,2019-07-26,7.03,7.19,7.03,7.15,2874070,6.62
SCR,2019-07-25,7.03,7.06,7.01,7.06,2260820,6.54
SCR,2019-07-24,7.06,7.07,7.03,7.07,2360410,6.55
SCR,2019-07-23,7.1,7.1,7.05,7.09,2213650,6.56
SCR,2019-07-22,7.1,7.1,7.04,7.1,2961920,6.57
SCR,2019-07-19,7.1,7.13,7.06,7.1,2670430,6.57
SCR,2019-07-18,7.1,7.13,7.08,7.13,1803830,6.6
SCR,2019-07-17,7.12,7.13,7.08,7.13,1351830,6.6
SCR,2019-07-16,7.1,7.14,7.09,7.13,1917520,6.6
SCR,2019-07-15,7.16,7.15,7.09,7.14,1639220,6.61
SCR,2019-07-12,7.16,7.16,7.1,7.14,2189980,6.61
SCR,2019-07-11,7.11,7.17,7.11,7.16,1739700,6.63
SCR,2019-07-10,7.16,7.19,7.12,7.17,1638920,6.64
SCR,2019-07-09,7.19,7.19,7.12,7.17,1678870,6.64
SCR,2019-07-08,7.22,7.22,7.14,7.19,1139660,6.66
SCR,2019-07-05,7.24,7.26,7.16,7.22,1398360,6.69
SCR,2019-07-04,7.24,7.24,7.15,7.24,1386860,6.7
SCR,2019-07-03,7.24,7.3,7.15,7.2,1147060,6.67
SCR,2019-07-02,7.21,7.28,7.2,7.21,1318420,6.68
SCR,2019-07-01,7.28,7.32,7.22,7.28,936850,6.74
SCR,2019-06-28,7.29,7.29,7.14,7.29,703980,6.75
SCR,2019-06-27,7.18,7.23,7.15,7.18,1419470,6.65
SCR,2019-06-26,7.25,7.29,7.21,7.25,1170140,6.71
SCR,2019-06-25,7.3,7.3,7.21,7.29,1329190,6.75
SCR,2019-06-24,7.33,7.34,7.25,7.3,1343580,6.76
SCR,2019-06-21,7.33,7.36,7.28,7.33,1531570,6.79
SCR,2019-06-20,7.26,7.33,7.25,7.33,1900450,6.79
SCR,2019-06-19,7.3,7.35,7.25,7.3,1310860,6.76
SCR,2019-06-18,7.4,7.42,7.3,7.35,990890,6.81
SCR,2019-06-17,7.45,7.45,7.37,7.4,1458350,6.85
SCR,2019-06-14,7.47,7.5,7.4,7.45,1403590,6.9
SCR,2019-06-13,7.48,7.48,7.43,7.47,1055930,6.92
SCR,2019-06-12,7.45,7.5,7.4,7.48,1093610,6.93
SCR,2019-06-11,7.5,7.5,7.44,7.49,1203880,6.94
SCR,2019-06-10,7.5,7.5,7.42,7.5,2917220,6.94
SCR,2019-06-07,7.48,7.5,7.3,7.5,3535400,6.94
SCR,2019-06-06,7.09,7.5,7.04,7.5,2324100,6.94
SCR,2019-06-05,7.08,7.09,7.05,7.09,1572010,6.56
SCR,2019-06-04,7.07,7.09,7.05,7.08,1573840,6.56
SCR,2019-06-03,7.1,7.1,7.04,7.09,2291320,6.56
SCR,2019-05-31,7.1,7.12,7.03,7.1,1718360,6.57
SCR,2019-05-30,7.08,7.1,7.04,7.1,1769740,6.57
SCR,2019-05-29,7.1,7.12,7.05,7.09,1143440,6.56
SCR,2019-05-28,7.1,7.12,7.05,7.1,1163570,6.57
SCR,2019-05-27,7.11,7.14,7.08,7.1,877560,6.57
SCR,2019-05-24,7.1,7.14,7.09,7.12,2124500,6.59
SCR,2019-05-23,7.17,7.17,7.1,7.13,1120710,6.6
SCR,2019-05-22,7.17,7.22,7.16,7.17,1512710,6.64
SCR,2019-05-21,7.23,7.24,7.17,7.18,2436640,6.65
SCR,2019-05-20,7.24,7.24,7.18,7.24,2469520,6.7
SCR,2019-05-17,7.28,7.29,7.2,7.24,1702970,6.7
SCR,2019-05-16,7.26,7.33,7.25,7.28,2837530,6.74
SCR,2019-05-15,7.15,7.3,7.14,7.25,3405190,6.71
SCR,2019-05-14,7.13,7.16,7.09,7.15,2259260,6.62
SCR,2019-05-13,7.1,7.16,7.05,7.15,2872800,6.62
SCR,2019-05-10,7.09,7.11,7.03,7.1,875470,6.57
SCR,2019-05-09,7.1,7.11,7.0,7.09,1593780,6.56
SCR,2019-05-08,7.02,7.1,6.96,7.1,1472030,6.57
SCR,2019-05-07,7.11,7.13,6.95,7.1,2798660,6.57
SCR,2019-05-06,7.17,7.18,7.06,7.1,913740,6.57
SCR,2019-05-03,7.2,7.26,7.17,7.2,1457650,6.67
SCR,2019-05-02,7.24,7.25,7.19,7.2,867560,6.67
SCR,2019-04-26,7.21,7.26,7.21,7.22,763910,6.69
SCR,2019-04-25,7.3,7.31,7.21,7.21,1235100,6.68
SCR,2019-04-24,7.3,7.32,7.26,7.3,1046490,6.76
SCR,2019-04-23,7.24,7.29,7.23,7.28,2729850,6.74
SCR,2019-04-22,7.25,7.25,7.21,7.21,1454460,6.68
SCR,2019-04-19,7.21,7.27,7.21,7.23,1489650,6.69
SCR,2019-04-18,7.21,7.25,7.2,7.21,1248280,6.68
SCR,2019-04-17,7.3,7.31,7.21,7.21,1094330,6.68
SCR,2019-04-16,7.3,7.3,7.15,7.3,1861090,6.76
SCR,2019-04-12,7.32,7.35,7.3,7.3,804530,6.76
SCR,2019-04-11,7.38,7.4,7.31,7.35,937220,6.81
SCR,2019-04-10,7.33,7.4,7.32,7.36,935120,6.81
SCR,2019-04-09,7.45,7.49,7.35,7.35,1492550,6.81
SCR,2019-04-08,7.32,7.55,7.3,7.38,2036110,6.83
SCR,2019-04-05,7.32,7.33,7.25,7.32,1824980,6.78
SCR,2019-04-04,7.32,7.35,7.3,7.32,1322450,6.78
SCR,2019-04-03,7.35,7.35,7.32,7.32,1147110,6.78
SCR,2019-04-02,7.38,7.38,7.33,7.35,2052270,6.81
SCR,2019-04-01,7.35,7.42,7.34,7.35,2053640,6.81
SCR,2019-03-29,7.32,7.37,7.32,7.34,1771670,6.8
SCR,2019-03-28,7.33,7.35,7.3,7.34,1125860,6.8
SCR,2019-03-27,7.36,7.38,7.3,7.33,1543590,6.79
SCR,2019-03-26,7.4,7.45,7.32,7.32,1484700,6.78
SCR,2019-03-25,7.35,7.4,7.25,7.4,2221540,6.85
SCR,2019-03-22,7.45,7.52,7.4,7.49,1919920,6.94
SCR,2019-03-21,7.58,7.58,7.42,7.5,2551600,6.94
SCR,2019-03-20,7.6,7.6,7.45,7.55,2511700,6.99
SCR,2019-03-19,7.72,7.72,7.58,7.6,2238760,7.04
SCR,2019-03-18,7.81,7.82,7.67,7.7,1715990,7.13
SCR,2019-03-15,7.77,7.86,7.71,7.73,3039560,7.16
SCR,2019-03-14,7.7,7.81,7.69,7.69,2945410,7.12
SCR,2019-03-13,7.61,7.71,7.61,7.66,2374650,7.09
SCR,2019-03-12,7.66,7.66,7.57,7.61,2157900,7.05
SCR,2019-03-11,7.54,7.67,7.54,7.59,2168760,7.03
SCR,2019-03-08,7.6,7.68,7.53,7.54,3245090,6.98
SCR,2019-03-07,7.81,7.9,7.69,7.7,2909270,7.13
SCR,2019-03-06,7.84,7.88,7.77,7.81,2345460,7.23
SCR,2019-03-05,7.79,8.0,7.74,7.84,5780770,7.26
SCR,2019-03-04,7.58,7.9,7.49,7.75,6371450,7.18
SCR,2019-03-01,7.45,7.52,7.45,7.49,1266800,6.94
SCR,2019-02-28,7.52,7.63,7.45,7.45,2034730,6.9
SCR,2019-02-27,7.46,7.59,7.43,7.52,1881520,6.96
SCR,2019-02-26,7.48,7.5,7.4,7.46,1339040,6.91
SCR,2019-02-25,7.48,7.54,7.47,7.48,1974840,6.93
SCR,2019-02-22,7.43,7.51,7.42,7.46,1594550,6.91
SCR,2019-02-21,7.57,7.58,7.45,7.45,2308720,6.9
SCR,2019-02-20,7.58,7.58,7.51,7.57,1570460,7.01
SCR,2019-02-19,7.71,7.76,7.56,7.56,1929040,7.0
SCR,2019-02-18,7.8,7.82,7.68,7.71,1652010,7.14
SCR,2019-02-15,7.72,7.86,7.72,7.79,2161950,7.21
SCR,2019-02-14,7.6,7.75,7.59,7.69,4024340,7.12
SCR,2019-02-13,7.6,7.61,7.58,7.59,1226480,7.03
SCR,2019-02-12,7.55,7.63,7.5,7.59,1547170,7.03
SCR,2019-02-11,7.6,7.6,7.5,7.51,1736180,6.95
SCR,2019-02-01,7.5,7.6,7.36,7.6,2445730,7.04
SCR,2019-01-31,7.4,7.5,7.32,7.5,1475660,6.94
SCR,2019-01-30,7.27,7.4,7.26,7.4,1614410,6.85
SCR,2019-01-29,7.33,7.33,7.25,7.33,1018040,6.79
SCR,2019-01-28,7.3,7.34,7.26,7.33,1045260,6.79
SCR,2019-01-25,7.38,7.39,7.31,7.35,1817620,6.81
SCR,2019-01-24,7.38,7.42,7.38,7.4,920670,6.85
SCR,2019-01-23,7.37,7.42,7.36,7.42,1275860,6.87
SCR,2019-01-22,7.36,7.42,7.35,7.41,1060580,6.86
SCR,2019-01-21,7.38,7.39,7.33,7.39,885460,6.84
SCR,2019-01-18,7.36,7.36,7.3,7.36,865110,6.81
SCR,2019-01-17,7.3,7.35,7.29,7.35,1230850,6.81
SCR,2019-01-16,7.34,7.35,7.25,7.34,1156160,6.8
SCR,2019-01-15,7.2,7.35,7.2,7.31,1303180,6.77
SCR,2019-01-14,7.16,7.25,7.14,7.2,1108360,6.67
SCR,2019-01-11,7.19,7.26,7.17,7.2,1107520,6.67
SCR,2019-01-10,7.16,7.22,7.15,7.17,809330,6.64
SCR,2019-01-09,7.12,7.2,7.12,7.16,1145700,6.63
SCR,2019-01-08,7.17,7.17,7.08,7.12,725740,6.59
SCR,2019-01-07,7.2,7.24,7.11,7.11,1034440,6.58
SCR,2019-01-04,7.0,7.07,6.9,7.07,967490,6.55
SCR,2019-01-03,7.03,7.05,6.81,7.05,2943980,6.53
SCR,2019-01-02,7.05,7.4,6.99,7.05,2533110,6.53
SCR,2018-12-28,7.51,7.6,7.3,7.3,1272920,6.76
SCR,2018-12-27,7.7,7.7,7.52,7.6,856440,7.04
SCR,2018-12-26,7.4,7.6,7.31,7.6,1330830,7.04
SCR,2018-12-25,7.51,7.55,7.16,7.32,2386600,6.78
SCR,2018-12-24,7.78,7.94,7.65,7.65,890990,7.08
SCR,2018-12-21,7.75,7.81,7.74,7.78,881060,7.2
SCR,2018-12-20,7.76,7.85,7.74,7.81,1412940,7.23
SCR,2018-12-19,7.89,7.93,7.77,7.77,1376740,7.19
SCR,2018-12-18,7.9,7.96,7.8,7.88,3041050,7.3
SCR,2018-12-17,8.08,8.08,7.98,8.0,2627170,7.41
SCR,2018-12-14,8.24,8.24,8.08,8.08,1410310,7.48
SCR,2018-12-13,8.15,8.32,8.15,8.24,4063100,7.63
SCR,2018-12-12,8.0,8.13,7.97,8.13,2873310,7.53
SCR,2018-12-11,8.05,8.07,7.96,7.97,1758440,7.38
SCR,2018-12-10,8.11,8.13,7.99,8.0,1723110,7.41
SCR,2018-12-07,8.05,8.17,8.0,8.13,2633810,7.53
SCR,2018-12-06,8.05,8.09,7.95,7.98,1272500,7.39
SCR,2018-12-05,7.92,8.09,7.9,8.07,2624590,7.47
SCR,2018-12-04,8.0,8.07,7.97,7.98,1758810,7.39
SCR,2018-12-03,8.0,8.01,7.93,8.0,2592360,7.41
SCR,2018-11-30,7.8,7.9,7.78,7.89,1649700,7.31
SCR,2018-11-29,7.89,7.93,7.8,7.8,1260400,7.22
SCR,2018-11-28,7.92,7.96,7.86,7.87,818930,7.29
SCR,2018-11-27,7.99,8.0,7.9,7.92,720800,7.33
SCR,2018-11-26,7.94,8.0,7.9,7.94,601880,7.35
SCR,2018-11-23,8.08,8.08,7.94,7.94,1272700,7.35
SCR,2018-11-22,7.92,8.09,7.9,8.04,1543920,7.44
SCR,2018-11-21,7.84,7.92,7.8,7.86,1029350,7.28
SCR,2018-11-20,7.82,7.96,7.79,7.93,1292650,7.34
SCR,2018-11-19,7.72,7.89,7.72,7.82,580100,7.24
SCR,2018-11-16,7.7,7.8,7.68,7.72,829590,7.15
SCR,2018-11-15,7.75,7.77,7.65,7.66,699180,7.09
SCR,2018-11-14,7.82,7.86,7.75,7.75,959150,7.18
SCR,2018-11-13,7.8,7.88,7.8,7.8,1210650,7.22
SCR,2018-11-12,7.99,8.0,7.86,7.92,864790,7.33
SCR,2018-11-09,8.02,8.09,7.99,7.99,931910,7.4
SCR,2018-11-08,8.09,8.15,8.03,8.03,1494900,7.44
SCR,2018-11-07,8.01,8.12,7.99,7.99,1387600,7.4
SCR,2018-11-06,8.0,8.2,8.0,8.01,2144880,7.42
SCR,2018-11-05,8.05,8.08,8.0,8.0,1913640,7.41
SCR,2018-11-02,8.0,8.1,7.99,8.05,1180170,7.45
SCR,2018-11-01,8.1,8.1,7.95,7.99,1483930,7.4
SCR,2018-10-31,8.1,8.1,7.95,8.06,833170,7.46
SCR,2018-10-30,7.9,8.0,7.89,7.89,409280,7.31
SCR,2018-10-29,7.75,8.1,7.68,8.1,1335760,7.5
SCR,2018-10-26,8.0,8.05,7.7,7.7,1279360,7.13
SCR,2018-10-25,7.5,7.85,7.5,7.85,1332600,7.27
SCR,2018-10-24,7.8,7.85,7.59,7.85,1815960,7.27
SCR,2018-10-23,8.1,8.19,7.55,7.6,2913340,7.04
SCR,2018-10-22,8.7,8.8,8.5,8.5,1088780,7.36
SCR,2018-10-19,8.6,8.76,8.6,8.7,1784030,7.53
SCR,2018-10-18,8.84,8.95,8.75,8.75,1941750,7.57
SCR,2018-10-17,8.84,8.95,8.8,8.84,836680,7.65
SCR,2018-10-16,8.7,8.81,8.7,8.76,2470650,7.58
SCR,2018-10-15,8.87,8.89,8.7,8.7,3917750,7.53
SCR,2018-10-12,8.6,8.88,8.44,8.87,2737450,7.68
SCR,2018-10-11,8.65,9.1,8.65,8.65,8082890,7.49
SCR,2018-10-10,9.33,9.41,9.28,9.3,1868670,8.05
SCR,2018-10-09,9.37,9.5,9.32,9.32,2113510,8.07
SCR,2018-10-08,9.43,9.51,9.36,9.37,1814940,8.11
SCR,2018-10-05,9.58,9.6,9.44,9.44,1775790,8.17
SCR,2018-10-04,9.5,9.61,9.5,9.56,3007550,8.27
SCR,2018-10-03,9.44,9.58,9.44,9.49,2625510,8.21
SCR,2018-10-02,9.52,9.56,9.44,9.44,2933130,8.17
SCR,2018-10-01,9.75,9.75,9.51,9.52,4023370,8.24
SCR,2018-09-28,9.76,9.85,9.73,9.75,3137810,8.44
SCR,2018-09-27,9.78,9.88,9.7,9.75,3103450,8.44
SCR,2018-09-26,9.61,9.96,9.6,9.78,4706690,8.46
SCR,2018-09-25,9.68,9.8,9.45,9.68,4859100,8.38
SCR,2018-09-24,9.35,9.64,9.35,9.5,3992640,8.22
SCR,2018-09-21,9.59,9.59,9.25,9.35,3439320,8.09
SCR,2018-09-20,9.55,9.64,9.47,9.48,2684820,8.2
SCR,2018-09-19,9.35,9.6,9.35,9.47,5384530,8.19
SCR,2018-09-18,9.08,9.3,9.05,9.3,1917380,8.05
SCR,2018-09-17,9.22,9.24,9.1,9.1,2066350,7.87
SCR,2018-09-14,9.2,9.24,9.17,9.23,2973560,7.99
SCR,2018-09-13,9.06,9.16,9.06,9.16,2337730,7.93
SCR,2018-09-12,9.1,9.18,9.06,9.06,2066970,7.84
SCR,2018-09-11,9.0,9.1,9.0,9.07,1200650,7.85
SCR,2018-09-10,9.1,9.15,9.0,9.0,1229220,7.79
SCR,2018-09-07,8.95,9.07,8.91,9.07,1453010,7.85
SCR,2018-09-06,9.0,9.09,8.91,8.91,1601340,7.71
SCR,2018-09-05,9.05,9.16,8.91,8.95,2762500,7.74
SCR,2018-09-04,9.4,9.43,9.1,9.1,2336610,7.87
SCR,2018-08-31,9.5,9.56,9.35,9.35,1834210,8.09
SCR,2018-08-30,9.4,9.53,9.37,9.5,1812590,8.22
SCR,2018-08-29,9.35,9.47,9.35,9.41,2716620,8.14
SCR,2018-08-28,9.51,9.53,9.36,9.36,2387940,8.1
SCR,2018-08-27,9.6,9.69,9.47,9.5,3013150,8.22
SCR,2018-08-24,9.35,9.69,9.35,9.6,5513520,8.31
SCR,2018-08-23,9.32,9.49,9.27,9.35,2571520,8.09
SCR,2018-08-22,9.45,9.6,9.3,9.32,3269370,8.07
SCR,2018-08-21,8.83,9.38,8.83,9.35,7217500,8.09
SCR,2018-08-20,8.86,8.92,8.8,8.83,1262120,7.64
SCR,2018-08-17,8.88,8.95,8.8,8.81,1078400,7.62
SCR,2018-08-16,8.87,8.88,8.78,8.8,2200900,7.62
SCR,2018-08-15,9.11,9.15,8.9,8.93,1940090,7.73
SCR,2018-08-14,9.15,9.21,9.09,9.11,1746270,7.88
SCR,2018-08-13,9.0,9.2,9.0,9.11,2539140,7.88
SCR,2018-08-10,8.89,9.1,8.81,9.02,2332300,7.81
SCR,2018-08-09,8.83,9.0,8.8,8.83,1804030,7.64
SCR,2018-08-08,8.8,8.87,8.76,8.8,1445610,7.62
SCR,2018-08-07,8.7,8.9,8.63,8.77,1366230,7.59
SCR,2018-08-06,8.98,9.08,8.76,8.76,1710250,7.58
SCR,2018-08-03,9.18,9.18,8.98,8.98,1809480,7.77
SCR,2018-08-02,9.19,9.2,8.95,9.05,1883480,7.83
SCR,2018-08-01,9.4,9.43,9.11,9.15,2353050,7.92
SCR,2018-07-31,9.4,9.7,9.3,9.38,5383110,8.12
SCR,2018-07-30,9.18,9.18,9.05,9.12,1823730,7.89
SCR,2018-07-27,8.9,9.11,8.84,9.0,2248130,7.79
SCR,2018-07-26,9.18,9.2,8.9,8.9,2274120,7.7
SCR,2018-07-25,8.95,9.32,8.83,9.18,3575930,7.94
SCR,2018-07-24,8.65,9.0,8.5,8.83,2679420,7.64
SCR,2018-07-23,8.65,8.84,8.65,8.65,2130840,7.49
SCR,2018-07-20,8.8,8.82,8.7,8.8,1334780,7.62
SCR,2018-07-19,8.96,9.0,8.8,8.82,2272590,7.63
SCR,2018-07-18,8.75,9.0,8.75,8.96,2490930,7.75
SCR,2018-07-17,8.5,8.75,8.2,8.75,1608530,7.57
SCR,2018-07-16,8.4,8.59,8.38,8.55,1618960,7.4
SCR,2018-07-13,8.2,8.4,8.16,8.4,948220,7.27
SCR,2018-07-12,8.2,8.2,7.85,8.2,1305260,7.1
SCR,2018-07-11,8.0,8.16,7.88,7.88,1355100,6.82
SCR,2018-07-10,8.15,8.5,8.13,8.16,711230,7.06
SCR,2018-07-09,8.5,8.8,8.15,8.15,1191210,7.05
SCR,2018-07-06,8.0,8.5,7.8,8.5,2861220,7.36
SCR,2018-07-05,8.0,8.2,7.48,8.0,3616580,6.92
SCR,2018-07-04,8.2,8.2,8.0,8.0,1290320,6.92
SCR,2018-07-03,8.57,8.62,8.06,8.1,2265210,7.01
SCR,2018-07-02,8.85,8.88,8.4,8.4,1858440,7.27
SCR,2018-06-29,8.9,9.04,8.8,8.85,2650610,7.66
SCR,2018-06-28,9.01,9.11,8.85,8.9,2019570,7.7
SCR,2018-06-27,9.19,9.22,9.1,9.1,2066020,7.87
SCR,2018-06-26,9.1,9.2,9.01,9.1,1363150,7.87
SCR,2018-06-25,9.25,9.32,9.1,9.1,1471380,7.87
SCR,2018-06-22,9.1,9.2,9.0,9.1,781430,7.87
SCR,2018-06-21,9.2,9.35,9.1,9.1,1163110,7.87
SCR,2018-06-20,9.2,9.4,9.05,9.27,2541370,8.02
SCR,2018-06-19,9.3,9.3,8.75,9.1,4139900,7.87
SCR,2018-06-18,9.86,9.99,9.4,9.4,1390490,8.13
SCR,2018-06-15,9.65,9.98,9.65,9.9,2339430,8.57
SCR,2018-06-14,9.7,10.1,9.65,9.8,3194690,8.48
SCR,2018-06-13,9.62,9.79,9.6,9.7,1752750,8.39
SCR,2018-06-12,9.8,9.87,9.55,9.62,2206740,8.32
SCR,2018-06-11,10.0,10.35,9.87,9.87,3231930,8.54
SCR,2018-06-08,9.59,10.15,9.46,10.15,4266460,8.78
SCR,2018-06-07,9.6,9.6,9.44,9.52,2230990,8.24
SCR,2018-06-06,9.39,9.59,9.31,9.59,2250410,8.3
SCR,2018-06-05,9.5,9.65,9.33,9.41,2479590,8.14
SCR,2018-06-04,9.34,9.65,9.31,9.53,2045110,8.25
SCR,2018-06-01,9.05,9.55,9.05,9.39,3151790,8.13
SCR,2018-05-31,8.7,9.2,8.7,9.05,5139970,7.83
SCR,2018-05-30,8.65,8.98,8.65,8.7,967760,7.53
SCR,2018-05-29,8.35,8.97,8.35,8.93,3359180,7.73
SCR,2018-05-28,8.9,9.0,8.4,8.4,5966390,7.27
SCR,2018-05-25,9.1,9.39,9.0,9.03,3102560,7.81
SCR,2018-05-24,9.31,9.55,9.15,9.15,2418130,7.92
SCR,2018-05-23,9.45,9.55,8.95,9.5,4377700,8.22
SCR,2018-05-22,10.0,10.05,9.4,9.45,5509320,8.18
SCR,2018-05-21,10.25,10.3,10.05,10.1,1594590,8.74
SCR,2018-05-18,10.35,10.4,10.2,10.3,2932410,8.91
SCR,2018-05-17,10.4,10.4,10.25,10.4,1799460,9.0
SCR,2018-05-16,10.45,10.5,10.25,10.3,2149240,8.91
SCR,2018-05-15,10.4,10.7,10.3,10.5,3869810,9.09
SCR,2018-05-14,10.3,10.5,10.2,10.3,1877380,8.91
SCR,2018-05-11,10.1,10.3,10.05,10.2,2641790,8.83
SCR,2018-05-10,10.4,10.45,10.0,10.1,4337250,8.74
SCR,2018-05-09,10.5,10.7,10.35,10.4,2278460,9.0
SCR,2018-05-08,10.95,11.0,10.5,10.5,3328560,9.09
SCR,2018-05-07,10.5,11.15,10.4,11.0,3486810,9.52
SCR,2018-05-04,10.7,10.8,10.4,10.45,2655830,9.04
SCR,2018-05-03,10.1,10.55,10.1,10.5,3778790,9.09
SCR,2018-05-02,10.25,10.7,10.15,10.25,2143340,8.87
SCR,2018-04-27,10.0,10.7,10.0,10.6,4997400,9.17
SCR,2018-04-26,10.8,10.8,10.0,10.0,5333100,8.65
SCR,2018-04-24,10.9,11.2,10.6,10.7,7065870,9.26
SCR,2018-04-23,11.0,11.9,11.0,11.0,5049750,9.52
SCR,2018-04-20,11.5,11.8,11.2,11.8,4350580,10.21
SCR,2018-04-19,12.1,12.3,11.35,11.35,5572620,9.82
SCR,2018-04-18,12.4,12.65,12.15,12.2,2959170,10.56
SCR,2018-04-17,12.2,12.45,12.0,12.4,3785160,10.73
SCR,2018-04-16,12.25,12.55,11.8,12.2,5123850,10.56
SCR,2018-04-13,12.9,13.0,12.5,12.55,4125410,10.86
SCR,2018-04-12,13.2,13.4,12.8,12.95,6366450,10.78
SCR,2018-04-11,13.55,13.9,13.35,13.4,16919550,11.16
SCR,2018-04-10,14.0,14.0,13.4,13.6,12219250,11.32
SCR,2018-04-09,14.15,14.15,13.9,14.0,7920590,11.65
SCR,2018-04-06,14.4,14.75,14.1,14.1,7495150,11.74
SCR,2018-04-05,13.7,14.4,13.7,14.4,13827020,11.99
SCR,2018-04-04,13.95,14.15,13.75,13.8,9817990,11.49
SCR,2018-04-03,13.8,14.35,13.6,14.0,16490420,11.65
SCR,2018-04-02,13.4,13.8,13.35,13.8,13488180,11.49
SCR,2018-03-30,12.75,13.4,12.75,13.2,10072010,10.99
SCR,2018-03-29,12.65,13.0,12.6,12.75,6087440,10.61
SCR,2018-03-28,12.4,12.75,12.4,12.55,3321580,10.45
SCR,2018-03-27,12.95,12.95,12.55,12.55,4678810,10.45
SCR,2018-03-26,12.6,12.8,12.45,12.7,6094610,10.57
SCR,2018-03-23,12.5,12.9,12.5,12.6,11612210,10.49
SCR,2018-03-22,13.55,13.6,13.1,13.15,10715290,10.95
SCR,2018-03-21,13.7,13.85,13.4,13.55,12975750,11.28
SCR,2018-03-20,12.65,13.55,12.5,13.55,18797210,11.28
SCR,2018-03-19,12.7,13.05,12.65,12.7,6240260,10.57
SCR,2018-03-16,12.85,13.25,12.75,12.85,10907420,10.7
SCR,2018-03-15,12.2,12.9,12.2,12.8,13734040,10.66
SCR,2018-03-14,12.1,12.4,12.1,12.15,5115480,10.11
SCR,2018-03-13,12.05,12.2,11.9,12.1,3738340,10.07
SCR,2018-03-12,12.05,12.3,12.05,12.05,4503090,10.03
SCR,2018-03-09,12.2,12.45,12.1,12.1,5603880,10.07
SCR,2018-03-08,12.25,12.35,12.0,12.15,5039150,10.11
SCR,2018-03-07,12.45,12.8,11.95,12.15,7878410,10.11
SCR,2018-03-06,12.3,12.65,12.1,12.6,7640600,10.49
SCR,2018-03-05,13.0,13.15,12.1,12.1,12400570,10.07
SCR,2018-03-02,11.85,12.6,11.8,12.6,11529380,10.49
SCR,2018-03-01,11.75,12.1,11.7,12.0,6386950,9.99
SCR,2018-02-28,11.6,12.0,11.55,11.8,6733220,9.82
SCR,2018-02-27,11.85,12.0,11.65,11.8,4611500,9.82
SCR,2018-02-26,12.4,12.45,11.8,11.85,4790880,9.86
SCR,2018-02-23,11.85,12.3,11.75,12.15,7463520,10.11
SCR,2018-02-22,11.7,12.1,11.55,11.75,5396150,9.78
SCR,2018-02-21,11.7,11.95,11.55,11.85,5596740,9.86
SCR,2018-02-13,11.5,11.65,11.3,11.5,3724700,9.57
SCR,2018-02-12,11.2,11.4,11.05,11.4,1679640,9.49
SCR,2018-02-09,10.4,11.0,10.3,11.0,2353440,9.16
SCR,2018-02-08,11.3,11.55,11.0,11.0,4505670,9.16
SCR,2018-02-07,11.6,11.8,11.4,11.4,6964130,9.49
SCR,2018-02-06,11.2,11.7,10.9,11.2,10733800,9.32
SCR,2018-02-05,11.85,12.25,11.5,11.7,9366420,9.74
SCR,2018-02-02,11.9,12.15,11.75,12.1,6678240,10.07
SCR,2018-02-01,12.4,12.55,11.8,11.9,8333920,9.91
SCR,2018-01-31,13.0,13.35,12.2,12.2,12359230,10.16
SCR,2018-01-30,11.9,12.75,11.6,12.75,14171870,10.61
SCR,2018-01-29,11.55,12.2,11.55,11.95,8924030,9.95
SCR,2018-01-26,11.1,11.75,11.1,11.65,14310790,9.7
SCR,2018-01-25,11.0,11.45,10.8,11.2,9767460,9.32
SCR,2018-01-22,11.1,11.25,10.85,10.95,2738610,9.12
SCR,2018-01-19,11.35,11.4,11.0,11.05,5690300,9.2
SCR,2018-01-18,10.85,11.2,10.7,11.2,5849860,9.32
SCR,2018-01-17,11.25,11.55,10.9,11.0,4471750,9.16
SCR,2018-01-16,11.3,11.8,11.2,11.5,7310740,9.57
SCR,2018-01-15,10.6,11.4,10.6,11.35,9505530,9.45
SCR,2018-01-12,10.9,11.15,10.7,10.7,8172610,8.91
SCR,2018-01-11,11.05,11.4,10.9,11.1,8572970,9.24
SCR,2018-01-10,10.5,10.85,10.3,10.85,13315880,9.03
SCR,2018-01-09,9.65,10.15,9.6,10.15,8246320,8.45
SCR,2018-01-08,9.48,9.59,9.48,9.5,1987460,7.91
SCR,2018-01-05,9.6,9.7,9.48,9.48,2435470,7.89
SCR,2018-01-04,9.39,9.68,9.3,9.55,6558520,7.95
SCR,2018-01-03,9.28,9.45,9.28,9.29,1809520,7.73
SCR,2018-01-02,9.21,9.35,9.19,9.28,1816960,7.73
SCR,2017-12-29,9.3,9.31,9.2,9.21,2010530,7.67
SCR,2017-12-28,9.33,9.35,9.25,9.3,1700940,7.74
SCR,2017-12-27,9.3,9.42,9.24,9.28,1374880,7.73
SCR,2017-12-26,9.26,9.39,9.25,9.33,1502960,7.77
SCR,2017-12-25,9.3,9.43,9.26,9.26,902860,7.71
SCR,2017-12-22,9.4,9.4,9.26,9.33,1371940,7.77
SCR,2017-12-21,9.56,9.56,9.38,9.45,1858220,7.87
SCR,2017-12-20,9.55,9.6,9.48,9.55,1228790,7.95
SCR,2017-12-19,9.7,9.7,9.49,9.55,1960050,7.95
SCR,2017-12-18,9.49,9.65,9.44,9.5,2160540,7.91
SCR,2017-12-15,9.3,9.54,9.2,9.4,1629410,7.83
SCR,2017-12-14,9.1,9.29,9.1,9.25,1326680,7.7
SCR,2017-12-13,9.39,9.39,9.1,9.13,1587840,7.6
SCR,2017-12-12,9.4,9.5,8.8,9.39,3684410,7.82
SCR,2017-12-11,9.8,9.95,9.22,9.3,3278590,7.74
SCR,2017-12-08,10.4,10.5,9.91,9.91,6470700,8.25
SCR,2017-12-07,10.1,10.4,10.1,10.3,5397020,8.57
SCR,2017-12-06,9.95,10.15,9.83,9.99,3140150,8.32
SCR,2017-12-05,9.99,10.35,9.9,9.95,4826720,8.28
SCR,2017-12-04,9.84,9.93,9.76,9.9,3169970,8.24
SCR,2017-12-01,9.76,9.87,9.75,9.78,1606440,8.14
SCR,2017-11-30,9.71,10.0,9.7,9.78,2561400,8.14
SCR,2017-11-29,9.65,9.78,9.6,9.71,3229740,8.08
SCR,2017-11-28,9.7,9.86,9.6,9.67,3354780,8.05
SCR,2017-11-27,9.76,10.0,9.76,9.8,3379850,8.16
SCR,2017-11-24,9.5,9.88,9.3,9.8,5251650,8.16
SCR,2017-11-23,9.23,9.48,9.23,9.39,4317290,7.82
SCR,2017-11-22,9.29,9.32,9.15,9.23,899790,7.68
SCR,2017-11-21,9.2,9.34,9.11,9.22,2089630,7.68
SCR,2017-11-20,9.3,9.34,9.19,9.2,1477300,7.66
SCR,2017-11-17,9.4,9.46,9.22,9.34,1421390,7.78
SCR,2017-11-16,9.31,9.55,9.31,9.39,2097320,7.82
SCR,2017-11-15,9.41,9.48,8.9,9.41,3514610,7.83
SCR,2017-11-14,8.98,9.02,8.95,8.99,1011580,7.48
SCR,2017-11-13,9.12,9.12,8.89,9.0,1333590,7.49
SCR,2017-11-10,8.98,9.1,8.94,9.07,1593240,7.55
SCR,2017-11-09,9.1,9.15,8.9,8.93,874510,7.43
SCR,2017-11-08,9.06,9.26,9.05,9.08,2496800,7.56
SCR,2017-11-07,9.15,9.15,9.06,9.06,1092510,7.54
SCR,2017-11-06,9.18,9.19,9.05,9.1,1331990,7.58
SCR,2017-11-03,9.05,9.2,8.96,9.03,2342370,7.52
SCR,2017-11-02,8.71,9.3,8.7,8.97,4766840,7.47
SCR,2017-11-01,8.6,8.89,8.58,8.78,1896740,7.31
SCR,2017-10-31,8.92,9.03,8.71,8.71,4561770,7.25
SCR,2017-10-30,9.41,9.55,9.03,9.03,2498870,7.52
SCR,2017-10-27,9.63,9.66,9.34,9.41,2390090,7.83
SCR,2017-10-26,10.05,10.05,9.5,9.63,1509710,8.02
SCR,2017-10-25,10.0,10.2,9.92,10.05,2025580,8.37
SCR,2017-10-24,10.1,10.15,9.87,9.99,1660730,8.32
SCR,2017-10-23,10.1,10.3,10.05,10.1,2280240,8.41
SCR,2017-10-20,10.5,10.5,10.3,10.35,2789660,8.62
SCR,2017-10-19,11.05,11.1,10.8,10.8,2758880,8.4
SCR,2017-10-18,11.05,11.1,10.9,10.95,1477280,8.52
SCR,2017-10-17,11.0,11.15,11.0,11.0,1603170,8.56
SCR,2017-10-16,11.25,11.3,11.0,11.0,2460020,8.56
SCR,2017-10-13,11.45,11.45,11.25,11.25,2744750,8.75
SCR,2017-10-12,11.4,11.45,11.35,11.4,2528650,8.87
SCR,2017-10-11,11.35,11.55,11.3,11.35,4664150,8.83
SCR,2017-10-10,11.15,11.4,11.1,11.3,2655190,8.79
SCR,2017-10-09,11.15,11.3,11.05,11.1,1866120,8.64
SCR,2017-10-06,11.1,11.1,10.95,11.05,1262010,8.6
SCR,2017-10-05,11.2,11.25,11.0,11.0,1661570,8.56
SCR,2017-10-04,10.9,11.1,10.85,11.1,1533410,8.64
SCR,2017-10-03,10.9,10.95,10.6,10.8,3614360,8.4
SCR,2017-10-02,11.2,11.2,10.85,10.95,1750910,8.52
SCR,2017-09-29,11.0,11.2,11.0,11.2,2013600,8.71
SCR,2017-09-28,11.25,11.4,11.05,11.05,3009320,8.6
SCR,2017-09-27,11.4,11.4,11.2,11.25,2145710,8.75
SCR,2017-09-26,11.45,11.45,11.3,11.3,1775110,8.79
SCR,2017-09-25,11.4,11.55,11.35,11.4,1995650,8.87
SCR,2017-09-22,11.4,11.6,11.4,11.4,3604290,8.87
SCR,2017-09-21,11.75,11.75,11.45,11.5,3632600,8.95
SCR,2017-09-20,11.55,11.75,11.5,11.7,3093570,9.1
SCR,2017-09-19,11.8,11.85,11.55,11.55,4688180,8.99
SCR,2017-09-18,11.8,12.0,11.65,11.8,5634790,9.18
SCR,2017-09-15,11.65,11.75,11.55,11.7,2707480,9.1
SCR,2017-09-14,11.85,11.85,11.6,11.6,2987550,9.03
SCR,2017-09-13,11.35,11.75,11.35,11.7,6563500,9.1
SCR,2017-09-12,11.3,11.4,11.15,11.25,1622590,8.75
SCR,2017-09-11,11.3,11.5,11.2,11.25,3797600,8.75
SCR,2017-09-08,11.1,11.3,11.1,11.15,3798630,8.67
SCR,2017-09-07,11.15,11.4,11.1,11.1,3296800,8.64
SCR,2017-09-06,11.4,11.45,11.15,11.2,2521130,8.71
SCR,2017-09-05,10.8,11.4,10.8,11.4,9996320,8.87
SCR,2017-09-01,10.9,10.9,10.65,10.7,2747180,8.32
SCR,2017-08-31,10.8,10.85,10.7,10.8,3757050,8.4
SCR,2017-08-30,10.9,10.95,10.75,10.75,2537580,8.36
SCR,2017-08-29,10.9,11.2,10.85,10.9,6003400,8.48
SCR,2017-08-28,10.65,11.0,10.6,10.9,5192660,8.48
SCR,2017-08-25,10.75,10.75,10.6,10.6,2755560,8.25
SCR,2017-08-24,10.65,10.85,10.5,10.75,4681180,8.36
SCR,2017-08-23,10.6,10.7,10.5,10.65,1916160,8.29
SCR,2017-08-22,10.85,10.85,10.5,10.65,2372250,8.29
SCR,2017-08-21,10.75,10.9,10.7,10.8,1378370,8.4
SCR,2017-08-18,10.8,10.9,10.7,10.75,2829810,8.36
SCR,2017-08-17,10.85,11.15,10.85,10.85,4586890,8.44
SCR,2017-08-16,10.75,10.95,10.75,10.9,1725930,8.48
SCR,2017-08-15,11.05,11.2,10.9,10.9,1756220,8.48
SCR,2017-08-14,10.8,11.2,10.8,11.2,2176440,8.71
SCR,2017-08-11,10.9,11.3,10.8,10.95,3482960,8.52
SCR,2017-08-10,10.75,11.0,10.6,11.0,7891770,8.56
SCR,2017-08-09,11.1,11.1,10.35,10.6,8869360,8.25
SCR,2017-08-08,11.5,11.6,11.1,11.1,4583300,8.64
SCR,2017-08-07,11.5,11.7,11.45,11.5,3387870,8.95
SCR,2017-08-04,11.6,11.7,11.5,11.55,3607380,8.99
SCR,2017-08-03,11.55,11.85,11.55,11.65,3633880,9.06
SCR,2017-08-02,11.65,11.75,11.4,11.6,3506560,9.03
SCR,2017-08-01,11.6,12.2,11.45,11.7,6516360,9.1
SCR,2017-07-31,11.5,11.65,11.45,11.55,2883950,8.99
SCR,2017-07-28,11.5,11.7,11.45,11.5,3766170,8.95
SCR,2017-07-27,11.75,11.9,11.4,11.5,2960890,8.95
SCR,2017-07-26,11.1,11.75,10.95,11.75,5525400,9.14
SCR,2017-07-25,10.65,11.0,10.6,11.0,2473480,8.56
SCR,2017-07-24,10.8,10.9,10.6,10.65,1837280,8.29
SCR,2017-07-21,11.2,11.3,10.95,10.95,1542650,8.52
SCR,2017-07-20,10.85,11.2,10.8,11.2,1990410,8.71
SCR,2017-07-19,11.0,11.05,10.7,10.9,2307480,8.48
SCR,2017-07-18,10.9,11.1,10.7,10.85,3515250,8.44
SCR,2017-07-17,11.6,11.6,10.85,11.0,4552230,8.56
SCR,2017-07-14,11.65,11.75,11.6,11.6,2252230,9.03
SCR,2017-07-13,11.65,11.75,11.55,11.65,2852450,9.06
SCR,2017-07-12,11.9,11.9,11.65,11.65,2565250,9.06
SCR,2017-07-11,11.75,11.85,11.4,11.7,3859860,9.1
SCR,2017-07-10,12.0,12.1,11.7,11.8,6220810,9.18
SCR,2017-07-07,12.55,12.55,12.0,12.0,5648750,9.34
SCR,2017-07-06,12.25,12.5,12.1,12.45,4476510,9.69
SCR,2017-07-05,12.0,12.3,11.85,12.1,4815040,9.41
SCR,2017-07-04,12.3,12.4,11.95,12.0,5534210,9.34
SCR,2017-07-03,12.3,12.45,12.2,12.3,3672590,9.57
SCR,2017-06-30,12.5,12.6,12.2,12.25,4324550,9.53
SCR,2017-06-29,12.45,12.7,12.3,12.35,5278370,9.61
SCR,2017-06-28,12.25,12.4,12.1,12.35,2924650,9.61
SCR,2017-06-27,12.55,12.7,12.15,12.25,6705240,9.53
SCR,2017-06-26,12.6,12.9,12.5,12.55,5152930,9.76
SCR,2017-06-23,12.55,12.8,12.3,12.55,7042850,9.76
SCR,2017-06-22,12.35,12.7,12.35,12.55,10573840,9.76
SCR,2017-06-21,11.6,12.35,11.4,12.35,9948780,9.61
SCR,2017-06-20,11.55,11.7,11.4,11.6,3488990,9.03
SCR,2017-06-19,11.75,11.85,11.4,11.4,9801710,8.87
SCR,2017-06-16,11.45,11.65,11.45,11.55,2806160,8.99
SCR,2017-06-15,11.65,11.75,11.4,11.45,4050890,8.91
SCR,2017-06-14,12.0,12.0,11.65,11.65,4673520,9.06
SCR,2017-06-13,12.1,12.1,11.7,11.8,3335580,9.18
SCR,2017-06-12,11.7,12.2,11.7,12.0,6887980,9.34
SCR,2017-06-09,11.45,11.75,11.35,11.6,5522600,9.03
SCR,2017-06-08,11.5,11.65,11.35,11.35,3443820,8.83
SCR,2017-06-07,11.6,11.85,11.45,11.5,4028330,8.95
SCR,2017-06-06,10.95,11.5,10.95,11.4,3992440,8.87
SCR,2017-06-05,11.5,11.6,11.0,11.0,4787470,8.56
SCR,2017-06-02,11.3,11.6,11.15,11.5,3419370,8.95
SCR,2017-06-01,11.0,11.5,10.85,11.1,7601440,8.64
SCR,2017-05-31,12.2,12.2,11.35,11.35,14745600,8.83
SCR,2017-05-30,12.45,12.5,12.05,12.2,6220510,9.49
SCR,2017-05-29,12.7,13.0,12.3,12.3,12297370,9.57
SCR,2017-05-26,12.3,12.6,11.95,12.25,9163060,9.53
SCR,2017-05-25,11.95,12.4,11.9,12.05,6526260,9.38
SCR,2017-05-24,12.1,12.4,11.75,11.95,4713060,9.3
SCR,2017-05-23,12.6,13.0,12.1,12.2,5621110,9.49
SCR,2017-05-22,11.9,12.5,11.8,12.5,9430870,9.73
SCR,2017-05-19,11.8,12.2,11.35,11.7,8141420,9.1
SCR,2017-05-18,13.05,13.2,12.1,12.1,8688860,9.41
SCR,2017-05-17,12.25,13.25,11.8,13.0,16130550,10.11
SCR,2017-05-16,12.0,12.6,11.8,12.6,14494490,9.8
SCR,2017-05-15,11.45,11.8,11.25,11.8,8733190,9.18
SCR,2017-05-12,10.35,11.05,10.25,11.05,14901400,8.6
SCR,2017-05-11,10.65,11.0,10.35,10.35,15176340,8.05
SCR,2017-05-10,9.85,10.5,9.85,10.5,10129350,8.17
SCR,2017-05-09,9.95,9.99,9.7,9.82,6165520,7.64
SCR,2017-05-08,9.3,9.84,9.3,9.84,13318150,7.66
SCR,2017-05-05,9.2,9.35,9.17,9.2,5818940,7.16
SCR,2017-05-04,8.7,9.19,8.7,9.09,9732270,7.07
SCR,2017-05-03,8.65,8.68,8.6,8.64,3023100,6.72
SCR,2017-04-28,8.5,8.7,8.48,8.6,3672830,6.69
SCR,2017-04-27,8.62,8.76,8.51,8.51,3944630,6.62
SCR,2017-04-26,8.4,8.62,8.35,8.62,4316790,6.71
SCR,2017-04-25,8.31,8.45,8.25,8.4,4730070,6.54
SCR,2017-04-24,8.57,8.6,8.37,8.37,7801990,6.51
SCR,2017-04-21,8.73,8.78,8.59,8.6,3500480,6.69
SCR,2017-04-20,8.73,8.89,8.69,8.73,5587910,6.79
SCR,2017-04-19,8.7,8.93,8.61,8.73,4703270,6.79
SCR,2017-04-18,8.96,8.96,8.58,8.7,6196670,6.77
SCR,2017-04-17,8.99,9.26,8.7,8.95,5534190,6.96
SCR,2017-04-14,9.0,9.05,8.67,8.99,5857720,6.99
SCR,2017-04-13,9.2,9.23,8.91,9.0,3993690,7.0
SCR,2017-04-12,8.81,9.37,8.79,9.26,10689550,7.2
SCR,2017-04-11,8.72,8.87,8.63,8.79,5349810,6.84
SCR,2017-04-10,8.5,8.83,8.36,8.55,4329090,6.65
SCR,2017-04-07,8.35,8.53,8.3,8.49,2759250,6.61
SCR,2017-04-05,8.55,8.62,8.42,8.5,2188690,6.61
SCR,2017-04-04,8.5,8.75,8.5,8.55,6895120,6.65
SCR,2017-04-03,8.04,8.54,8.04,8.47,6198090,6.59
SCR,2017-03-31,8.16,8.17,8.04,8.04,1198980,6.26
SCR,2017-03-30,8.18,8.18,8.1,8.11,1229230,6.31
SCR,2017-03-29,8.2,8.2,8.1,8.1,1334080,6.3
SCR,2017-03-28,8.19,8.23,8.1,8.2,1387380,6.38
SCR,2017-03-27,8.1,8.22,8.1,8.18,2070680,6.36
SCR,2017-03-24,8.24,8.34,8.11,8.11,1588980,6.31
SCR,2017-03-23,8.06,8.17,8.04,8.17,2141030,6.36
SCR,2017-03-22,8.21,8.21,8.02,8.05,1601970,6.26
SCR,2017-03-21,8.2,8.26,8.18,8.19,1279660,6.37
SCR,2017-03-20,8.1,8.37,8.1,8.2,2308600,6.38
SCR,2017-03-17,8.1,8.27,8.02,8.16,1685580,6.35
SCR,2017-03-16,8.11,8.11,8.02,8.02,1342800,6.24
SCR,2017-03-15,8.18,8.18,8.0,8.03,1210460,6.25
SCR,2017-03-14,8.07,8.12,8.0,8.12,1572420,6.32
SCR,2017-03-13,8.1,8.19,8.05,8.07,1205270,6.28
SCR,2017-03-10,8.1,8.3,8.1,8.1,2290540,6.3
SCR,2017-03-09,8.36,8.46,8.2,8.2,2479620,6.38
SCR,2017-03-08,8.39,8.48,8.32,8.36,2778930,6.5
SCR,2017-03-07,8.32,8.42,8.3,8.31,1708150,6.47
SCR,2017-03-06,8.4,8.43,8.31,8.32,2193700,6.47
SCR,2017-03-03,8.45,8.54,8.37,8.37,1184730,6.51
SCR,2017-03-02,8.52,8.54,8.38,8.54,2372990,6.64
SCR,2017-03-01,8.75,8.76,8.4,8.4,2880080,6.54
SCR,2017-02-28,8.52,8.83,8.52,8.75,4553050,6.81
SCR,2017-02-27,8.51,8.53,8.2,8.51,1501350,6.62
SCR,2017-02-24,8.51,8.69,8.5,8.5,2134760,6.61
SCR,2017-02-23,8.58,8.58,8.41,8.51,1613610,6.62
SCR,2017-02-22,8.58,8.6,8.5,8.56,1050800,6.66
SCR,2017-02-21,8.56,8.6,8.53,8.56,2475490,6.66
SCR,2017-02-20,8.44,8.6,8.44,8.54,2107600,6.64
SCR,2017-02-17,8.51,8.53,8.42,8.44,2722100,6.57
SCR,2017-02-16,8.6,8.61,8.53,8.53,2226980,6.64
SCR,2017-02-15,8.6,8.61,8.5,8.6,2163130,6.69
SCR,2017-02-14,8.56,8.66,8.5,8.63,1990180,6.71
SCR,2017-02-13,8.64,8.64,8.54,8.54,1047110,6.64
SCR,2017-02-10,8.65,8.65,8.58,8.63,1035260,6.71
SCR,2017-02-09,8.65,8.69,8.62,8.66,648090,6.74
SCR,2017-02-08,8.63,8.73,8.61,8.69,4533700,6.76
SCR,2017-02-07,8.34,8.67,8.34,8.67,5457150,6.75
SCR,2017-02-06,8.39,8.39,8.32,8.38,561170,6.52
SCR,2017-02-03,8.39,8.41,8.28,8.4,1193970,6.54
SCR,2017-02-02,8.3,8.39,8.25,8.38,1481680,6.52
SCR,2017-01-25,8.2,8.24,8.18,8.24,1264100,6.41
SCR,2017-01-24,8.15,8.25,8.15,8.2,1228850,6.38
SCR,2017-01-23,8.2,8.21,8.13,8.17,403700,6.36
SCR,2017-01-20,8.0,8.35,8.0,8.2,2140120,6.38
SCR,2017-01-19,8.11,8.21,8.0,8.12,1139260,6.32
SCR,2017-01-18,8.3,8.3,8.15,8.21,762420,6.39
SCR,2017-01-17,8.2,8.38,8.2,8.22,992120,6.4
SCR,2017-01-16,8.58,8.58,8.0,8.2,2064930,6.38
SCR,2017-01-13,8.62,8.62,8.55,8.59,2064140,6.68
SCR,2017-01-12,8.6,8.65,8.53,8.63,2481870,6.71
SCR,2017-01-11,8.6,8.63,8.54,8.54,1110410,6.64
SCR,2017-01-10,8.59,8.61,8.46,8.61,1444590,6.7
SCR,2017-01-09,8.68,8.68,8.57,8.6,374770,6.69
SCR,2017-01-06,8.66,8.68,8.6,8.68,2969950,6.75
SCR,2017-01-05,8.5,8.7,8.41,8.6,5698510,6.69
SCR,2017-01-04,8.54,8.58,8.44,8.5,1216710,6.61
SCR,2017-01-03,8.59,8.64,8.5,8.55,966000,6.65
SCR,2016-12-30,8.6,8.61,8.5,8.6,2244640,6.69
SCR,2016-12-29,8.67,8.75,8.6,8.62,2801270,6.71
SCR,2016-12-28,8.38,8.62,8.25,8.6,5976750,6.69
SCR,2016-12-27,8.0,8.39,8.0,8.38,4180340,6.52
SCR,2016-12-26,7.7,8.0,7.67,8.0,1108110,6.22
SCR,2016-12-23,7.9,7.9,7.7,7.7,1402020,5.99
SCR,2016-12-22,7.9,8.0,7.78,7.9,1071040,6.15
SCR,2016-12-21,8.12,8.12,7.93,7.96,1058010,6.19
SCR,2016-12-20,8.03,8.47,8.03,8.12,1162150,6.32
SCR,2016-12-19,7.7,8.09,7.7,8.03,1304430,6.25
SCR,2016-12-16,7.6,7.71,7.33,7.69,2641600,5.98
SCR,2016-12-15,7.72,7.75,7.7,7.7,1196540,5.71
SCR,2016-12-14,7.71,7.79,7.7,7.75,743800,5.74
SCR,2016-12-13,7.8,7.8,7.7,7.7,1322940,5.71
SCR,2016-12-12,8.0,8.0,7.8,7.89,1019010,5.85
SCR,2016-12-09,7.9,8.06,7.89,8.05,1674020,5.96
SCR,2016-12-08,7.7,7.9,7.7,7.89,1216260,5.85
SCR,2016-12-07,8.0,8.0,7.7,7.7,1270900,5.71
SCR,2016-12-06,8.28,8.28,8.0,8.0,4007250,5.93
SCR,2016-12-05,8.52,8.52,8.3,8.3,1206120,6.15
SCR,2016-12-02,8.6,8.61,8.51,8.51,576960,6.31
SCR,2016-12-01,8.5,8.76,8.5,8.65,2241550,6.41
SCR,2016-11-30,8.47,8.58,8.35,8.51,1542650,6.31
SCR,2016-11-29,8.6,8.7,8.46,8.49,2084540,6.29
SCR,2016-11-28,8.96,8.96,8.6,8.6,1409940,6.37
SCR,2016-11-25,9.0,9.02,8.86,8.86,1079840,6.57
SCR,2016-11-24,9.1,9.1,9.0,9.0,1238360,6.67
SCR,2016-11-23,9.05,9.13,9.02,9.08,1582290,6.73
SCR,2016-11-22,9.1,9.15,9.0,9.05,1288160,6.71
SCR,2016-11-21,9.34,9.34,8.99,9.0,2057530,6.67
SCR,2016-11-18,9.3,9.42,9.2,9.25,3740040,6.85
SCR,2016-11-10,9.1,9.1,9.0,9.1,2205816,6.74
SCR,2016-11-09,9.1,9.1,8.5,9.1,1917375,6.74
SCR,2016-11-08,9.3,9.3,9.0,9.1,1525846,6.74
SCR,2016-11-07,8.9,9.2,8.8,9.2,2989086,6.82
SCR,2016-11-04,8.9,8.9,8.7,8.8,1152232,6.52
SCR,2016-11-03,9.1,9.1,8.6,8.9,3867419,6.59
SCR,2016-11-02,9.4,9.4,9.1,9.1,2159854,6.74
SCR,2016-11-01,9.5,9.5,9.3,9.3,1051365,6.89
SCR,2016-10-31,9.4,9.6,9.3,9.4,1077030,6.97
SCR,2016-10-28,9.5,9.6,9.4,9.4,877210,6.97
SCR,2016-10-27,9.4,9.7,9.4,9.5,2353401,7.04
SCR,2016-10-26,9.5,9.5,9.3,9.4,1319066,6.97
SCR,2016-10-25,9.5,9.5,9.4,9.5,1295356,7.04
SCR,2016-10-24,9.7,9.7,9.5,9.5,1210062,7.04
SCR,2016-10-21,9.7,9.8,9.5,9.6,1617450,7.11
SCR,2016-10-20,9.8,9.8,9.7,9.7,2107243,7.19
SCR,2016-10-19,9.8,9.8,9.7,9.7,2331844,7.19
SCR,2016-10-18,9.8,9.9,9.7,9.8,2696110,7.26
SCR,2016-10-17,9.8,9.9,9.7,9.8,3883227,7.26
SCR,2016-10-14,9.7,9.9,9.7,9.8,4112320,7.26
SCR,2016-10-13,9.7,9.9,9.6,9.8,2308286,7.26
SCR,2016-10-12,9.8,9.9,9.7,9.7,2009160,7.19
SCR,2016-10-11,9.9,9.9,9.7,9.8,1428676,7.26
SCR,2016-10-10,10.0,10.1,9.9,9.9,2280058,7.34
SCR,2016-10-07,9.9,10.2,9.9,10.0,7675352,7.41
SCR,2016-10-06,9.8,9.9,9.8,9.8,3090578,7.26
SCR,2016-10-05,9.6,9.8,9.6,9.8,2720709,7.26
SCR,2016-10-04,9.7,9.8,9.6,9.6,2869094,7.11
SCR,2016-10-03,9.7,9.9,9.7,9.7,1324900,7.19
SCR,2016-09-30,9.8,9.8,9.7,9.7,929030,7.19
SCR,2016-09-29,9.9,9.9,9.8,9.8,1713936,7.26
SCR,2016-09-28,9.9,10.0,9.8,9.8,1665201,7.26
SCR,2016-09-27,9.8,10.0,9.8,9.9,2830047,7.34
SCR,2016-09-26,9.8,9.9,9.7,9.8,1927598,7.26
SCR,2016-09-23,10.0,10.0,9.8,9.8,1397760,7.26
SCR,2016-09-22,9.8,10.1,9.8,9.9,2722418,7.34
SCR,2016-09-21,9.9,9.9,9.7,9.8,2777530,7.26
SCR,2016-09-20,9.8,9.9,9.7,9.9,1914150,7.34
SCR,2016-09-19,9.8,9.9,9.7,9.8,1636881,7.26
SCR,2016-09-16,9.9,9.9,9.7,9.7,2401110,7.19
SCR,2016-09-15,9.9,10.0,9.7,9.9,1353305,7.34
SCR,2016-09-14,10.0,10.1,9.0,9.9,1067508,7.34
SCR,2016-09-13,9.9,10.1,9.9,10.0,4132404,7.41
SCR,2016-09-12,10.0,10.1,9.8,9.9,1223800,7.34
SCR,2016-09-09,9.9,10.1,9.9,10.0,1734775,7.41
SCR,2016-09-08,10.1,10.1,9.9,9.9,4116570,7.34
SCR,2016-09-07,9.9,10.2,9.8,10.1,1789390,7.48
SCR,2016-09-06,10.0,10.0,9.9,9.9,1273407,7.34
SCR,2016-09-05,10.1,10.2,10.0,10.0,1387170,7.41
SCR,2016-09-01,10.3,10.4,10.0,10.0,4861115,7.41
SCR,2016-08-31,10.3,10.4,10.1,10.3,4873159,7.63
SCR,2016-08-30,10.5,10.5,10.0,10.2,4126804,7.56
SCR,2016-08-29,10.1,10.4,10.1,10.1,8743370,7.48
SCR,2016-08-26,9.9,10.2,9.9,10.1,4026831,7.48
SCR,2016-08-25,9.9,10.1,9.8,9.9,3977802,7.34
SCR,2016-08-24,9.6,10.0,9.5,9.8,4829959,7.26
SCR,2016-08-23,9.5,9.6,9.5,9.6,787674,7.11
SCR,2016-08-22,9.4,9.7,9.3,9.4,1994151,6.97
SCR,2016-08-19,9.6,9.6,9.4,9.4,461426,6.97
SCR,2016-08-18,9.5,9.6,9.3,9.5,2293541,7.04
SCR,2016-08-17,9.6,9.6,9.4,9.5,3792606,7.04
SCR,2016-08-16,9.8,9.9,9.6,9.6,2208243,7.11
SCR,2016-08-15,9.6,9.8,9.5,9.8,1039369,7.26
SCR,2016-08-12,9.7,9.8,9.5,9.6,1788465,7.11
SCR,2016-08-11,9.4,9.8,9.3,9.7,3537096,7.19
SCR,2016-08-10,9.3,9.5,9.2,9.4,1414650,6.97
SCR,2016-08-09,9.3,9.4,9.2,9.3,1036210,6.89
SCR,2016-08-08,9.1,9.3,9.1,9.2,1815599,6.82
SCR,2016-08-05,9.3,9.4,9.0,9.2,3625842,6.82
SCR,2016-08-04,9.6,9.7,9.3,9.3,2358428,6.89
SCR,2016-08-03,9.8,9.8,9.5,9.5,2776733,7.04
SCR,2016-08-02,10.1,10.1,9.5,9.9,4755726,7.34
SCR,2016-08-01,9.9,10.0,9.8,9.9,2220432,7.34
SCR,2016-07-29,9.9,10.0,9.8,9.9,1575372,7.34
SCR,2016-07-28,10.0,10.1,9.8,9.9,2341516,7.34
SCR,2016-07-27,10.0,10.2,10.0,10.0,1763004,7.41
SCR,2016-07-26,10.0,10.1,9.9,10.0,2196135,7.41
SCR,2016-07-25,10.0,10.3,10.0,10.0,2882093,7.41
SCR,2016-07-22,10.1,10.1,9.7,10.0,6109350,7.41
SCR,2016-07-21,10.3,10.4,10.0,10.1,4364103,7.48
SCR,2016-07-20,10.5,10.6,10.2,10.2,3448509,7.56
SCR,2016-07-19,10.8,10.8,10.3,10.6,4602909,7.85
SCR,2016-07-18,10.5,10.8,10.5,10.7,3973193,7.93
SCR,2016-07-15,10.4,10.7,10.4,10.5,4254434,7.78
SCR,2016-07-14,11.0,11.0,10.5,10.5,9569996,7.78
SCR,2016-07-13,10.9,11.2,10.8,11.0,11209283,8.15
SCR,2016-07-12,10.4,10.9,10.3,10.9,8252493,8.08
SCR,2016-07-11,11.1,11.4,10.3,10.4,20815395,7.71
SCR,2016-07-08,11.1,11.2,10.8,11.0,9484346,8.15
SCR,2016-07-07,10.8,11.3,10.5,11.0,12875455,8.15
SCR,2016-07-06,10.0,11.0,9.9,10.7,10953149,7.93
SCR,2016-07-05,9.9,10.1,9.8,10.0,5930137,7.41
SCR,2016-07-04,9.8,9.9,9.7,9.9,3030639,7.34
SCR,2016-07-01,9.8,9.8,9.7,9.7,1876947,7.19
SCR,2016-06-30,9.8,10.0,9.7,9.7,3450006,7.19
SCR,2016-06-29,9.8,9.9,9.7,9.7,2068750,7.19
SCR,2016-06-28,9.9,9.9,9.7,9.8,1902135,7.26
SCR,2016-06-27,9.8,9.9,9.4,9.9,8385659,7.34
SCR,2016-06-24,10.2,10.3,9.1,9.8,10325597,7.26
SCR,2016-06-23,10.2,10.2,9.8,10.1,9334925,7.48
SCR,2016-06-22,9.7,10.2,9.7,10.0,10821088,7.41
SCR,2016-06-21,9.7,9.8,9.7,9.7,4276221,7.19
SCR,2016-06-20,9.6,9.8,9.6,9.7,3937807,7.19
SCR,2016-06-17,9.8,9.8,9.6,9.7,2263688,7.19
SCR,2016-06-16,9.7,9.9,9.7,9.8,2905351,7.26
SCR,2016-06-15,9.7,9.8,9.6,9.7,3841898,7.19
SCR,2016-06-14,9.7,9.8,9.6,9.7,2713397,7.19
SCR,2016-06-13,9.8,9.8,9.6,9.7,3672264,7.19
SCR,2016-06-10,9.9,10.0,9.8,9.8,4987615,7.26
SCR,2016-06-09,10.0,10.0,9.8,9.9,4180155,7.34
SCR,2016-06-08,9.8,10.0,9.8,9.9,8362436,7.34
SCR,2016-06-07,9.5,10.0,9.5,9.8,9676472,7.26
SCR,2016-06-06,9.3,9.6,9.3,9.5,2636529,7.04
SCR,2016-06-03,9.6,9.8,9.4,9.5,5122082,7.04
SCR,2016-06-02,9.6,9.7,9.5,9.6,1701828,7.11
SCR,2016-06-01,9.6,9.6,9.4,9.6,4436324,7.11
SCR,2016-05-31,9.3,9.6,9.3,9.4,8218693,6.97
SCR,2016-05-30,9.1,9.4,9.1,9.3,3914098,6.89
SCR,2016-05-27,8.9,9.1,8.9,9.0,2496019,6.67
SCR,2016-05-26,9.0,9.0,8.9,8.9,1375457,6.59
SCR,2016-05-25,9.0,9.0,8.9,9.0,1244789,6.67
SCR,2016-05-24,9.0,9.1,8.9,8.9,1081656,6.59
SCR,2016-05-23,9.1,9.1,9.0,9.0,1040983,6.67
SCR,2016-05-20,8.9,9.1,8.9,9.1,1987873,6.74
SCR,2016-05-19,9.1,9.2,9.0,9.0,1282979,6.67
SCR,2016-05-18,9.2,9.3,9.0,9.1,3837820,6.74
SCR,2016-05-17,8.9,9.3,8.8,9.2,7636747,6.82
SCR,2016-05-16,8.9,8.9,8.8,8.8,1474300,6.52
SCR,2016-05-13,8.8,9.0,8.7,8.9,1281489,6.59
SCR,2016-05-12,8.9,9.0,8.8,8.8,1029484,6.52
SCR,2016-05-11,8.7,9.1,8.7,8.9,3411960,6.59
SCR,2016-05-10,8.9,9.0,8.7,8.7,3241627,6.45
SCR,2016-05-09,9.2,9.2,8.9,8.9,955756,6.59
SCR,2016-05-06,9.0,9.1,9.0,9.1,1070686,6.74
SCR,2016-05-05,9.0,9.2,9.0,9.0,1835507,6.67
SCR,2016-05-04,9.2,9.2,9.0,9.1,1745256,6.74
SCR,2016-04-29,9.2,9.3,9.1,9.2,699490,6.82
SCR,2016-04-28,9.2,9.4,9.1,9.1,3245000,6.74
SCR,2016-04-27,9.4,9.4,9.1,9.1,1256858,6.74
SCR,2016-04-26,9.3,9.4,9.2,9.4,1128790,6.97
SCR,2016-04-25,9.5,9.5,9.2,9.3,3024322,6.89
SCR,2016-04-22,9.3,9.4,9.2,9.4,3320200,6.97
SCR,2016-04-21,9.1,9.3,9.1,9.3,1269888,6.89
SCR,2016-04-20,9.0,9.2,8.9,9.1,1454237,6.74
SCR,2016-04-19,8.9,9.1,8.9,9.0,2598899,6.67
SCR,2016-04-15,9.1,9.1,8.9,8.9,2752270,6.59
SCR,2016-04-14,9.1,9.1,9.0,9.0,1430909,6.67
SCR,2016-04-13,9.2,9.2,9.1,9.1,1461050,6.74
SCR,2016-04-12,9.3,9.4,9.1,9.2,3282197,6.82
SCR,2016-04-11,9.2,9.3,9.1,9.2,2490082,6.82
SCR,2016-04-08,9.1,9.3,9.1,9.2,2265100,6.82
SCR,2016-04-07,9.2,9.4,9.1,9.1,2648848,6.74
SCR,2016-04-06,9.2,9.2,9.1,9.2,2491348,6.82
SCR,2016-04-05,8.7,9.2,8.7,9.1,3615951,6.74
SCR,2016-04-04,8.9,9.0,8.9,9.0,2591636,6.67
SCR,2016-04-01,8.7,9.0,8.6,8.9,2278335,6.59
SCR,2016-03-31,9.1,9.1,8.7,8.7,2124929,6.45
SCR,2016-03-30,8.7,9.1,8.6,9.0,2506116,6.67
SCR,2016-03-29,9.0,9.1,8.7,8.7,3558284,6.45
SCR,2016-03-28,9.0,9.1,8.9,9.0,3237864,6.67
SCR,2016-03-25,9.1,9.2,9.0,9.0,3320276,6.67
SCR,2016-03-24,9.3,9.4,9.2,9.2,2008557,6.82
SCR,2016-03-23,9.2,9.4,9.2,9.3,1887959,6.89
SCR,2016-03-22,9.2,9.3,9.0,9.2,4740375,6.82
SCR,2016-03-21,9.4,9.5,9.2,9.2,3396082,6.82
SCR,2016-03-18,9.6,9.6,9.4,9.4,2052010,6.97
SCR,2016-03-17,9.4,9.6,9.4,9.5,5124762,7.04
SCR,2016-03-16,9.6,9.6,9.4,9.4,4644465,6.97
SCR,2016-03-15,9.7,9.8,9.5,9.6,4298143,7.11
SCR,2016-03-14,9.6,9.8,9.6,9.7,4122515,7.19
SCR,2016-03-11,9.7,9.7,9.6,9.6,4244022,7.11
SCR,2016-03-10,9.6,9.7,9.6,9.7,2539418,7.19
SCR,2016-03-09,9.6,9.7,9.6,9.6,3850310,7.11
SCR,2016-03-08,9.7,9.8,9.6,9.6,3537327,7.11
SCR,2016-03-07,9.9,10.0,9.7,9.7,7244973,7.19
SCR,2016-03-04,9.8,10.0,9.8,9.9,3092473,7.34
SCR,2016-03-03,9.8,10.0,9.7,9.8,6541900,7.26
SCR,2016-03-02,9.7,9.9,9.6,9.8,6177079,7.26
SCR,2016-03-01,9.6,9.7,9.6,9.6,2313148,7.11
SCR,2016-02-29,9.6,9.7,9.5,9.6,6518249,7.11
SCR,2016-02-26,9.7,9.8,9.6,9.6,3931586,7.11
SCR,2016-02-25,9.7,10.1,9.6,9.6,15146631,7.11
SCR,2016-02-24,9.5,9.9,9.4,9.7,10471809,7.19
SCR,2016-02-23,9.6,9.7,9.4,9.5,4989660,7.04
SCR,2016-02-22,9.5,9.8,9.5,9.6,5847405,7.11
SCR,2016-02-19,9.5,9.7,9.5,9.5,4992210,7.04
SCR,2016-02-18,9.7,9.8,9.6,9.6,4442983,7.11
SCR,2016-02-17,9.6,9.9,9.5,9.7,6940602,7.19
SCR,2016-02-16,9.2,9.7,9.2,9.6,4810750,7.11
SCR,2016-02-15,9.2,9.4,9.1,9.2,3154141,6.82
SCR,2016-02-05,9.2,9.3,9.1,9.3,1784254,6.89
SCR,2016-02-04,8.3,9.3,8.3,9.2,1863310,6.82
SCR,2016-02-03,9.1,9.3,8.9,9.2,5032345,6.82
SCR,2016-02-02,9.5,9.5,9.1,9.1,6674672,6.74
SCR,2016-02-01,10.2,10.2,9.3,9.4,5967612,6.97
SCR,2016-01-29,9.3,9.4,9.2,9.3,5174349,6.89
SCR,2016-01-28,8.8,9.6,8.7,9.3,12265984,6.89
SCR,2016-01-27,8.6,8.8,8.6,8.8,5241067,6.52
SCR,2016-01-26,8.6,8.7,8.4,8.5,4845000,6.3
SCR,2016-01-25,8.5,8.8,8.4,8.6,5104699,6.37
SCR,2016-01-22,8.4,8.5,8.3,8.4,3533156,6.22
SCR,2016-01-21,8.4,8.5,8.2,8.3,2165592,6.15
SCR,2016-01-20,8.4,8.6,8.3,8.4,2557028,6.22
SCR,2016-01-19,8.2,8.5,8.2,8.5,2024063,6.3
SCR,2016-01-18,8.3,8.4,8.1,8.2,4065877,6.08
SCR,2016-01-15,8.5,8.6,8.4,8.5,5640858,6.3
SCR,2016-01-14,8.3,8.7,8.2,8.5,6277876,6.3
SCR,2016-01-13,8.6,8.6,8.3,8.4,1320962,6.22
SCR,2016-01-12,8.3,8.5,8.2,8.5,2355458,6.3
SCR,2016-01-11,8.3,8.4,8.2,8.2,1519954,6.08
SCR,2016-01-08,8.3,8.4,8.2,8.3,1895392,6.15
SCR,2016-01-07,8.7,8.7,8.4,8.4,4170046,6.22
SCR,2016-01-06,8.6,8.8,8.6,8.7,2150782,6.45
SCR,2016-01-05,8.6,8.7,8.6,8.6,2481608,6.37
SCR,2016-01-04,8.7,8.8,8.6,8.7,2823187,6.45
