name,date,open,high,low,close,volume,adj_close
PVT,2/10/20,13.7,14.1,13.55,14.1,5052360,14.1
PVT,1/10/20,13.5,13.7,13.45,13.6,1945270,13.6
PVT,9/30/20,13.4,13.5,13.2,13.45,1660170,13.45
PVT,9/29/20,13.75,13.8,13.35,13.5,3717450,13.5
PVT,9/28/20,13.45,13.7,13.4,13.65,2970740,13.65
PVT,9/25/20,13.15,13.25,13,13.15,1971860,13.15
PVT,9/24/20,12.75,13.15,12.7,13.15,3321520,13.15
PVT,9/23/20,12.45,12.9,12.45,12.75,2866610,12.75
PVT,9/22/20,12.35,12.5,12.25,12.4,1957450,12.4
PVT,9/21/20,12.55,12.55,12.4,12.4,2245290,12.4
PVT,9/18/20,12.4,12.45,12.3,12.45,1358210,12.45
PVT,9/17/20,12.55,12.6,12.25,12.4,2387830,12.4
PVT,9/16/20,12.1,12.6,12.1,12.55,3452290,12.55
PVT,9/15/20,11.7,12.25,11.6,12.1,3748960,12.1
PVT,9/14/20,11.6,11.7,11.55,11.6,2051000,11.6
PVT,11/9/20,11.55,11.65,11.5,11.6,653530,11.6
PVT,10/9/20,11.65,11.65,11.55,11.6,696140,11.6
PVT,9/9/20,11.4,11.55,11.4,11.5,1440290,11.5
PVT,8/9/20,11.4,11.65,11.35,11.65,1054000,11.65
PVT,7/9/20,11.7,11.75,11.4,11.4,2994900,11.4
PVT,3/9/20,12,12.1,11.75,11.85,2647810,11.85
PVT,1/9/20,11.7,12,11.65,11.9,2974670,11.9
PVT,8/31/20,11.5,11.65,11.4,11.6,2820560,11.6
PVT,8/28/20,11.4,11.5,11.3,11.35,2365230,11.35
PVT,8/27/20,11.2,11.3,11.1,11.2,1019160,11.2
PVT,8/26/20,10.9,11.4,10.9,11.2,3453880,11.2
PVT,8/25/20,11.05,11.15,10.9,10.9,1547620,10.9
PVT,8/24/20,11,11.1,10.9,11,2342890,11
PVT,8/21/20,10.9,11.05,10.8,10.9,1543100,10.9
PVT,8/20/20,11,11,10.8,10.85,784810,10.85
PVT,8/19/20,11,11.15,10.8,11,914130,11
PVT,8/18/20,10.8,11.2,10.8,11,1910670,11
PVT,8/17/20,10.8,10.8,10.5,10.8,1316830,10.8
PVT,8/14/20,10.85,10.95,10.55,10.6,1821270,10.6
PVT,8/13/20,10.95,11,10.75,10.85,1760010,10.85
PVT,12/8/20,10.35,10.85,10.3,10.85,3644530,10.85
PVT,11/8/20,10.3,10.35,10.15,10.3,1058210,10.3
PVT,10/8/20,10.1,10.3,10.1,10.2,855560,10.2
PVT,7/8/20,10.15,10.25,10,10.15,1007950,10.15
PVT,6/8/20,10.15,10.45,10,10.2,1052320,10.2
PVT,5/8/20,9.9,10.3,9.7,10.2,1531270,10.2
PVT,4/8/20,9.7,9.9,9.65,9.9,1087920,9.9
PVT,3/8/20,9.5,9.6,9.4,9.6,713830,9.6
PVT,7/31/20,9.2,9.39,9.2,9.35,362680,9.35
PVT,7/30/20,9.4,9.63,9.3,9.4,754740,9.4
PVT,7/29/20,9.44,9.44,8.99,9.4,1071290,9.4
PVT,7/28/20,9,9.55,8.97,9.55,1128280,9.55
PVT,7/27/20,9.05,9.35,8.93,8.93,2573800,8.93
PVT,7/24/20,10.25,10.3,9.6,9.6,2381060,9.6
PVT,7/23/20,10.35,10.35,10.25,10.3,754320,10.3
PVT,7/22/20,10.5,10.5,10.3,10.3,701560,10.3
PVT,7/21/20,10.4,10.45,10.35,10.4,1071250,10.4
PVT,7/20/20,10.4,10.55,10.4,10.4,703320,10.4
PVT,7/17/20,10.6,10.6,10.5,10.55,448870,10.55
PVT,7/16/20,10.55,10.65,10.45,10.6,1685890,10.6
PVT,7/15/20,10.55,10.6,10.45,10.45,744020,10.45
PVT,7/14/20,10.4,10.55,10.35,10.5,1012660,10.5
PVT,7/13/20,10.55,10.6,10.4,10.4,941440,10.4
PVT,10/7/20,10.45,10.6,10.35,10.45,1118690,10.45
PVT,9/7/20,10.4,10.65,10.4,10.45,1782800,10.45
PVT,8/7/20,10.35,10.45,10.3,10.4,1019390,10.4
PVT,7/7/20,10.55,10.6,10.4,10.45,1242910,10.45
PVT,6/7/20,10.5,10.5,10.35,10.5,619700,10.5
PVT,3/7/20,10.55,10.6,10.25,10.35,1765780,10.35
PVT,2/7/20,10.6,10.6,10.35,10.5,864080,10.5
PVT,1/7/20,10.6,10.6,10.35,10.6,580760,10.6
PVT,6/30/20,10.6,10.7,10.15,10.6,1034720,10.6
PVT,6/29/20,10.7,10.7,10.2,10.6,1103150,10.6
PVT,6/26/20,10.95,10.95,10.7,10.75,808040,10.75
PVT,6/25/20,10.7,10.9,10.65,10.85,1415960,10.85
PVT,6/24/20,10.95,11.15,10.85,10.9,620710,10.9
PVT,6/23/20,11.05,11.3,10.85,10.95,893230,10.95
PVT,6/22/20,10.8,11.15,10.8,11.15,842550,11.15
PVT,6/19/20,10.75,10.8,10.65,10.75,647630,10.75
PVT,6/18/20,10.5,10.75,10.5,10.65,405450,10.65
PVT,6/17/20,10.7,10.75,10.55,10.75,618440,10.75
PVT,6/16/20,10.8,10.8,10.4,10.7,795470,10.7
PVT,6/15/20,11,11,10.25,10.35,1285080,10.35
PVT,12/6/20,10.2,10.8,10.2,10.75,1962440,10.75
PVT,11/6/20,11.7,11.8,10.9,10.9,2413830,10.9
PVT,10/6/20,11.5,11.85,11.4,11.7,1655730,11.7
PVT,9/6/20,11.75,11.75,11.6,11.65,1635860,11.65
PVT,8/6/20,11.65,11.9,11.65,11.75,2451190,11.75
PVT,5/6/20,11.4,11.75,11.4,11.55,1410100,11.55
PVT,4/6/20,11.9,12,11.45,11.45,2218980,11.45
PVT,3/6/20,11.3,11.7,11.2,11.7,2860990,11.7
PVT,2/6/20,11,11.55,10.85,11.2,2469950,11.2
PVT,1/6/20,10.9,11,10.85,10.95,1139030,10.95
PVT,5/29/20,10.9,10.95,10.75,10.85,1472560,10.85
PVT,5/28/20,11,11.1,10.9,10.95,1088140,10.95
PVT,5/27/20,11.2,11.45,11,11,2807430,11
PVT,5/26/20,10.8,11.15,10.65,11.15,2624410,11.15
PVT,5/25/20,10.6,10.7,10.5,10.6,885940,10.6
PVT,5/22/20,10.7,10.8,10.5,10.5,2211380,10.5
PVT,5/21/20,10.85,10.9,10.7,10.7,1592420,10.7
PVT,5/20/20,10.8,10.9,10.7,10.75,1348880,10.75
PVT,5/19/20,11.1,11.15,10.85,10.9,2303360,10.9
PVT,5/18/20,11,11,10.7,10.85,1479810,10.85
PVT,5/15/20,11.05,11.25,10.7,10.75,2103700,10.75
PVT,5/14/20,10.85,11.2,10.8,10.9,2217400,10.9
PVT,5/13/20,10.7,11.05,10.5,11,2315730,11
PVT,12/5/20,10.5,10.7,10.3,10.65,1935580,10.65
PVT,11/5/20,10.5,10.6,10.15,10.5,2568490,10.5
PVT,8/5/20,10.2,10.4,10.1,10.15,2020850,10.15
PVT,7/5/20,9.92,10.5,9.92,10.1,1499770,10.1
PVT,6/5/20,9.8,9.97,9.8,9.97,1730360,9.97
PVT,5/5/20,9.7,9.8,9.59,9.72,982870,9.72
PVT,4/5/20,9.9,9.95,9.64,9.65,1580610,9.65
PVT,4/29/20,9.83,9.83,9.66,9.83,1606990,9.83
PVT,4/28/20,9.9,9.99,9.63,9.66,1693170,9.66
PVT,4/27/20,10.4,10.4,9.96,10,1965780,10
PVT,4/24/20,10.2,10.45,9.89,10.25,1684320,10.25
PVT,4/23/20,10.5,10.7,9.98,10.1,2428720,10.1
PVT,4/22/20,9.54,10.35,9.54,10.25,2594610,10.25
PVT,4/21/20,10.3,10.95,10.25,10.25,5306990,10.25
PVT,4/20/20,11,11,10.5,11,5240520,11
PVT,4/17/20,10.3,10.3,10.1,10.3,2854200,10.3
PVT,4/16/20,8.9,9.65,8.83,9.65,4075440,9.65
PVT,4/15/20,9.05,9.09,8.74,9.02,2338090,9.02
PVT,4/14/20,9.2,9.21,8.75,9.09,2095910,9.09
PVT,4/13/20,9.3,9.45,9.18,9.18,1756360,9.18
PVT,10/4/20,9,9.3,9,9.18,1111920,9.18
PVT,9/4/20,9.05,9.2,8.8,9,3937020,9
PVT,8/4/20,8.6,9.1,8.6,9.01,1056660,9.01
PVT,7/4/20,9.4,9.4,8.7,9.1,1099570,9.1
PVT,6/4/20,8.95,9.21,8.8,9.21,1736950,9.21
PVT,3/4/20,8.4,8.61,8.35,8.61,1583200,8.61
PVT,1/4/20,7.85,8.35,7.8,8.09,566900,8.09
PVT,3/31/20,7.8,7.9,7.4,7.85,723340,7.85
PVT,3/30/20,7.7,7.7,7.45,7.67,927560,7.67
PVT,3/27/20,8.01,8.2,7.95,8.01,1489090,8.01
PVT,3/26/20,8.13,8.49,7.92,8.01,925460,8.01
PVT,3/25/20,7.7,8.13,7.7,8.13,1405940,8.13
PVT,3/24/20,7.47,7.65,7.32,7.6,1719170,7.6
PVT,3/23/20,8.2,8.23,7.86,7.86,855890,7.86
PVT,3/20/20,8.7,8.74,8.2,8.45,1370200,8.45
PVT,3/19/20,8.7,8.8,8.48,8.5,1359280,8.5
PVT,3/18/20,8.85,9.08,8.85,8.88,893740,8.88
PVT,3/17/20,8.89,8.89,8.46,8.89,1683950,8.89
PVT,3/16/20,9,9.1,8.66,9.09,838330,9.09
PVT,3/13/20,9.21,9.63,9.05,9.2,1494760,9.2
PVT,12/3/20,9.8,9.99,9.72,9.72,3607650,9.72
PVT,11/3/20,11.25,11.25,10.25,10.45,1624800,10.45
PVT,10/3/20,10.85,11.3,10.8,11,955600,11
PVT,9/3/20,11.6,11.9,11.55,11.55,795780,11.55
PVT,6/3/20,12.35,12.5,12.15,12.4,880560,12.4
PVT,5/3/20,12,12.55,12,12.55,845310,12.55
PVT,4/3/20,12.15,12.15,11.9,12,689760,12
PVT,3/3/20,12.45,12.45,12.1,12.15,908470,12.15
PVT,2/3/20,12.3,12.4,12.15,12.25,381570,12.25
PVT,2/28/20,12.15,12.4,12,12.4,1094340,12.4
PVT,2/27/20,12.25,12.4,12.1,12.4,457370,12.4
PVT,2/26/20,12.3,12.35,12.05,12.3,828090,12.3
PVT,2/25/20,12.55,12.65,12.15,12.5,1326560,12.5
PVT,2/24/20,12.95,12.95,12.55,12.8,632910,12.8
PVT,2/21/20,13.6,13.6,13.2,13.2,614960,13.2
PVT,2/20/20,13.7,13.7,13.4,13.65,458970,13.65
PVT,2/19/20,13.7,13.7,13.4,13.5,477010,13.5
PVT,2/18/20,13.65,13.7,13.6,13.6,158290,13.6
PVT,2/17/20,13.55,13.7,13.55,13.65,287320,13.65
PVT,2/14/20,13.55,13.65,13.5,13.5,199030,13.5
PVT,2/13/20,13.55,13.75,13.55,13.55,307530,13.55
PVT,12/2/20,13.35,13.55,13.35,13.55,456280,13.55
PVT,11/2/20,13.4,13.55,13.3,13.4,305320,13.4
PVT,10/2/20,13.45,13.5,13,13.4,483230,13.4
PVT,7/2/20,13.6,13.85,13.55,13.65,553200,13.65
PVT,6/2/20,13.2,13.65,13,13.6,859160,13.6
PVT,5/2/20,12.7,13.25,12.5,13.2,967080,13.2
PVT,4/2/20,13.3,13.4,12.4,12.7,1247750,12.7
PVT,3/2/20,13.15,13.2,12.85,13.15,1049760,13.15
PVT,1/31/20,14.3,14.3,13.65,13.8,354050,13.8
PVT,1/30/20,14.7,14.7,14,14.3,665250,14.3
PVT,1/22/20,14.95,14.95,14.7,14.8,513050,14.8
PVT,1/21/20,15,15,14.6,14.9,551390,14.9
PVT,1/20/20,15.35,15.35,14.85,15,428900,15
PVT,1/17/20,15.5,15.5,15.25,15.3,202040,15.3
PVT,1/16/20,15.5,15.65,15.4,15.5,117800,15.5
PVT,1/15/20,15.55,15.55,15.4,15.55,166820,15.55
PVT,1/14/20,15.55,15.55,15.35,15.5,98780,15.5
PVT,1/13/20,15.4,15.55,15.35,15.5,205610,15.5
PVT,10/1/20,15.9,15.9,15.35,15.65,703630,15.65
PVT,9/1/20,16.1,16.1,15.6,15.9,293180,15.9
PVT,8/1/20,16.4,16.45,15.85,16.05,425930,16.05
PVT,7/1/20,16.5,16.55,16.25,16.4,269130,16.4
PVT,6/1/20,16.5,16.65,16.4,16.6,250190,16.6
PVT,3/1/20,16.8,16.8,16.35,16.35,251880,16.35
PVT,2/1/20,16.8,16.8,16.4,16.7,312280,16.7
PVT,12/31/19,16.9,16.9,16.35,16.8,322870,16.8
PVT,12/30/19,16.8,16.95,16.75,16.9,350790,16.9
PVT,12/27/19,16.65,16.75,16.55,16.75,230790,16.75
PVT,12/26/19,16.4,16.75,16.4,16.65,295460,16.65
PVT,12/25/19,16.35,16.5,16.3,16.4,167640,16.4
PVT,12/24/19,16.5,16.5,16.35,16.45,97930,16.45
PVT,12/23/19,16.6,16.6,16.4,16.5,194180,16.5
PVT,12/20/19,16.45,16.6,16.45,16.6,74100,16.6
PVT,12/19/19,16.55,16.6,16.4,16.6,179770,16.6
PVT,12/18/19,16.7,16.8,16.55,16.6,124030,16.6
PVT,12/17/19,16.8,16.8,16.5,16.7,149700,16.7
PVT,12/16/19,16.75,16.9,16.65,16.75,161520,16.75
PVT,12/13/19,16.75,16.85,16.6,16.75,90430,16.75
PVT,12/12/19,16.5,16.75,16.45,16.75,147600,16.75
PVT,11/12/19,16.35,16.6,16.35,16.4,109380,16.4
PVT,10/12/19,16.5,16.7,16.3,16.5,407900,16.5
PVT,9/12/19,16.8,16.85,16.4,16.5,580340,16.5
PVT,6/12/19,16.75,17,16.75,16.9,145720,16.9
PVT,5/12/19,16.8,17.05,16.75,16.85,194180,16.85
PVT,4/12/19,16.7,16.8,16.55,16.8,308650,16.8
PVT,3/12/19,17,17.15,16.6,16.7,821770,16.7
PVT,2/12/19,17.35,17.4,17,17.15,417930,17.15
PVT,11/29/19,16.95,17.4,16.9,17.4,369220,17.4
PVT,11/28/19,17.15,17.35,16.9,16.95,229370,16.95
PVT,11/27/19,17.15,17.25,17,17.2,236050,17.2
PVT,11/26/19,17.2,17.3,17,17.15,383170,17.15
PVT,11/25/19,17.3,17.4,17,17.2,334620,17.2
PVT,11/22/19,17.7,17.7,17.3,17.4,518810,17.4
PVT,11/21/19,17.75,17.75,17.55,17.7,805510,17.7
PVT,11/20/19,17.8,17.9,17.55,17.75,444990,17.75
PVT,11/19/19,17.6,17.9,17.6,17.9,604010,17.9
PVT,11/18/19,17.65,17.75,17.45,17.7,546810,17.7
PVT,11/15/19,17.25,17.8,17.15,17.65,870680,17.65
PVT,11/14/19,17.15,17.25,17,17.25,831610,17.25
PVT,11/13/19,17.25,17.25,17,17.15,331860,17.15
PVT,12/11/19,17.1,17.25,16.95,17.25,277220,17.25
PVT,11/11/19,17.2,17.2,16.9,17.1,186830,17.1
PVT,8/11/19,17.3,17.3,16.95,17.1,1125170,17.1
PVT,7/11/19,17.45,17.45,17.15,17.3,398120,17.3
PVT,6/11/19,17.3,17.5,17.3,17.45,788050,17.45
PVT,5/11/19,17.25,17.35,17.15,17.3,455920,17.3
PVT,4/11/19,17.4,17.4,17.05,17.2,432000,17.2
PVT,1/11/19,17,17.3,16.9,17.3,642650,17.3
PVT,10/31/19,17.2,17.2,16.95,17.1,272840,17.1
PVT,10/30/19,17.2,17.2,17,17.2,243640,17.2
PVT,10/29/19,17.2,17.35,17.15,17.15,631570,17.15
PVT,10/28/19,16.85,17.1,16.85,17.1,499840,17.1
PVT,10/25/19,16.75,16.85,16.7,16.75,113640,16.75
PVT,10/24/19,16.75,16.85,16.7,16.75,448330,16.75
PVT,10/23/19,16.45,16.8,16.45,16.7,398320,16.7
PVT,10/22/19,16.5,16.65,16.4,16.45,314370,16.45
PVT,10/21/19,16.55,16.75,16.45,16.55,123620,16.55
PVT,10/18/19,16.55,16.75,16.55,16.55,411460,16.55
PVT,10/17/19,16.85,16.85,16.55,16.7,514830,16.7
PVT,10/16/19,16.8,17.1,16.8,16.8,360440,16.8
PVT,10/15/19,17,17.15,16.9,17,279710,17
PVT,10/14/19,17,17.1,16.9,17,209930,17
PVT,11/10/19,17.2,17.2,16.75,17,376290,17
PVT,10/10/19,16.85,17.2,16.85,17.1,511360,17.1
PVT,9/10/19,16.9,17.1,16.8,16.85,331360,16.85
PVT,8/10/19,16.75,17.1,16.5,17.1,703820,17.1
PVT,7/10/19,16.9,16.9,16.65,16.75,910330,16.75
PVT,4/10/19,17.35,17.35,16.7,16.8,1187820,16.8
PVT,3/10/19,16.95,17.35,16.9,17.35,481700,17.35
PVT,2/10/19,17,17.3,16.8,17,627640,17
PVT,1/10/19,17.35,17.5,16.9,17,1803500,17
PVT,9/30/19,17.55,17.55,17.25,17.35,536410,17.35
PVT,9/27/19,17.55,17.7,17.1,17.3,1459680,17.3
PVT,9/26/19,17.8,17.8,17.4,17.55,1019310,17.55
PVT,9/25/19,17.9,17.95,17.7,17.8,866650,17.8
PVT,9/24/19,17.85,18.05,17.85,17.9,401830,17.9
PVT,9/23/19,17.8,18.1,17.8,17.85,539820,17.85
PVT,9/20/19,17.8,18.25,17.8,17.8,740080,17.8
PVT,9/19/19,17.8,17.8,17.6,17.75,437840,17.75
PVT,9/18/19,17.75,18.25,17.65,17.7,781740,17.7
PVT,9/17/19,17.75,18.05,17.85,17.9,436110,17.9
PVT,9/16/19,17.75,18.55,17.95,17.95,776530,17.95
PVT,9/13/19,17.75,18.2,17.7,18.2,656550,18.2
PVT,12/9/19,17.55,17.9,17.55,17.75,389450,17.75
PVT,11/9/19,17.7,17.75,17.2,17.6,785420,17.6
PVT,10/9/19,17.9,17.95,17.35,17.65,1184650,17.65
PVT,9/9/19,17.8,18.05,17.55,17.9,727080,17.9
PVT,6/9/19,17.8,17.8,17.5,17.7,457250,17.7
PVT,5/9/19,17.65,17.8,17.6,17.8,1291040,17.8
PVT,4/9/19,17.2,17.55,16.85,17.55,908880,17.55
PVT,3/9/19,17.2,17.4,16.9,17.1,1030240,17.1
PVT,8/30/19,17.4,17.5,17.2,17.2,756340,17.2
PVT,8/29/19,17.55,17.65,17,17.4,1004620,17.4
PVT,8/28/19,17.85,17.95,17.55,17.55,479430,17.55
PVT,8/27/19,17.8,17.9,17.5,17.9,966800,17.9
PVT,8/26/19,18.25,18.3,17.6,17.7,845650,17.7
PVT,8/23/19,17.95,18.3,17.8,18.3,496890,18.3
PVT,8/22/19,18.3,18.4,18,18,726210,18
PVT,8/21/19,18.3,18.55,18,18.3,1182400,18.3
PVT,8/20/19,18.5,18.6,18.2,18.3,555860,18.3
PVT,8/19/19,17.6,18.4,17.4,18.4,1284140,18.4
PVT,8/16/19,17.35,17.7,17.2,17.5,704610,17.5
PVT,8/15/19,16.9,17.35,16.9,17.35,356170,17.35
PVT,8/14/19,17.7,17.7,17.05,17.35,722580,17.35
PVT,8/13/19,17.7,17.7,17.4,17.4,899630,17.4
PVT,12/8/19,18.55,18.75,18.4,18.4,612940,17.4
PVT,9/8/19,18.5,18.95,18.4,18.7,1149250,17.68
PVT,8/8/19,18,18.75,18,18.5,1777880,17.5
PVT,7/8/19,17.65,18,17.2,18,1179880,17.02
PVT,6/8/19,17.65,18,17.45,17.45,1315440,16.5
PVT,5/8/19,18.3,18.3,18,18.05,688970,17.07
PVT,2/8/19,17.9,18.3,17.8,18.3,870560,17.31
PVT,1/8/19,18.3,18.45,17.9,18.45,1076670,17.45
PVT,7/31/19,17.2,18.3,17.2,18.3,1036010,17.31
PVT,7/30/19,17.45,17.55,17.2,17.2,956990,16.27
PVT,7/29/19,17.1,17.45,17.1,17.45,972200,16.5
PVT,7/26/19,17,17.1,16.85,17.05,481460,16.12
PVT,7/25/19,16.85,17.15,16.8,16.95,535020,16.03
PVT,7/24/19,16.75,16.8,16.65,16.8,447540,15.89
PVT,7/23/19,16.55,16.85,16.55,16.75,410180,15.84
PVT,7/22/19,17.1,17.1,16.55,16.55,783070,15.65
PVT,7/19/19,17.45,17.6,17,17.05,897220,16.12
PVT,7/18/19,17.3,17.45,17.2,17.4,506760,16.46
PVT,7/17/19,17.4,17.6,17.25,17.4,819010,16.46
PVT,7/16/19,17.7,17.7,17.4,17.4,786750,16.46
PVT,7/15/19,17.1,17.8,17.4,17.65,789250,16.69
PVT,12/7/19,17.1,17.4,17,17.4,898360,16.46
PVT,11/7/19,17.25,17.25,16.9,17.1,708760,16.17
PVT,10/7/19,17.4,17.55,17.05,17.2,946240,16.27
PVT,9/7/19,16.8,17.3,16.8,17.3,1009820,16.36
PVT,8/7/19,16.5,17.15,16.5,16.8,978240,15.89
PVT,5/7/19,16.4,16.45,16.25,16.45,213270,15.56
PVT,4/7/19,16.5,16.5,16.25,16.5,274160,15.6
PVT,3/7/19,16.5,16.5,16.25,16.4,174320,15.51
PVT,2/7/19,16.5,16.5,16.2,16.5,363140,15.6
PVT,1/7/19,16.45,16.5,16.25,16.45,305990,15.56
PVT,6/28/19,16.3,16.4,16.1,16.3,189490,15.41
PVT,6/27/19,16.35,16.4,16.25,16.35,304190,15.46
PVT,6/26/19,16.35,16.5,16.1,16.35,155500,15.46
PVT,6/25/19,16.35,16.35,16.05,16.2,48690,15.32
PVT,6/24/19,16.4,16.4,16.25,16.25,141090,15.37
PVT,6/21/19,16.4,16.55,16.25,16.4,355600,15.51
PVT,6/20/19,16.4,16.55,16.4,16.4,218090,15.51
PVT,6/19/19,16.3,16.45,16.25,16.3,124250,15.41
PVT,6/18/19,16.45,16.45,16.2,16.35,53910,15.46
PVT,6/17/19,16.2,16.4,16.2,16.35,115280,15.46
PVT,6/14/19,16.5,16.55,16.15,16.3,161250,15.41
PVT,6/13/19,16.55,16.55,16.3,16.55,145000,15.65
PVT,12/6/19,16.55,16.6,16.5,16.6,121680,15.7
PVT,11/6/19,16.7,16.7,16.4,16.55,159560,15.65
PVT,10/6/19,16.8,16.9,16.5,16.55,221230,15.65
PVT,7/6/19,16.35,16.75,16.35,16.75,361950,15.84
PVT,6/6/19,16.3,16.4,16.2,16.35,259990,15.46
PVT,5/6/19,16.5,16.5,16.15,16.3,268120,15.41
PVT,4/6/19,16.3,16.45,16.15,16.35,283290,15.46
PVT,3/6/19,16.5,16.7,16.3,16.45,334910,15.56
PVT,5/31/19,16.85,17.1,16.45,16.8,269620,15.89
PVT,5/30/19,17.2,17.4,17,17,305660,16.08
PVT,5/29/19,16.85,17.5,16.85,17.2,641020,16.27
PVT,5/28/19,17.1,17.2,16.9,17,180200,16.08
PVT,5/27/19,16.9,17.2,16.9,17.05,338050,16.12
PVT,5/24/19,16.45,17.05,16.45,16.95,1269970,16.03
PVT,5/23/19,16.4,16.55,16.35,16.45,219540,15.56
PVT,5/22/19,16.4,16.6,16.35,16.4,169580,15.51
PVT,5/21/19,16.4,16.65,16.35,16.5,305540,15.6
PVT,5/20/19,16.3,16.45,16.3,16.4,165930,15.51
PVT,5/17/19,16.45,16.5,16.35,16.35,107960,15.46
PVT,5/16/19,16.6,16.6,16.35,16.45,152690,15.56
PVT,5/15/19,16.5,16.7,16.35,16.55,349600,15.65
PVT,5/14/19,16.05,16.5,16.05,16.5,265270,15.6
PVT,5/13/19,16.2,16.3,16,16.3,341720,15.41
PVT,10/5/19,16,16.35,15.85,16.35,304570,15.46
PVT,9/5/19,16.05,16.1,15.9,16,92230,15.13
PVT,8/5/19,15.75,16.05,15.6,16.05,213590,15.18
PVT,7/5/19,15.85,16.1,15.75,16.05,197280,15.18
PVT,6/5/19,16.35,16.35,15.8,15.85,267690,14.99
PVT,3/5/19,16.5,16.5,16.2,16.35,164520,15.46
PVT,2/5/19,16.6,16.6,16.3,16.4,141320,15.51
PVT,4/26/19,16.4,16.4,16.25,16.35,81130,15.46
PVT,4/25/19,16.3,16.6,16.2,16.4,557060,15.51
PVT,4/24/19,16.3,16.4,16.25,16.35,126490,15.46
PVT,4/23/19,16.25,16.45,16.25,16.35,96930,15.46
PVT,4/22/19,16.4,16.5,16.3,16.35,123130,15.46
PVT,4/19/19,16.5,16.5,16.15,16.4,151760,15.51
PVT,4/18/19,16.4,16.6,16.2,16.25,358060,15.37
PVT,4/17/19,16.7,16.9,16.4,16.6,373750,15.7
PVT,4/16/19,16.5,16.7,16.2,16.7,365180,15.79
PVT,12/4/19,16.55,16.7,16.5,16.65,203280,15.75
PVT,11/4/19,16.8,16.8,16.5,16.7,117520,15.79
PVT,10/4/19,16.55,16.8,16.55,16.8,277790,15.89
PVT,9/4/19,17.2,17.25,16.7,16.8,352260,15.89
PVT,8/4/19,16.8,17.2,16.8,17,1089470,16.08
PVT,5/4/19,16.6,16.8,16.35,16.6,695950,15.7
PVT,4/4/19,16.3,16.55,16.25,16.4,275740,15.51
PVT,3/4/19,16.4,16.5,16.1,16.3,434990,15.41
PVT,2/4/19,17,17,16.2,16.35,814090,15.46
PVT,1/4/19,17.25,17.25,16.55,16.55,521450,15.65
PVT,3/29/19,17.1,17.3,16.95,17,225800,16.08
PVT,3/28/19,17.2,17.4,16.85,17.3,226060,16.36
PVT,3/27/19,17.25,17.35,16.95,17.2,359420,16.27
PVT,3/26/19,17.35,17.4,17,17.3,179040,16.36
PVT,3/25/19,16.95,17.3,16.8,17.3,588260,16.36
PVT,3/22/19,17.55,17.6,17.2,17.5,299630,16.55
PVT,3/21/19,17.9,18,17.55,17.6,304350,16.64
PVT,3/20/19,17.9,17.9,17.45,17.9,244830,16.93
PVT,3/19/19,17.95,18.15,17.55,17.9,857700,16.93
PVT,3/18/19,17.55,17.9,17.45,17.9,723410,16.93
PVT,3/15/19,17.4,17.55,17.3,17.55,234680,16.6
PVT,3/14/19,17.7,17.7,17.4,17.4,176080,16.46
PVT,3/13/19,17.8,17.8,17.5,17.7,730330,16.74
PVT,12/3/19,17.25,17.7,17.2,17.6,521210,16.64
PVT,11/3/19,17.4,17.4,17,17.3,397070,16.36
PVT,8/3/19,17.45,17.45,17.15,17.4,500040,16.46
PVT,7/3/19,17.55,17.8,17.45,17.45,552400,16.5
PVT,6/3/19,17.35,17.8,17.1,17.8,581450,16.83
PVT,5/3/19,17.4,18.2,17.4,17.6,888290,16.64
PVT,4/3/19,17,17.6,17,17.6,903120,16.64
PVT,1/3/19,17.3,17.3,17,17,320630,16.08
PVT,2/28/19,17.45,17.45,16.9,17.3,274730,16.36
PVT,2/27/19,17.05,17.3,16.9,17.3,312530,16.36
PVT,2/26/19,17,17.1,16.8,17.05,229240,16.12
PVT,2/25/19,17.2,17.25,16.9,17.1,307770,16.17
PVT,2/22/19,16.9,17.3,16.8,17.15,247560,16.22
PVT,2/21/19,17.2,17.2,16.8,17,331050,16.08
PVT,2/20/19,17.35,17.35,16.9,17.2,966650,16.27
PVT,2/19/19,17.55,17.7,17.35,17.35,568110,16.41
PVT,2/18/19,17.7,17.75,17.6,17.7,333220,16.74
PVT,2/15/19,17.5,17.65,17.3,17.6,497510,16.64
PVT,2/14/19,17.5,17.6,17.3,17.6,441630,16.64
PVT,2/13/19,17.35,17.55,17.2,17.5,440840,16.55
PVT,12/2/19,17.55,17.65,17.2,17.35,779470,16.41
PVT,11/2/19,17,17.5,16.95,17.4,510890,16.46
PVT,1/2/19,17,17.05,16.95,17,112400,16.08
PVT,1/31/19,17.05,17.15,16.9,17,371300,16.08
PVT,1/30/19,17.15,17.35,16.9,16.95,410630,16.03
PVT,1/29/19,17.1,17.2,16.9,17.15,300970,16.22
PVT,1/28/19,16.85,17.2,16.75,17.1,451340,16.17
PVT,1/25/19,16.95,17,16.7,16.85,227680,15.94
PVT,1/24/19,16.55,17,16.55,16.8,440650,15.89
PVT,1/23/19,16.55,16.55,16.3,16.55,278980,15.65
PVT,1/22/19,16.2,16.6,16.15,16.55,480240,15.65
PVT,1/21/19,16.5,16.5,16.25,16.25,268520,15.37
PVT,1/18/19,16.4,16.4,16.15,16.3,318070,15.41
PVT,1/17/19,16.5,16.5,16.35,16.45,152010,15.56
PVT,1/16/19,16.5,16.65,16.4,16.5,289260,15.6
PVT,1/15/19,16,16.55,16,16.5,756320,15.6
PVT,1/14/19,15.85,16,15.8,16,88100,15.13
PVT,11/1/19,16.1,16.1,15.8,16.05,292910,15.18
PVT,10/1/19,16.05,16.1,16,16,211420,15.13
PVT,9/1/19,15.9,16.15,15.9,16.05,236550,15.18
PVT,8/1/19,16,16,15.7,15.9,160570,15.04
PVT,7/1/19,16,16.15,15.85,16,146060,15.13
PVT,4/1/19,15.3,15.95,15,15.9,409640,15.04
PVT,3/1/19,15.7,15.7,15.2,15.2,343070,14.37
PVT,2/1/19,15.6,16.05,15.6,15.6,226030,14.75
PVT,12/28/18,16,16.2,15.7,15.7,603460,14.85
PVT,12/27/18,15.65,15.75,15.35,15.45,504020,14.61
PVT,12/26/18,15.6,15.65,15,15.3,329190,14.47
PVT,12/25/18,14.95,15.6,14.9,15.4,236350,14.56
PVT,12/24/18,15.75,15.95,15.65,15.7,223910,14.85
PVT,12/21/18,15.6,15.7,15.45,15.65,177340,14.8
PVT,12/20/18,15.7,15.85,15.6,15.85,116680,14.99
PVT,12/19/18,15.8,16,15.6,15.9,356230,15.04
PVT,12/18/18,16,16,15.5,15.95,440460,15.08
PVT,12/17/18,16.4,16.4,16.05,16.05,288080,15.18
PVT,12/14/18,16,16.85,16,16.4,681850,15.51
PVT,12/13/18,16,16.1,15.95,16,475110,15.13
PVT,12/12/18,16.1,16.2,15.95,15.95,387560,15.08
PVT,11/12/18,16.2,16.2,15.95,16,305120,15.13
PVT,10/12/18,16,16.45,15.95,16.1,707670,15.23
PVT,7/12/18,16,16.15,15.8,15.95,266080,15.08
PVT,6/12/18,16.1,16.2,15.8,16,89860,15.13
PVT,5/12/18,16.1,16.1,15.85,16,373780,15.13
PVT,4/12/18,16.4,16.4,16.1,16.25,163010,15.37
PVT,3/12/18,16.1,16.4,16.05,16.35,263140,15.46
PVT,11/30/18,15.9,16,15.5,16,393710,15.13
PVT,11/29/18,16,16,15.8,16,121230,15.13
PVT,11/28/18,16,16,15.7,16,165890,15.13
PVT,11/27/18,16.5,16.5,16,16.1,262660,15.23
PVT,11/26/18,16.4,16.5,16.25,16.5,27300,15.6
PVT,11/23/18,16.55,16.55,16.15,16.4,254000,15.51
PVT,11/22/18,16.8,16.8,16.5,16.8,165410,15.89
PVT,11/21/18,16.55,16.9,16.55,16.9,49230,15.98
PVT,11/20/18,16.55,16.85,16.5,16.8,356370,15.89
PVT,11/19/18,16.9,17,16.75,17,64650,16.08
PVT,11/16/18,16.95,17.1,16.55,16.95,137070,16.03
PVT,11/15/18,17,17.7,16.75,16.95,134440,16.03
PVT,11/14/18,16.3,17.65,16.2,17.65,285190,16.69
PVT,11/13/18,16.9,16.9,16.25,16.5,127100,15.6
PVT,12/11/18,16.7,16.95,16.65,16.95,146240,16.03
PVT,9/11/18,17.3,17.3,16.7,17,59540,16.08
PVT,8/11/18,17.2,17.4,17,17.3,102590,16.36
PVT,7/11/18,17.15,17.65,17.05,17.2,166800,16.27
PVT,6/11/18,18,18,17,17.55,172620,16.6
PVT,5/11/18,18.05,18.05,17.45,17.9,37490,16.93
PVT,2/11/18,17.35,18.05,17.35,18.05,103900,17.07
PVT,1/11/18,17.5,17.8,17.2,17.7,118950,16.74
PVT,10/31/18,17,17.6,16.95,17.5,167240,16.55
PVT,10/30/18,16,16.95,16,16.95,108300,16.03
PVT,10/29/18,16.1,16.5,16.05,16.5,58930,15.6
PVT,10/26/18,16.85,16.85,16.2,16.65,115830,15.75
PVT,10/25/18,16,17.05,15.8,16.85,185000,15.94
PVT,10/24/18,16.7,17,16.1,16.8,292730,15.89
PVT,10/23/18,17.4,17.4,16.5,16.8,170330,15.89
PVT,10/22/18,17.55,17.7,17.4,17.55,48830,16.6
PVT,10/19/18,17.4,17.55,17.15,17.55,41220,16.6
PVT,10/18/18,17.4,17.85,17.2,17.6,89230,16.64
PVT,10/17/18,17.5,17.5,17.25,17.5,158290,16.55
PVT,10/16/18,17.6,17.6,17.15,17.35,318640,16.41
PVT,10/15/18,17.6,17.7,17.2,17.6,141660,16.64
PVT,12/10/18,16.8,17.8,16.8,17.75,227790,16.79
PVT,11/10/18,17.8,18,17.4,17.8,393910,16.83
PVT,10/10/18,18.75,18.75,18.45,18.7,101930,17.68
PVT,9/10/18,18.95,19.1,18.7,18.75,61280,17.73
PVT,8/10/18,18.6,19.5,18.6,18.95,296530,17.92
PVT,5/10/18,18.3,18.7,18.3,18.6,102850,17.59
PVT,4/10/18,18.65,18.8,18.65,18.75,148740,17.73
PVT,3/10/18,18.9,18.9,18.55,18.75,71980,17.73
PVT,2/10/18,18.9,19,18.6,18.8,193960,17.78
PVT,1/10/18,18.8,18.9,18.4,18.9,311380,17.87
PVT,9/28/18,18.7,18.95,18.45,18.9,413380,17.87
PVT,9/27/18,18.6,18.9,18.4,18.7,398660,17.68
PVT,9/26/18,18.1,18.6,18.05,18.6,447440,17.59
PVT,9/25/18,18.05,18.3,17.7,18.05,402030,17.07
PVT,9/24/18,17.8,17.9,17.65,17.65,108890,16.69
PVT,9/21/18,17.7,18,17.55,17.95,200000,16.98
PVT,9/20/18,17.9,17.95,17.5,17.9,306390,16.93
PVT,9/19/18,17.65,18,17.4,17.9,236120,16.93
PVT,9/18/18,17.5,17.65,17.4,17.65,111700,16.69
PVT,9/17/18,17.9,18.2,17.55,17.65,348170,16.69
PVT,9/14/18,17.85,18.2,17.8,17.9,121510,16.93
PVT,9/13/18,18.6,18.6,18,18,227040,17.02
PVT,12/9/18,18.2,18.55,17.95,18.2,271760,17.21
PVT,11/9/18,17.7,18.05,17.7,18,93110,17.02
PVT,10/9/18,18.35,18.35,17.7,17.8,113220,16.83
PVT,7/9/18,17.3,18.1,17.3,18,227260,17.02
PVT,6/9/18,17.5,17.5,17.3,17.35,72670,16.41
PVT,5/9/18,17.2,17.6,17.2,17.5,160840,16.55
PVT,4/9/18,17.25,17.5,17.05,17.5,289130,16.55
PVT,8/31/18,17.5,17.5,17.2,17.45,87880,16.5
PVT,8/30/18,17,17.6,16.9,17.5,531090,16.55
PVT,8/29/18,17.3,17.3,16.95,17.25,129400,16.31
PVT,8/28/18,16.8,17.3,16.7,17.3,311830,16.36
PVT,8/27/18,17,17,16.65,16.75,301990,15.84
PVT,8/24/18,17,17.1,16.7,16.75,122510,15.84
PVT,8/23/18,16.85,17.1,16.85,17,83950,16.08
PVT,8/22/18,17.05,17.35,16.6,16.95,313590,16.03
PVT,8/21/18,17.45,17.5,17.2,17.4,160780,15.51
PVT,8/20/18,17.4,17.5,17.25,17.45,192460,15.55
PVT,8/17/18,17.6,17.6,17.2,17.5,106770,15.6
PVT,8/16/18,17.65,17.65,17.3,17.6,270630,15.69
PVT,8/15/18,17.75,17.75,17.35,17.65,308420,15.73
PVT,8/14/18,17.8,17.8,17.4,17.6,129530,15.69
PVT,8/13/18,17.7,17.7,17.2,17.65,232020,15.73
PVT,10/8/18,17.4,17.5,17.15,17.5,163590,15.6
PVT,9/8/18,17.4,17.55,17.2,17.2,164670,15.33
PVT,8/8/18,17.25,17.6,17.25,17.3,181040,15.42
PVT,7/8/18,17.3,17.5,16.85,17.25,171630,15.38
PVT,6/8/18,17.5,17.7,17.25,17.25,312210,15.38
PVT,3/8/18,16.65,17.2,16.65,17.2,210410,15.33
PVT,2/8/18,16.75,17,16.6,16.65,107730,14.84
PVT,1/8/18,16.5,17.5,16.5,16.9,122170,15.06
PVT,7/31/18,17.3,17.3,17,17.15,136930,15.29
PVT,7/30/18,17,17.4,16.8,17.15,306950,15.29
PVT,7/27/18,16.3,16.8,16.1,16.6,140140,14.8
PVT,7/26/18,16.1,16.5,16,16.3,105200,14.53
PVT,7/25/18,16.5,16.55,16,16.2,119240,14.44
PVT,7/24/18,16.2,16.3,15.9,16.2,142340,14.44
PVT,7/23/18,16.3,16.45,15.9,16.3,99070,14.53
PVT,7/20/18,16.45,16.5,15.65,16.45,52460,14.66
PVT,7/19/18,16.5,16.6,16,16.6,199630,14.8
PVT,7/18/18,15.05,16.35,15.05,16.3,215460,14.53
PVT,7/17/18,15.3,15.4,15.1,15.3,46860,13.64
PVT,7/16/18,15.5,15.5,15.2,15.3,39910,13.64
PVT,7/13/18,15.3,15.4,15.05,15.3,57230,13.64
PVT,12/7/18,15.3,15.35,14.9,15.3,70480,13.64
PVT,11/7/18,14.5,15.3,14.5,15.3,305490,13.64
PVT,10/7/18,14.8,15.2,14.7,14.75,98530,13.15
PVT,9/7/18,14.75,14.75,14.45,14.6,71680,13.01
PVT,6/7/18,14.1,14.8,13.9,14.5,256030,12.92
PVT,5/7/18,14,14.5,13.9,14.5,217110,12.92
PVT,4/7/18,14.4,14.5,13.5,14.5,268200,12.92
PVT,3/7/18,15,15,14.2,14.4,209670,12.84
PVT,2/7/18,15.15,15.25,14.55,14.9,175560,13.28
PVT,6/29/18,15,15.4,15,15.25,64200,13.59
PVT,6/28/18,15.3,15.6,15.1,15.2,136310,13.55
PVT,6/27/18,15.25,15.7,15.25,15.6,186620,13.9
PVT,6/26/18,15.5,15.5,15.1,15.25,141690,13.59
PVT,6/25/18,15.5,15.8,15.45,15.5,99440,13.82
PVT,6/22/18,15.5,15.6,15.4,15.4,77230,13.73
PVT,6/21/18,15.75,15.75,15.35,15.5,130680,13.82
PVT,6/20/18,15.5,15.7,15.3,15.7,149020,13.99
PVT,6/19/18,15.85,15.85,15.15,15.5,718810,13.82
PVT,6/18/18,16.45,16.45,15.9,16.25,495360,14.48
PVT,6/15/18,16.05,16.45,16,16.45,370880,14.66
PVT,6/14/18,16.6,16.6,16.1,16.1,367740,14.35
PVT,6/13/18,16.25,16.65,16.25,16.55,278950,14.75
PVT,12/6/18,16.6,16.6,16.3,16.35,632290,14.57
PVT,11/6/18,17,17,16.75,16.8,111710,14.97
PVT,8/6/18,17.3,17.3,16.95,17,254540,15.15
PVT,7/6/18,17.2,17.55,17.15,17.25,467430,15.38
PVT,6/6/18,17,17.25,16.7,17.2,248690,15.33
PVT,5/6/18,16.4,17.2,16.4,17,469390,15.15
PVT,4/6/18,16.5,16.5,15.8,16.4,440310,14.62
PVT,1/6/18,17,17,16,16.7,636790,14.89
PVT,5/31/18,17.1,17.15,16.85,17,206510,15.15
PVT,5/30/18,17,17,16.7,17,94120,15.15
PVT,5/29/18,17.2,17.5,16.75,17,785060,15.15
PVT,5/28/18,17.95,17.95,16.8,17.1,234310,15.24
PVT,5/25/18,18.2,18.3,17.5,17.95,144310,16
PVT,5/24/18,18.5,18.5,18.15,18.15,281780,16.18
PVT,5/23/18,17.5,18.5,17.1,18.5,461180,16.49
PVT,5/22/18,17.8,17.8,16.8,17.8,258660,15.87
PVT,5/21/18,18.3,18.3,17.95,18,93870,16.04
PVT,5/18/18,18.3,18.6,18,18.3,177890,16.31
PVT,5/17/18,18.5,18.65,18.25,18.4,178290,16.4
PVT,5/16/18,18.3,18.55,18.2,18.45,266240,16.44
PVT,5/15/18,17.9,18.2,17.6,18,180230,16.04
PVT,5/14/18,18,18,17.3,17.6,156760,15.69
PVT,11/5/18,18,18.3,17.5,17.8,336340,15.87
PVT,10/5/18,18.55,18.55,18,18.05,202040,16.09
PVT,9/5/18,18.1,18.6,18.1,18.3,415250,16.31
PVT,8/5/18,18.4,18.4,17.95,18.1,190610,16.13
PVT,7/5/18,18,18.5,17.8,18.1,196060,16.13
PVT,4/5/18,18.5,18.7,18,18,618880,16.04
PVT,3/5/18,19.05,19.6,17.95,18.9,694640,16.85
PVT,2/5/18,19.3,20,18.95,19.3,216640,17.2
PVT,4/27/18,19.75,20,19.35,20,173660,17.83
PVT,4/26/18,20.1,20.1,19.2,19.75,222130,17.6
PVT,4/24/18,19.8,20.1,19.5,20.1,202080,17.92
PVT,4/23/18,19.8,20.5,19.7,19.8,223670,17.65
PVT,4/20/18,20.2,20.4,20.2,20.4,165990,18.18
PVT,4/19/18,20,20.3,19.7,20.25,660930,18.05
PVT,4/18/18,20,20.35,19.7,19.95,123150,17.78
PVT,4/17/18,19.9,20.2,19.6,20.1,331220,17.92
PVT,4/16/18,20,20.1,19.4,20,252000,17.83
PVT,4/13/18,20.5,20.6,19.5,20.2,364380,18
PVT,12/4/18,19.2,20.5,19.1,20.5,913240,18.27
PVT,11/4/18,20,20.4,18.95,20.1,903070,17.92
PVT,10/4/18,20.9,20.9,20,20,722850,17.83
PVT,9/4/18,21.1,21.3,20.5,20.9,726480,18.63
PVT,6/4/18,21.6,21.6,20.9,21.1,935250,18.81
PVT,5/4/18,21.8,21.8,21.35,21.6,546340,19.25
PVT,4/4/18,21.6,21.9,20.8,21.4,620080,19.07
PVT,3/4/18,20.65,22.2,20.65,21.4,2692150,19.07
PVT,2/4/18,20.6,20.8,20.4,20.8,641630,18.54
PVT,3/30/18,20.5,20.7,20.2,20.6,451800,18.36
PVT,3/29/18,20.8,20.8,20.05,20.5,949330,18.27
PVT,3/28/18,20,20.5,19.55,20,345530,17.83
PVT,3/27/18,20.1,20.3,19.5,20,785200,17.83
PVT,3/26/18,20.5,21.4,20.2,20.3,1712670,18.09
PVT,3/23/18,19.7,20.5,19.5,20.5,670780,18.27
PVT,3/22/18,20.9,20.9,20.3,20.5,633230,18.27
PVT,3/21/18,20,20.9,19.9,20.4,724700,18.18
PVT,3/20/18,19.8,20,19.8,20,388420,17.83
PVT,3/19/18,20,20.4,19.8,20,729280,17.83
PVT,3/16/18,19.75,20.6,19.6,19.75,940640,17.6
PVT,3/15/18,18.9,20.2,18.7,20.15,2058310,17.96
PVT,3/14/18,18.9,18.95,18.6,18.9,891020,16.85
PVT,3/13/18,18.5,18.9,18.2,18.9,662810,16.85
PVT,12/3/18,18.65,18.85,18.35,18.65,339600,16.62
PVT,9/3/18,19,19.1,18.35,18.8,694180,16.76
PVT,8/3/18,18.95,19.1,18.7,18.8,308980,16.76
PVT,7/3/18,18.6,19.15,18.5,18.95,1244360,16.89
PVT,6/3/18,18.35,19.15,18.05,18.6,1143770,16.58
PVT,5/3/18,18.1,18.4,17.85,18.35,382320,16.36
PVT,2/3/18,17.7,18.1,17.7,18.1,211450,16.13
PVT,1/3/18,18.5,18.5,17.65,18.2,283900,16.22
PVT,2/28/18,18,18.7,17.8,18.6,727180,16.58
PVT,2/27/18,17.5,18.1,17,18.1,1037010,16.13
PVT,2/26/18,17.65,17.7,17,17,468020,15.15
PVT,2/23/18,17.9,18.1,17.45,17.65,659310,15.73
PVT,2/22/18,18.5,18.5,17.85,17.9,1060760,15.95
PVT,2/21/18,18.3,18.5,17.85,18.5,600000,16.49
PVT,2/13/18,17.9,18.3,17.8,18.25,260290,16.27
PVT,12/2/18,17.5,18.1,17.4,18.1,432280,16.13
PVT,9/2/18,16.9,17.9,16.8,17.5,598320,15.6
PVT,8/2/18,17.2,18.3,17.15,18,514050,16.04
PVT,7/2/18,18.8,18.8,17.7,18.2,603320,16.22
PVT,6/2/18,18.4,18.9,17.7,18.4,798140,16.4
PVT,5/2/18,18.8,19,18.15,19,975160,16.94
PVT,2/2/18,19.9,19.9,19.4,19.5,1357360,17.38
PVT,1/2/18,19.3,19.7,19,19.7,1990250,17.56
PVT,1/31/18,19,19.5,18.85,19.45,1788530,17.34
PVT,1/30/18,19,19.6,18.8,19.2,909650,17.11
PVT,1/29/18,18.7,19.5,18.3,19.5,2216340,17.38
PVT,1/26/18,18.8,18.8,17.85,18.65,1488210,16.62
PVT,1/25/18,18.75,18.8,18.35,18.5,2742100,16.49
PVT,1/22/18,18.3,18.3,17.8,18.15,689130,16.18
PVT,1/19/18,18.1,18.3,17.95,18.1,539080,16.13
PVT,1/18/18,17.7,18.2,16.95,18.2,1250580,16.22
PVT,1/17/18,18.4,18.7,17.9,17.9,623850,15.95
PVT,1/16/18,18.6,18.7,18.4,18.7,600540,16.67
PVT,1/15/18,18.6,19,18.5,18.7,778850,16.67
PVT,12/1/18,19.8,19.8,19,19.1,925960,17.02
PVT,11/1/18,19.7,19.8,19,19.7,828570,17.56
PVT,10/1/18,19.6,20.2,19.5,19.7,1980670,17.56
PVT,9/1/18,18.3,19.15,18.25,18.95,1457990,16.89
PVT,8/1/18,18.6,18.6,17.9,18.25,968420,16.27
PVT,5/1/18,18.9,18.95,18.6,18.6,518220,16.58
PVT,4/1/18,18.9,19.2,18.55,18.9,964960,16.85
PVT,3/1/18,18.95,19.1,18.3,18.65,1063600,16.62
PVT,2/1/18,18.85,19,18,18.95,981760,16.89
PVT,12/29/17,19.1,19.2,18.85,18.85,381030,16.8
PVT,12/28/17,19.4,19.4,18.9,19.25,357740,17.16
PVT,12/27/17,19,19.45,18.6,19.25,1216580,17.16
PVT,12/26/17,18.5,18.5,18.35,18.35,411290,16.36
PVT,12/25/17,18.9,18.9,18.3,18.5,439380,16.49
PVT,12/22/17,18.35,18.85,18.15,18.4,408490,16.4
PVT,12/21/17,19,19.15,18.45,18.45,646810,16.44
PVT,12/20/17,17.35,18.45,17.3,18.45,2035660,16.44
PVT,12/19/17,17.2,17.4,17,17.25,246590,15.38
PVT,12/18/17,17.2,17.45,17.15,17.25,234710,15.38
PVT,12/15/17,16.6,17,16.6,17,377850,15.15
PVT,12/14/17,16.8,17,16.7,17,64220,15.15
PVT,12/13/17,17,17.6,16.6,16.8,211720,14.97
PVT,12/12/17,16.9,17,15.6,17,1388720,15.15
PVT,11/12/17,17,17,16.55,16.75,215380,14.93
PVT,8/12/17,17.3,17.3,16.5,17,323740,15.15
PVT,7/12/17,17,17.3,16.8,17.3,188100,15.42
PVT,6/12/17,17.2,17.55,16.6,17.2,466140,15.33
PVT,5/12/17,17.6,17.75,17.5,17.5,662330,15.6
PVT,4/12/17,17.9,17.9,17.5,17.8,445570,15.87
PVT,1/12/17,17,17.75,16.75,17.7,1244880,15.78
PVT,11/30/17,16.65,17,16.6,16.8,271410,14.97
PVT,11/29/17,16.85,16.9,16.4,16.9,166110,15.06
PVT,11/28/17,17,17.2,16.35,16.85,687010,15.02
PVT,11/27/17,16.85,17.2,16.7,17.2,492940,15.33
PVT,11/24/17,16.5,16.65,16.25,16.4,585890,14.62
PVT,11/23/17,16.8,17,16.35,16.65,431010,14.84
PVT,11/22/17,16.8,17.15,16.55,16.8,373590,14.97
PVT,11/21/17,17.25,17.25,16.75,17,312920,15.15
PVT,11/20/17,17,17.25,16.8,17.15,372540,15.29
PVT,11/17/17,16.9,17.3,16.85,17.15,474570,15.29
PVT,11/16/17,16.4,17.15,16.2,17.15,884250,15.29
PVT,11/15/17,16.4,16.6,16,16.4,432510,14.62
PVT,11/14/17,16.15,16.65,15.9,16.2,445180,14.44
PVT,11/13/17,16.2,16.35,16,16.15,390480,14.39
PVT,10/11/17,15.2,15.9,15.05,15.9,1293340,14.17
PVT,9/11/17,14.75,14.95,14.75,14.9,164710,13.28
PVT,8/11/17,15,15,14.85,14.9,89200,13.28
PVT,7/11/17,15,15,14.8,14.9,110690,13.28
PVT,6/11/17,14.3,15,14.2,14.95,297540,13.33
PVT,3/11/17,14.45,14.45,14.2,14.3,78930,12.75
PVT,2/11/17,14.55,14.55,14.25,14.45,179190,12.88
PVT,1/11/17,14.65,14.65,14.4,14.6,82450,13.01
PVT,10/31/17,14.3,14.7,14.3,14.65,517230,13.06
PVT,10/30/17,14.35,14.45,14.15,14.3,63840,12.75
PVT,10/27/17,14.1,14.4,14.1,14.35,184570,12.79
PVT,10/26/17,14.4,14.4,14.05,14.4,173000,12.84
PVT,10/25/17,14.25,14.35,14.2,14.35,181560,12.79
PVT,10/24/17,14.3,14.4,14,14.25,291310,12.7
PVT,10/23/17,14.5,14.5,14.25,14.5,127530,12.92
PVT,10/20/17,14.5,14.5,14.35,14.5,75030,12.92
PVT,10/19/17,14.4,14.5,14.4,14.4,267320,12.84
PVT,10/18/17,14.5,14.5,14.25,14.4,258200,12.84
PVT,10/17/17,14.5,14.5,14.3,14.5,170000,12.92
PVT,10/16/17,14.55,14.55,14.35,14.5,232790,12.92
PVT,10/13/17,14.3,14.5,14.3,14.5,72360,12.92
PVT,12/10/17,14.35,14.5,14.3,14.5,93360,12.92
PVT,11/10/17,14.4,14.6,14.35,14.5,96980,12.92
PVT,10/10/17,14.35,14.6,14.35,14.6,177000,13.01
PVT,9/10/17,14.6,14.6,14.25,14.6,91310,13.01
PVT,6/10/17,14.6,14.6,14.4,14.55,60010,12.97
PVT,5/10/17,14.4,14.7,14.2,14.6,41320,13.01
PVT,4/10/17,14.2,14.65,14.2,14.6,28890,13.01
PVT,3/10/17,14.7,14.7,14.2,14.6,319970,13.01
PVT,2/10/17,14.9,14.9,14.7,14.7,23140,13.1
PVT,9/29/17,14.75,14.9,14.65,14.9,58430,13.28
PVT,9/28/17,14.9,15,14.75,14.9,82970,13.28
PVT,9/27/17,15.05,15.05,14.8,14.85,53720,13.24
PVT,9/26/17,14.7,15.05,14.7,15,223220,13.37
PVT,9/25/17,14.8,14.9,14.55,14.7,98470,13.1
PVT,9/22/17,14.7,14.7,14.4,14.5,298160,12.92
PVT,9/21/17,14.8,15,14.55,14.6,178130,13.01
PVT,9/20/17,15,15.1,14.75,14.8,367090,13.19
PVT,9/19/17,15.2,15.25,15,15.1,150170,13.46
PVT,9/18/17,15.15,15.35,15.15,15.15,257670,13.5
PVT,9/15/17,15.25,15.25,15,15.2,307510,13.55
PVT,9/14/17,15.2,15.2,14.9,15.15,384210,13.5
PVT,9/13/17,14.7,15.15,14.6,15.15,525550,13.5
PVT,12/9/17,14.6,14.9,14.6,14.75,431260,13.15
PVT,11/9/17,14.9,14.9,14.45,14.45,120350,12.88
PVT,8/9/17,14.7,14.9,14.55,14.9,200510,13.28
PVT,7/9/17,14.8,15,14.7,14.9,233670,13.28
PVT,6/9/17,15.4,15.4,14.85,15,88890,13.37
PVT,5/9/17,14.5,15.55,14.5,15,799800,13.37
PVT,1/9/17,14.7,14.7,14.5,14.55,165640,12.97
PVT,8/31/17,14.6,14.6,14.35,14.55,711830,12.97
PVT,8/30/17,14.15,14.6,14.05,14.6,356210,13.01
PVT,8/29/17,14,14.1,13.9,14.1,112040,12.57
PVT,8/28/17,14.2,14.2,14,14,78820,12.48
PVT,8/25/17,14,14.1,13.9,14.1,132890,12.57
PVT,8/24/17,14.2,14.2,13.85,13.85,163130,12.34
PVT,8/23/17,14,14.4,13.95,14.05,213860,12.52
PVT,8/22/17,14,14.1,14,14.05,153690,12.52
PVT,8/21/17,14.1,14.2,14,14.1,19410,12.57
PVT,8/18/17,14.05,14.1,13.95,14.1,104960,12.57
PVT,8/17/17,13.85,14.2,13.85,14.1,170960,12.57
PVT,8/16/17,14.05,14.1,13.8,14.1,218870,12.57
PVT,8/15/17,14.05,14.05,13.9,14,206610,12.48
PVT,8/14/17,13.75,14.05,13.75,14,291930,12.48
PVT,11/8/17,14.1,14.2,13.75,13.75,461160,12.26
PVT,10/8/17,14.1,14.2,14,14.15,199830,12.61
PVT,9/8/17,14.3,14.45,13.9,14.2,445990,12.66
PVT,8/8/17,14.45,14.5,14.4,14.45,308740,12.88
PVT,7/8/17,14.4,14.65,14.3,14.5,219620,12.92
PVT,4/8/17,14.4,14.6,14.35,14.5,364330,12.92
PVT,3/8/17,14.5,14.5,14.35,14.5,141880,12.92
PVT,2/8/17,14.1,14.7,14.1,14.5,182410,12.92
PVT,1/8/17,14.5,14.8,14.4,14.4,648430,12.84
PVT,7/31/17,14.9,14.9,14.35,14.8,622620,13.19
PVT,7/28/17,14.8,14.9,14.3,14.9,847170,13.28
PVT,7/27/17,14.85,15.2,14.6,14.95,630310,13.33
PVT,7/26/17,14.5,14.95,14.5,14.85,431350,13.24
PVT,7/25/17,14.5,14.55,14.4,14.5,298230,12.92
PVT,7/24/17,14.45,14.5,14.4,14.5,267290,12.92
PVT,7/21/17,14.5,14.5,14,14.45,375820,12.88
PVT,7/20/17,14.8,14.8,14.3,14.5,418210,12.92
PVT,7/19/17,14.6,14.8,14.5,14.75,344880,13.15
PVT,7/18/17,14.8,15,14.4,14.8,373590,13.19
PVT,7/17/17,14.9,15.1,14.8,15,467670,13.37
PVT,7/14/17,15.1,15.1,14.8,15.1,341360,13.46
PVT,7/13/17,15,15.1,14.9,15.1,190680,13.46
PVT,12/7/17,14.85,15.15,14.6,15,403260,13.37
PVT,11/7/17,14.5,15,14.2,15,654020,13.37
PVT,10/7/17,14.6,14.6,14.15,14.4,241050,12.84
PVT,7/7/17,14.6,14.6,14.4,14.55,285620,12.97
PVT,6/7/17,14.4,14.7,14.2,14.5,297880,12.92
PVT,5/7/17,14.4,14.6,14.4,14.6,310720,13.01
PVT,4/7/17,14.6,14.7,14.35,14.55,312760,12.97
PVT,3/7/17,14.95,15,14.5,14.65,614490,13.06
PVT,6/30/17,14.75,14.95,14.75,14.95,324020,13.33
PVT,6/29/17,15,15,14.7,14.85,413690,13.24
PVT,6/28/17,14.9,15,14.65,14.9,1104130,13.28
PVT,6/27/17,14.65,14.85,14.5,14.75,1649000,13.15
PVT,6/26/17,14.4,14.85,14.2,14.65,854390,13.06
PVT,6/23/17,14.25,14.5,14.1,14.45,255820,12.88
PVT,6/22/17,14.15,14.5,14,14.35,492570,12.79
PVT,6/21/17,13.8,14.15,13.7,14.15,828190,12.61
PVT,6/20/17,13.7,14,13.7,14,429500,12.48
PVT,6/19/17,14,14.05,13.8,14,468470,12.48
PVT,6/16/17,13.85,14,13.7,14,375910,12.48
PVT,6/15/17,13.5,14.05,13.5,13.95,1177900,12.43
PVT,6/14/17,13.4,13.75,13.3,13.75,1288030,12.26
PVT,6/13/17,13.25,13.35,13.1,13.35,578590,11.9
PVT,12/6/17,13.15,13.25,13.1,13.25,489970,11.81
PVT,9/6/17,13.2,13.25,13.1,13.15,279800,11.72
PVT,8/6/17,12.95,13.25,12.9,13.2,680910,11.77
PVT,7/6/17,13.1,13.15,12.9,13.05,443680,11.63
PVT,6/6/17,12.9,13.25,12.8,13.15,857960,11.72
PVT,5/6/17,13.25,13.25,12.85,12.9,318720,11.5
PVT,2/6/17,13.3,13.3,12.95,13.25,383620,11.81
PVT,1/6/17,13.5,13.5,13.1,13.4,474050,11.94
PVT,5/31/17,13.3,13.7,12.95,13.4,776180,11.94
PVT,5/30/17,13.4,13.4,13.1,13.15,1407830,11.72
PVT,5/29/17,13.8,14.4,13.6,14.25,2255170,11.81
PVT,5/26/17,13.85,14.05,13.65,13.7,877710,11.35
PVT,5/25/17,14,14,13.8,14,552320,11.6
PVT,5/24/17,14.1,14.2,13.75,13.9,886760,11.52
PVT,5/23/17,13.4,14.15,13.4,13.95,2442100,11.56
PVT,5/22/17,13.2,13.3,13.05,13.25,890300,10.98
PVT,5/19/17,13.1,13.15,13,13,674520,10.77
PVT,5/18/17,13.2,13.35,13.1,13.1,811250,10.86
PVT,5/17/17,12.95,13.1,12.9,13.05,292510,10.82
PVT,5/16/17,13.3,13.4,13.1,13.1,849870,10.86
PVT,5/15/17,13.15,13.25,13,13.2,810380,10.94
PVT,12/5/17,12.8,13.2,12.8,13.1,986140,10.86
PVT,11/5/17,12.75,12.9,12.75,12.85,408460,10.65
PVT,10/5/17,12.8,12.9,12.7,12.85,509470,10.65
PVT,9/5/17,12.8,12.9,12.6,12.85,780350,10.65
PVT,8/5/17,12.7,12.7,12.5,12.5,522640,10.36
PVT,5/5/17,12.55,12.7,12.5,12.7,298600,10.53
PVT,4/5/17,12.8,12.85,12.5,12.65,562420,10.48
PVT,3/5/17,12.7,12.85,12.65,12.8,387440,10.61
PVT,4/28/17,12.85,12.95,12.65,12.7,749280,10.53
PVT,4/27/17,12.9,13.05,12.85,12.95,325750,10.73
PVT,4/26/17,12.8,12.9,12.8,12.8,326250,10.61
PVT,4/25/17,12.65,12.9,12.65,12.8,315840,10.61
PVT,4/24/17,12.7,12.8,12.65,12.7,400080,10.53
PVT,4/21/17,12.85,13,12.7,12.7,469280,10.53
PVT,4/20/17,12.9,13.1,12.85,12.85,271870,10.65
PVT,4/19/17,13,13.2,13,13.1,175430,10.86
PVT,4/18/17,12.85,13.25,12.6,13.2,1119100,10.94
PVT,4/17/17,13.1,13.3,12.85,12.85,557600,10.65
PVT,4/14/17,13.5,13.5,13,13.1,826500,10.86
PVT,4/13/17,13.15,13.8,13.15,13.6,1635660,11.27
PVT,12/4/17,13.2,13.35,13.1,13.3,1130990,11.02
PVT,11/4/17,13.4,13.4,13.2,13.25,1110530,10.98
PVT,10/4/17,13.1,13.4,13.05,13.3,1499970,11.02
PVT,7/4/17,12.95,13.1,12.75,13.05,1061990,10.82
PVT,5/4/17,13,13.1,12.85,12.85,728700,10.65
PVT,4/4/17,12.75,13.15,12.6,13.05,1085500,10.82
PVT,3/4/17,12.8,12.9,12.7,12.7,246390,10.53
PVT,3/31/17,13,13.05,12.75,12.8,393040,10.61
PVT,3/30/17,12.6,13,12.6,13,843060,10.77
PVT,3/29/17,12.5,12.6,12.4,12.6,568000,10.44
PVT,3/28/17,12.6,12.7,12.5,12.5,375910,10.36
PVT,3/27/17,12.55,12.7,12.55,12.65,700110,10.48
PVT,3/24/17,12.7,12.8,12.5,12.6,875270,10.44
PVT,3/23/17,12.8,12.8,12.65,12.7,570580,10.53
PVT,3/22/17,12.85,12.85,12.65,12.8,1132230,10.61
PVT,3/21/17,13.1,13.1,12.85,12.9,875690,10.69
PVT,3/20/17,13.35,13.4,13,13.05,942710,10.82
PVT,3/17/17,13.3,13.35,13,13,4782370,10.77
PVT,3/16/17,12.95,13.25,12.95,13.25,1367930,10.98
PVT,3/15/17,12.75,12.95,12.75,12.95,277160,10.73
PVT,3/14/17,12.8,12.95,12.65,12.85,271390,10.65
PVT,3/13/17,12.5,12.8,12.5,12.8,458060,10.61
PVT,10/3/17,12.7,12.9,12.55,12.7,743820,10.53
PVT,9/3/17,12.95,13,12.85,12.95,302890,10.73
PVT,8/3/17,12.9,13.2,12.85,13,490160,10.77
PVT,7/3/17,12.9,13.1,12.8,12.95,862290,10.73
PVT,6/3/17,12.8,13,12.75,12.8,503780,10.61
PVT,3/3/17,12.45,13.1,12.45,12.95,647220,10.73
PVT,2/3/17,12.5,12.55,12.3,12.55,545370,10.4
PVT,1/3/17,12.5,12.5,12.3,12.3,511860,10.19
PVT,2/28/17,12.7,12.7,12.3,12.3,587810,10.19
PVT,2/27/17,12.7,12.9,12.5,12.7,624680,10.53
PVT,2/24/17,13.05,13.2,12.9,12.9,386700,10.69
PVT,2/23/17,13.3,13.3,13,13.2,801770,10.94
PVT,2/22/17,13.4,13.5,13.25,13.4,800020,11.11
PVT,2/21/17,13.45,13.55,13.3,13.3,668250,11.02
PVT,2/20/17,13.25,13.45,13.2,13.4,554150,11.11
PVT,2/17/17,13.25,13.35,13.1,13.35,426760,11.06
PVT,2/16/17,13.55,13.55,13.15,13.2,684830,10.94
PVT,2/15/17,13.25,13.45,13.1,13.45,674620,11.15
PVT,2/14/17,13.3,13.35,13,13.25,812680,10.98
PVT,2/13/17,13,13.4,12.9,13.4,1130150,11.11
PVT,10/2/17,13,13.05,12.9,12.9,487130,10.69
PVT,9/2/17,12.7,13,12.6,13,764890,10.77
PVT,8/2/17,12.5,12.8,12.5,12.6,661840,10.44
PVT,7/2/17,12.45,12.5,12.35,12.5,541450,10.36
PVT,6/2/17,12.5,12.6,12.4,12.45,755880,10.32
PVT,3/2/17,12.5,12.5,12.2,12.5,427910,10.36
PVT,2/2/17,12.1,12.5,12.1,12.4,451030,10.28
PVT,1/25/17,12.1,12.15,11.95,12.1,149460,10.03
PVT,1/24/17,11.8,12.15,11.8,12.1,215180,10.03
PVT,1/23/17,11.9,12,11.85,11.85,175740,9.82
PVT,1/20/17,11.95,12,11.85,11.9,123540,9.86
PVT,1/19/17,12.05,12.05,11.85,11.85,169140,9.82
PVT,1/18/17,12,12.1,11.9,12.05,205860,9.99
PVT,1/17/17,11.95,12.1,11.95,12.1,259800,10.03
PVT,1/16/17,12.05,12.1,11.9,12.05,379140,9.99
PVT,1/13/17,11.9,12.1,11.85,12,321070,9.95
PVT,12/1/17,11.9,12,11.8,12,208740,9.95
PVT,11/1/17,11.75,11.95,11.65,11.8,300330,9.78
PVT,10/1/17,11.9,12,11.75,11.75,250490,9.74
PVT,9/1/17,11.8,12,11.8,11.9,194080,9.86
PVT,6/1/17,12,12.1,11.85,11.85,255850,9.82
PVT,5/1/17,12.15,12.15,11.9,11.9,133330,9.86
PVT,4/1/17,11.8,12.25,11.8,12,276790,9.95
PVT,3/1/17,12.1,12.1,11.6,12.1,404180,10.03
PVT,12/30/16,11.8,11.8,11.6,11.6,136720,9.61
PVT,12/29/16,11.7,11.85,11.65,11.8,141130,9.78
PVT,12/28/16,11.8,11.8,11.65,11.8,189770,9.78
PVT,12/27/16,11.7,11.85,11.65,11.8,160130,9.78
PVT,12/26/16,11.9,11.9,11.6,11.85,364210,9.82
PVT,12/23/16,11.85,11.9,11.75,11.9,199990,9.86
PVT,12/22/16,12,12,11.75,11.9,226230,9.86
PVT,12/21/16,12,12,11.75,12,296970,9.95
PVT,12/20/16,11.85,12,11.75,11.95,388960,9.9
PVT,12/19/16,11.9,12.3,11.85,12,266070,9.95
PVT,12/16/16,11.3,11.85,11.25,11.85,401950,9.82
PVT,12/15/16,11.5,11.5,11.2,11.25,490930,9.32
PVT,12/14/16,11.6,11.6,11.4,11.5,428740,9.53
PVT,12/13/16,11.75,11.85,11.5,11.5,376930,9.53
PVT,12/12/16,12,12.05,11.7,11.75,236330,9.74
PVT,9/12/16,12,12,11.65,11.9,306900,9.86
PVT,8/12/16,12,12,11.75,11.95,609120,9.9
PVT,7/12/16,11.8,12,11.8,12,389680,9.95
PVT,6/12/16,12,12.05,11.8,12,596380,9.95
PVT,5/12/16,12.2,12.4,12.1,12.1,277900,10.03
PVT,2/12/16,12.5,12.5,12.3,12.3,344670,10.19
PVT,1/12/16,12.45,12.8,12.4,12.4,1056850,10.28
PVT,11/30/16,12,12.1,11.7,12.05,427790,9.99
PVT,11/29/16,12.35,12.4,11.9,12,534290,9.95
PVT,11/28/16,12.1,12.3,12,12.3,376280,10.19
PVT,11/25/16,12.3,12.3,12,12.3,645070,10.19
PVT,11/24/16,12.4,12.5,12.3,12.3,312930,10.19
PVT,11/23/16,12.7,12.75,12.45,12.45,274330,10.32
PVT,11/22/16,12.4,12.7,12.35,12.7,567230,10.53
PVT,11/21/16,12.3,12.35,12.15,12.3,322950,10.19
PVT,11/18/16,12.35,12.4,12.1,12.15,326100,10.07
PVT,11/17/16,12.45,12.5,12.35,12.35,185790,10.24
PVT,11/16/16,12.45,12.55,12.35,12.45,436470,10.32
PVT,11/15/16,12.3,12.45,12.3,12.4,305100,10.28
PVT,11/14/16,12.55,12.55,12.3,12.3,315470,10.19
PVT,11/11/16,12.6,12.75,12.45,12.7,236250,10.53
PVT,10/11/16,12.6,12.85,12.4,12.5,763330,10.36
PVT,9/11/16,12.3,12.3,11.75,12.3,903690,10.19
PVT,8/11/16,12.5,12.5,12.3,12.3,485460,10.19
PVT,7/11/16,12.4,12.5,12.15,12.5,368780,10.36
PVT,4/11/16,12.25,12.5,12.15,12.25,503890,10.15
PVT,3/11/16,12.2,12.2,11.75,12.2,1196520,10.11
PVT,2/11/16,12.5,12.8,12.3,12.3,393690,10.19
PVT,1/11/16,12.9,12.9,12.2,12.75,631190,10.57
PVT,10/31/16,13.1,13.4,12.9,13.1,283320,10.86
PVT,10/28/16,13.4,13.5,13.3,13.4,196270,11.11
PVT,10/27/16,13.5,13.55,13,13.3,755910,11.02
PVT,10/26/16,13.55,13.75,13.3,13.5,299780,11.19
PVT,10/25/16,13.8,13.8,13.55,13.7,345360,11.35
PVT,10/24/16,14,14,13.65,13.8,271070,11.44
PVT,10/21/16,14,14,13.8,13.9,173870,11.52
PVT,10/20/16,14.1,14.1,13.85,14,336920,11.6
PVT,10/19/16,13.8,14.1,13.8,14.1,484770,11.69
PVT,10/18/16,13.75,13.9,13.7,13.8,459820,11.44
PVT,10/17/16,14.05,14.05,13.8,13.8,339850,11.44
PVT,10/14/16,14.05,14.15,13.9,14.05,551800,11.64
PVT,10/13/16,14,14.15,13.6,14.15,626950,11.73
PVT,12/10/16,13.9,13.95,13.7,13.9,580830,11.52
PVT,11/10/16,14.2,14.2,13.6,13.95,929010,11.56
PVT,10/10/16,14.3,14.3,14.05,14.1,261220,11.69
PVT,7/10/16,14.25,14.35,14.05,14.3,567520,11.85
PVT,6/10/16,13.95,14.3,13.9,14.05,609130,11.64
PVT,5/10/16,14.15,14.3,13.85,13.95,786900,11.56
PVT,4/10/16,14.25,14.3,13.95,14,1270340,11.6
PVT,3/10/16,14.45,14.45,14.3,14.3,754890,11.85
PVT,9/30/16,14.65,14.65,14.35,14.45,1381350,11.98
PVT,9/29/16,14.8,14.9,14.5,14.65,2337060,12.14
PVT,9/28/16,14.25,14.4,14.15,14.35,769530,11.89
PVT,9/27/16,14,14.3,13.95,14.25,1403720,11.81
PVT,9/26/16,14.3,14.4,13.85,14,1576630,11.6
PVT,9/23/16,14.4,14.55,14.25,14.4,700400,11.93
PVT,9/22/16,14.8,14.8,14.45,14.45,974080,11.98
PVT,9/21/16,14.3,14.7,14.2,14.7,2809250,12.18
PVT,9/20/16,14.65,14.85,14.3,14.65,1254340,12.14
PVT,9/19/16,13.8,14.3,13.7,14.3,780660,11.85
PVT,9/16/16,13.2,13.5,13.15,13.4,10449660,11.11
PVT,9/15/16,13.4,13.7,13.3,13.3,1289730,11.02
PVT,9/14/16,13.1,13.6,13.1,13.6,329700,11.27
PVT,9/13/16,13.5,13.7,12.8,13.5,829960,11.19
PVT,12/9/16,13.6,14,13.5,13.5,864150,11.19
PVT,9/9/16,14.8,14.8,14.5,14.5,316500,12.02
PVT,8/9/16,14.6,14.8,14.4,14.8,627640,12.27
PVT,7/9/16,14.3,14.5,14.3,14.5,686940,12.02
PVT,6/9/16,14.4,14.5,14.2,14.3,247690,11.85
PVT,5/9/16,14.7,14.7,14.3,14.3,610140,11.85
PVT,1/9/16,14.6,14.8,14.4,14.6,435370,12.1
PVT,8/31/16,14.5,14.8,14.5,14.6,462820,12.1
PVT,8/30/16,14.2,14.6,14.2,14.5,554540,12.02
PVT,8/29/16,14.7,14.8,14.4,14.4,535040,11.93
PVT,8/26/16,15,15.1,14.7,14.8,396510,12.27
PVT,8/25/16,14.2,14.9,14.2,14.9,843120,12.35
PVT,8/24/16,16.3,16.4,16.2,16.2,683760,11.6
PVT,8/23/16,16.2,16.4,16.1,16.4,522630,11.75
PVT,8/22/16,16.5,16.5,16.2,16.3,475980,11.67
PVT,8/19/16,16.5,16.5,16.2,16.5,758370,11.82
PVT,8/18/16,17,17,16.4,16.4,1077310,11.75
PVT,8/17/16,16.7,17,16.4,16.8,1228820,12.03
PVT,8/16/16,16.2,16.6,16.2,16.5,1580680,11.82
PVT,8/15/16,15.9,16.2,15.9,16.1,605440,11.53
PVT,12/8/16,15.8,15.9,15.7,15.9,774390,11.39
PVT,11/8/16,15.5,15.8,15.5,15.7,433070,11.24
PVT,10/8/16,15.2,15.9,15.1,15.5,1856720,11.1
PVT,9/8/16,15,15.3,15,15.2,901720,10.89
PVT,8/8/16,15,15.1,14.8,15,589230,10.74
PVT,5/8/16,14.6,15,14.6,14.9,700150,10.67
PVT,4/8/16,15.1,15.3,14.8,15,731280,10.74
PVT,3/8/16,14.4,15,14.2,15,1113380,10.74
PVT,2/8/16,15.2,15.3,14.4,14.5,1671030,10.39
PVT,1/8/16,15.5,15.5,14.8,15.4,721100,11.03
PVT,7/29/16,15.5,15.5,15.3,15.3,625950,10.96
PVT,7/28/16,15.2,15.6,15,15.5,840040,11.1
PVT,7/27/16,15.2,15.4,15.1,15.2,901560,10.89
PVT,7/26/16,14.4,15.2,14.4,15.2,1428410,10.89
PVT,7/25/16,14.3,14.6,14.1,14.6,710550,10.46
PVT,7/22/16,14.5,14.5,13.9,14.4,1278630,10.31
PVT,7/21/16,14.3,14.6,14.2,14.5,678970,10.39
PVT,7/20/16,14.5,14.5,14.2,14.4,682560,10.31
PVT,7/19/16,14.6,14.6,14.3,14.6,1463760,10.46
PVT,7/18/16,14.3,14.5,14.2,14.5,844550,10.39
PVT,7/15/16,14.3,14.3,13.9,14.2,1061890,10.17
PVT,7/14/16,14.4,14.5,14.1,14.2,582490,10.17
PVT,7/13/16,14.6,14.9,14.3,14.4,735400,10.31
PVT,12/7/16,13.9,14.5,13.9,14.5,885180,10.39
PVT,11/7/16,14.6,14.7,14,14,973150,10.03
PVT,8/7/16,14.9,14.9,14.5,14.7,1486110,10.53
PVT,7/7/16,14.6,15,14.6,14.9,1983830,10.67
PVT,6/7/16,13.8,14.5,13.5,14.2,1200890,10.17
PVT,5/7/16,13.9,14.2,13.8,13.8,1916770,9.88
PVT,4/7/16,14.2,14.3,14,14,1280700,10.03
PVT,1/7/16,13.8,14.3,13.8,14.2,1723080,10.17
PVT,6/30/16,14.1,14.5,13.8,13.8,1168690,9.88
PVT,6/29/16,12.9,13.8,12.9,13.8,2509280,9.88
PVT,6/28/16,12.7,13,12.7,12.9,732280,9.24
PVT,6/27/16,12.8,13,12.5,12.9,719970,9.24
PVT,6/24/16,13,13.1,12.1,12.9,1634090,9.24
PVT,6/23/16,12.9,13.1,12.9,13,958900,9.31
PVT,6/22/16,12.9,13.2,12.8,13,624260,9.31
PVT,6/21/16,13,13.2,13,13,385610,9.31
PVT,6/20/16,12.8,13.2,12.6,13.2,1025750,9.45
PVT,6/17/16,12.9,13,12.4,12.4,3034300,8.88
PVT,6/16/16,12.6,13.1,12.6,12.9,1017910,9.24
PVT,6/15/16,12.8,13.1,12.7,13,1042750,9.31
PVT,6/14/16,12.8,13,12.8,12.9,1000460,9.24
PVT,6/13/16,12.9,13.1,12.9,13,1600930,9.31
PVT,10/6/16,13.1,13.2,13,13.1,1124480,9.38
PVT,9/6/16,13.2,13.3,13.1,13.1,792150,9.38
PVT,8/6/16,13.3,13.4,13,13.2,1535470,9.45
PVT,7/6/16,13,13.3,12.9,13,1427630,9.31
PVT,6/6/16,12.8,13,12.7,12.9,598030,9.24
PVT,3/6/16,13.1,13.2,12.9,12.9,836760,9.24
PVT,2/6/16,12.9,13.2,12.8,13.2,1102700,9.45
PVT,1/6/16,13,13.3,12.8,12.9,992010,9.24
PVT,5/31/16,12.5,13,12.4,13,2683180,9.31
PVT,5/30/16,12.1,12.5,12.1,12.4,1222310,8.88
PVT,5/27/16,12.2,12.3,12.1,12.2,481440,8.74
PVT,5/26/16,12.3,12.4,12.1,12.2,820520,8.74
PVT,5/25/16,12.3,12.5,12.1,12.4,1009770,8.88
PVT,5/24/16,11.8,12.4,11.8,12.3,1293870,8.81
PVT,5/23/16,11.9,12,11.7,11.8,690770,8.45
PVT,5/20/16,11.9,12.1,11.8,11.9,778180,8.52
PVT,5/19/16,11.9,12.2,11.9,11.9,1196460,8.52
PVT,5/18/16,12.2,12.3,11.8,12.1,1956290,8.67
PVT,5/17/16,11.7,12.2,11.6,12.2,3487530,8.74
PVT,5/16/16,11.5,11.7,11.4,11.6,1391800,8.31
PVT,5/13/16,11.6,11.7,11.4,11.4,1483010,8.16
PVT,12/5/16,11.7,11.8,11.5,11.6,558130,8.31
PVT,11/5/16,11.5,11.7,11.4,11.7,1483370,8.38
PVT,10/5/16,11,11.6,11,11.5,1992800,8.24
PVT,9/5/16,11.2,11.3,11,11.2,1031170,8.02
PVT,6/5/16,11.4,11.4,11.1,11.1,1092970,7.95
PVT,5/5/16,11.5,11.6,11.3,11.4,1045330,8.16
PVT,4/5/16,11.3,11.5,11.2,11.4,1619190,8.16
PVT,4/29/16,11,11.6,11,11.4,2855790,8.16
PVT,4/28/16,11.2,11.3,11,11,973440,7.88
PVT,4/27/16,11.2,11.4,10.9,11.1,2054220,7.95
PVT,4/26/16,10.7,11.1,10.6,11.1,2667620,7.95
PVT,4/25/16,10.8,10.9,10.6,10.7,841650,7.66
PVT,4/22/16,10.7,10.8,10.6,10.8,1087740,7.74
PVT,4/21/16,10.6,10.8,10.5,10.6,1534560,7.59
PVT,4/20/16,10.5,10.7,10.4,10.5,1335440,7.52
PVT,4/19/16,10.5,10.6,10.3,10.4,951010,7.45
PVT,4/15/16,10.7,10.8,10.6,10.6,885300,7.59
PVT,4/14/16,10.6,10.8,10.6,10.7,743490,7.66
PVT,4/13/16,10.7,11,10.7,10.7,1702020,7.66
PVT,12/4/16,10.5,11,10.4,10.7,3735170,7.66
PVT,11/4/16,10.4,10.6,10.3,10.5,1431620,7.52
PVT,8/4/16,10.4,10.4,10.2,10.3,807540,7.38
PVT,7/4/16,10.6,10.6,10.3,10.4,901270,7.45
PVT,6/4/16,10.3,10.5,10.2,10.4,711000,7.45
PVT,5/4/16,10,10.3,10,10.3,660540,7.38
PVT,4/4/16,10.1,10.3,10,10.1,1114770,7.23
PVT,1/4/16,10.3,10.4,10.2,10.2,820940,7.31
PVT,3/31/16,10.5,10.5,10.3,10.3,1932110,7.38
PVT,3/30/16,10.4,10.6,10.3,10.5,1427030,7.52
PVT,3/29/16,10.7,10.7,10.4,10.4,1301130,7.45
PVT,3/28/16,10.6,10.8,10.4,10.7,1303930,7.66
PVT,3/25/16,10.4,10.5,10.3,10.5,949800,7.52
PVT,3/24/16,10.6,10.7,10.4,10.4,864960,7.45
PVT,3/23/16,10.5,10.7,10.5,10.6,735400,7.59
PVT,3/22/16,10.6,10.6,10.3,10.5,1040520,7.52
PVT,3/21/16,10.7,10.8,10.5,10.5,943630,7.52
PVT,3/18/16,11,11,10.7,10.8,819600,7.74
PVT,3/17/16,10.9,11.1,10.9,10.9,1673410,7.81
PVT,3/16/16,10.6,10.8,10.6,10.7,1359130,7.66
PVT,3/15/16,10.8,10.9,10.5,10.6,1077470,7.59
PVT,3/14/16,10.5,11.1,10.4,10.9,3526530,7.81
PVT,11/3/16,10.4,10.6,10.3,10.4,1934050,7.45
PVT,10/3/16,10.4,10.5,10.3,10.3,1596780,7.38
PVT,9/3/16,10.2,10.4,10.2,10.2,487470,7.31
PVT,8/3/16,10.6,10.7,10.3,10.4,1405690,7.45
PVT,7/3/16,10.4,10.8,10.3,10.4,2490550,7.45
PVT,4/3/16,10.2,10.3,10.1,10.2,884030,7.31
PVT,3/3/16,10.2,10.4,10.2,10.2,739850,7.31
PVT,2/3/16,10.2,10.4,10.1,10.3,1227260,7.38
PVT,1/3/16,10.1,10.3,10,10.2,998870,7.31
PVT,2/29/16,10.1,10.2,10,10.1,562020,7.23
PVT,2/26/16,10.2,10.2,10,10.1,338490,7.23
PVT,2/25/16,10.1,10.5,9.9,10.1,1577220,7.23
PVT,2/24/16,9.9,10.1,9.8,10.1,1071840,7.23
PVT,2/23/16,10.4,10.4,9.9,10,1631720,7.16
PVT,2/22/16,9.8,10.4,9.8,10.3,2773370,7.38
PVT,2/19/16,9.8,10,9.8,9.8,629630,7.02
PVT,2/18/16,9.8,10,9.7,9.9,1277270,7.09
PVT,2/17/16,9.8,9.8,9.6,9.6,841690,6.88
PVT,2/16/16,9.8,9.9,9.6,9.8,633400,7.02
PVT,2/15/16,9.6,9.7,9.5,9.6,463330,6.88
PVT,5/2/16,9.6,9.8,9.6,9.8,248600,7.02
PVT,4/2/16,9.8,9.8,9.6,9.6,469560,6.88
PVT,3/2/16,9.4,9.7,9.2,9.5,1524570,6.8
PVT,2/2/16,9.7,9.9,9.6,9.7,784560,6.95
PVT,1/2/16,10.2,10.3,9.9,10,869790,7.16
PVT,1/29/16,10,10.3,9.9,10.2,1954940,7.31
PVT,1/28/16,9.9,10.1,9.7,9.7,1727250,6.95
PVT,1/27/16,9.6,9.9,9.4,9.7,1668210,6.95
PVT,1/26/16,9.4,9.7,9.2,9.3,1019640,6.66
PVT,1/25/16,9.3,9.6,9.3,9.6,948690,6.88
PVT,1/22/16,8.8,9,8.5,9,1981730,6.45
PVT,1/21/16,8.5,8.8,8.5,8.5,727970,6.09
PVT,1/20/16,9,9.1,8.7,8.7,1059580,6.23
PVT,1/19/16,9,9.1,8.8,9.1,811030,6.52
PVT,1/18/16,9,9,8.8,8.8,1784240,6.3
PVT,1/15/16,9.7,9.8,9.3,9.4,757240,6.73
PVT,1/14/16,9.8,9.8,9.6,9.7,492110,6.95
PVT,1/13/16,9.9,10.2,9.8,9.8,739140,7.02
PVT,12/1/16,9.6,9.9,9.6,9.9,666770,7.09
PVT,11/1/16,9.7,9.9,9.7,9.7,459820,6.95
PVT,8/1/16,10,10,9.8,9.9,523200,7.09
PVT,7/1/16,10.1,10.2,9.9,10,1177290,7.16
PVT,6/1/16,10.1,10.5,10,10.4,982820,7.45
PVT,5/1/16,10,10.2,10,10.1,696520,7.23
PVT,4/1/16,10.1,10.4,9.9,10.1,970490,7.23